-- phpMyAdmin SQL Dump
-- version 3.4.5
-- http://www.phpmyadmin.net
--
-- Host: localhost
-- Generation Time: Jul 08, 2012 at 10:04 AM
-- Server version: 5.5.8
-- PHP Version: 5.3.5

SET SQL_MODE="NO_AUTO_VALUE_ON_ZERO";
SET time_zone = "+00:00";


/*!40101 SET @OLD_CHARACTER_SET_CLIENT=@@CHARACTER_SET_CLIENT */;
/*!40101 SET @OLD_CHARACTER_SET_RESULTS=@@CHARACTER_SET_RESULTS */;
/*!40101 SET @OLD_COLLATION_CONNECTION=@@COLLATION_CONNECTION */;
/*!40101 SET NAMES utf8 */;

--
-- Database: `cotton`
--

-- --------------------------------------------------------

--
-- Table structure for table `access_level`
--

CREATE TABLE IF NOT EXISTS `access_level` (
  `id` int(10) NOT NULL AUTO_INCREMENT,
  `level_name` varchar(50) NOT NULL,
  `description` text NOT NULL,
  `indicator` varchar(100) NOT NULL,
  `management_type` varchar(20) NOT NULL,
  PRIMARY KEY (`id`)
) ENGINE=InnoDB  DEFAULT CHARSET=latin1 AUTO_INCREMENT=14 ;

--
-- Dumping data for table `access_level`
--

INSERT INTO `access_level` (`id`, `level_name`, `description`, `indicator`, `management_type`) VALUES
(2, 'Data Entry Clerk', 'Users with this access level can only manage their patients and making orders for new drugs', 'data_entry', ''),
(3, 'Logistics/Transport Manager', '', 'logistics_manager', ''),
(4, 'Cashier', '', 'cashier', ''),
(5, 'Weighbridge Clerk', '', 'weighbrigde_clerk', ''),
(6, 'Management', '', 'management', ''),
(7, 'System Administrator', 'Users with this access level can perform all administrative duties in the system', 'system_administrator', ''),
(8, 'Cash Transactions Supervisor', '', 'cash_supervisor', ''),
(9, 'Purchase Transactions Supervisor', '', 'purchases_supervisor', ''),
(10, 'Input Disbursements Supervisor', '', 'inputs_supervisor', ''),
(11, 'General Supervisor', '', 'general_supervisor', ''),
(12, 'Accounting Manager', '', 'management', 'chief_accountant');

-- --------------------------------------------------------

--
-- Table structure for table `agent`
--

CREATE TABLE IF NOT EXISTS `agent` (
  `id` int(10) NOT NULL AUTO_INCREMENT,
  `agent_code` varchar(20) NOT NULL,
  `first_name` varchar(50) NOT NULL,
  `surname` varchar(50) NOT NULL,
  `national_id` varchar(50) NOT NULL,
  `deleted` varchar(1) NOT NULL DEFAULT '0',
  PRIMARY KEY (`id`)
) ENGINE=InnoDB DEFAULT CHARSET=latin1 AUTO_INCREMENT=1 ;

-- --------------------------------------------------------

--
-- Table structure for table `agent_input_issue`
--

CREATE TABLE IF NOT EXISTS `agent_input_issue` (
  `Id` int(10) NOT NULL AUTO_INCREMENT,
  `delivery_note_number` varchar(100) NOT NULL,
  `date` varchar(15) NOT NULL,
  `farm_input` varchar(10) NOT NULL,
  `quantity` varchar(10) NOT NULL,
  `total_value` varchar(15) NOT NULL,
  `season` varchar(10) NOT NULL,
  `timestamp` varchar(32) NOT NULL,
  `agent` varchar(10) NOT NULL,
  `batch` varchar(10) NOT NULL,
  `batch_status` varchar(5) NOT NULL DEFAULT '0',
  PRIMARY KEY (`Id`)
) ENGINE=InnoDB  DEFAULT CHARSET=latin1 AUTO_INCREMENT=14 ;

--
-- Dumping data for table `agent_input_issue`
--

INSERT INTO `agent_input_issue` (`Id`, `delivery_note_number`, `date`, `farm_input`, `quantity`, `total_value`, `season`, `timestamp`, `agent`, `batch`, `batch_status`) VALUES
(1, '220', '04/11/2012', '2', '20', '16000', '2012', '1333820445', '3', '', '0'),
(2, '522', '04/06/2012', '3', '20', '12000', '2012', '1333821150', '3', '', '0'),
(3, '88565', '04/04/2012', '3', '20', '12000', '2012', '1333829206', '3', '', '0'),
(4, '88565', '04/04/2012', '2', '10', '8000', '2012', '1333829206', '3', '', '0'),
(5, '232323', '04/18/2012', '3', '300', '195000', '2012', '1334761488', '3', '', '0'),
(6, '123456', '04/18/2012', '2', '200', '140000', '2012', '1334761463', '3', '', '0'),
(7, '232323', '04/18/2012', '2', '30', '21000', '2012', '1334761488', '3', '', '0'),
(8, '851', '05/10/2012', '3', '200', '140000', '2012', '1336812008', '3', '', '0'),
(9, '851', '05/10/2012', '3', '200', '140000', '2012', '1336812280', '3', '9', '0'),
(10, '851', '05/10/2012', '8', '300', '1500000', '2012', '1336812280', '3', '9', '0'),
(12, '89556', '05/25/2012', '3', '10000', '7000000', '2012', '1336813097', '4', '9', '0'),
(13, '40', '07/01/2012', '1', '10', '', '2012', '1341128015', '3', '64', '0');

-- --------------------------------------------------------

--
-- Table structure for table `area`
--

CREATE TABLE IF NOT EXISTS `area` (
  `id` int(10) NOT NULL AUTO_INCREMENT,
  `area_code` varchar(20) NOT NULL,
  `area_name` varchar(100) NOT NULL,
  `region` varchar(20) NOT NULL,
  PRIMARY KEY (`id`)
) ENGINE=InnoDB DEFAULT CHARSET=latin1 AUTO_INCREMENT=1 ;

-- --------------------------------------------------------

--
-- Table structure for table `buyer`
--

CREATE TABLE IF NOT EXISTS `buyer` (
  `id` int(10) NOT NULL AUTO_INCREMENT,
  `buyer_code` varchar(100) NOT NULL,
  `name` varchar(100) NOT NULL,
  `national_id` varchar(30) NOT NULL,
  `phone_number` varchar(30) NOT NULL,
  `deleted` varchar(1) NOT NULL DEFAULT '0',
  PRIMARY KEY (`id`)
) ENGINE=InnoDB  DEFAULT CHARSET=latin1 AUTO_INCREMENT=553 ;

--
-- Dumping data for table `buyer`
--

INSERT INTO `buyer` (`id`, `buyer_code`, `name`, `national_id`, `phone_number`, `deleted`) VALUES
(1, '', 'Abdallah Makale', '', '0785 016586', '0'),
(2, '', 'Jeremiah Masanja', '', '0782-369732', '0'),
(3, '', 'Nini Mlyasele', '', '784536321', '0'),
(4, '', 'Shadrack Lubala', '', '786543880', '0'),
(5, '', 'Kilangi Ng''honge Busule', '', '0688-625372', '0'),
(6, '', 'Mahusi Mkono', '', '0782-885331', '0'),
(7, '', 'Shiwa Masunga', '', '0787-906105', '0'),
(8, '', 'Samwel Mitanda', '', '0784-485514', '0'),
(9, '', 'Salama Rajabu', '', '0684 549394', '0'),
(10, '', 'Juma Ngili ', '', '0782-285835', '0'),
(11, '', 'Nyenye Mboje', '', '0786-856203', '0'),
(12, '', 'Joseph Nanai', '', '0787 057859', '0'),
(13, '', 'Paul M. John ', '', '0786-328271', '0'),
(14, '', 'Abdalah Mchele', '', '0782-622713', '0'),
(15, '', 'Dotto Kulwa', '', '0686-206030', '0'),
(16, '', 'Deus Kuzenza ', '', '0765-179127', '0'),
(17, '', 'Sabona  Lumba ', '', '0782-504017', '0'),
(18, '', 'Samwel Bundala', '', '0789-004810', '0'),
(19, '', 'John S. mageta ', '', '0686-540302', '0'),
(20, '', 'Masala Tukawia ', '', '0784-838182', '0'),
(21, '', 'Joseph Vitus', '', '0782 422959', '0'),
(22, '', 'Mtemi Halawa', '', '0688-888219', '0'),
(23, '', 'Shiwa Masala', '', '0788 663593', '0'),
(24, '', 'Samwel Genge', '', '0785-899056', '0'),
(25, '', 'Daud Gulinja', '', '0782 639797', '0'),
(26, '', 'Gambo Bozigo', '', '0686-548277', '0'),
(27, '', 'Sayi Maduhu', '', '0786 650910', '0'),
(28, '', 'Timotheo Abel', '', '0789-920871', '0'),
(29, '', 'Nyemba Mswahili', '', '0782-444293', '0'),
(30, '', 'Masala Kibyala', '', '0783-71118', '0'),
(31, '', 'Joyce Mbosela', '', '0687 621432', '0'),
(32, '', 'Paul Marko', '', '0686-069994', '0'),
(33, '', 'Msafiri Wilson', '', '0687-308129', '0'),
(34, '', 'Ezekieli Mpempa', '', '0754-930099', '0'),
(35, '', 'Joseph Mhuly', '', '0682-778092', '0'),
(36, '', 'Pilly Mgeta', '', '782498638', '0'),
(37, '', 'Juma Mahindula', '', '0786 064580', '0'),
(38, '', 'Edward Sayi Kebuye ', '', '0766-179128', '0'),
(39, '', 'Isack Timotheo', '', '0687-300197', '0'),
(40, '', 'Ngussa John ', '', '0783-107802', '0'),
(41, '', 'Fabian Machunde', '', '0787 057876', '0'),
(42, '', 'Zacharia Kalebo', '', '0684-035888', '0'),
(43, '', 'Mangu Ngusa', '', '0684-614754', '0'),
(44, '', 'Dony Ngongo', '', '0787 539949', '0'),
(45, '', ' Lameck Maduhu', '', '0683-599319', '0'),
(46, '', 'Harun Masunga', '', '0786 209011', '0'),
(47, '', 'Mtiga Malewa', '', '0782 944728', '0'),
(48, '', 'Silas Gilya', '', '0785 604427', '0'),
(49, '', 'Nyaga Ntogwa', '', '0788-846804', '0'),
(50, '', 'Pius N.Budito ', '', '0686-619275', '0'),
(51, '', 'Aron Maduhu ', '', '0752-863808', '0'),
(52, '', 'Sayi Mahunga', '', '0785-894678', '0'),
(53, '', 'James Sahani ', '', '0687-300738', '0'),
(54, '', 'Leonard Masunga ', '', '0784-348169', '0'),
(55, '', 'Daniel  Mhogi ', '', '0689-311520', '0'),
(56, '', 'Nkandi ashambuli', '', '0683-897554', '0'),
(57, '', 'Ndaturu  Maduhu', '', '0788-843470', '0'),
(58, '', 'Kija Pauline', '', '0766-232165', '0'),
(59, '', 'Kiyaya Lutema', '', 'via 0786940728', '0'),
(60, '', 'Njile Zanzibar', '', '0789-524505', '0'),
(61, '', 'Gamaya Saine ', '', '0682-145665', '0'),
(62, '', 'Luhende Samwel', '', '0687-483020', '0'),
(63, '', 'Mashauri Delya ', '', '0686-741226', '0'),
(64, '', 'Sitta Malimi', '', '0683-063687', '0'),
(65, '', 'Paul Lugembe', '', '0685 050154', '0'),
(66, '', 'Jinge  Bangili ', '', '0782-531835', '0'),
(67, '', 'Willian   lugata', '', '0786-101785', '0'),
(68, '', 'Lameck John', '', '0782-838505', '0'),
(69, '', 'Susa Lukuba', '', '0788-577927', '0'),
(70, '', 'Timoth Shagembe ', '', '0762-176793', '0'),
(71, '', 'Nyanjige Kaibonile', '', '', '0'),
(72, '', 'Mona Nambawani', '', '0786 562236', '0'),
(73, '', 'Emanueli Ndamo', '', '0683-1804', '0'),
(74, '', 'Njile Mswahili', '', '0789-876109', '0'),
(75, '', 'Emanuel maduhu', '', '0682-689372', '0'),
(76, '', 'Gushaha paul', '', '0785-608548', '0'),
(77, '', 'Mwandamo Sagata', '', '0789-169490', '0'),
(78, '', 'Ntuga Yabulula', '', '0682-145665', '0'),
(79, '', 'Manoni Bakari', '', '0784-495634', '0'),
(80, '', 'Masunga Lyabunosi', '', '0784-169015', '0'),
(81, '', 'Maduhu Mange', '', '0784-386158', '0'),
(82, '', 'Sayi Nsuzi', '', '0684-907522', '0'),
(83, '', 'Emmanuel Ndamo', '', '0683-015711', '0'),
(84, '', 'Rebeca Magege', '', '0786 757087', '0'),
(85, '', 'Mussa Buluda', '', '0788 067471', '0'),
(86, '', 'Lucia Mchenya', '', '0682-213041', '0'),
(87, '', 'Masanja Nghomano', '', '0683-180417', '0'),
(88, '', 'Matanga Nteba', '', '0782-161431', '0'),
(89, '', 'Maduhu Sungwa', '', '0786-216236', '0'),
(90, '', 'Manyenye Gilayi', '', '0787 534909', '0'),
(91, '', 'Ndilanha Maduhu', '', '782361511', '0'),
(92, '', 'Nsulwa Ng''wenda Nila', '', '0785-832374', '0'),
(93, '', 'Masunga Magese', '', '0786 366380', '0'),
(94, '', 'Sitta Saguda', '', 'O688101968', '0'),
(95, '', 'Mahila Polini', '', '686506372', '0'),
(96, '', 'Shenye Kulwa', '', '0688-802626', '0'),
(97, '', 'Ngwesa Joram', '', '0783-405167', '0'),
(98, '', 'Daniel Zunzu', '', '0785-717672', '0'),
(99, '', 'Sharolyn Ogola', '', '', '0'),
(100, '', 'Bembele Misangu', '', '0782-639459', '0'),
(101, '', 'Pagi Gwalugwa ', '', '0784-131191', '0'),
(102, '', 'Petro Ikina', '', '0785-907082', '0'),
(103, '', 'Ndhila Kabinza', '', '0785-539441', '0'),
(104, '', 'Matondo Lushulope', '', '0687-499740', '0'),
(105, '', 'Michael Isomba', '', '0785-717592', '0'),
(106, '', 'Litina Sumaku', '', '0784-282667', '0'),
(107, '', 'Jeremia Igembe', '', '0769-226767', '0'),
(108, '', 'Shinje Mithayo ', '', '0784-842218', '0'),
(109, '', 'Emmanuel Kulwa', '', '0686-353737', '0'),
(110, '', 'Baraka Gilya', '', '0755206748', '0'),
(111, '', 'Emmanuel Lugata', '', '0782-646440', '0'),
(112, '', 'Lucas Bulunguti', '', '0752-202549', '0'),
(113, '', 'Enos Bulengedi', '', 'O768910837', '0'),
(114, '', 'William Lubuguso', '', '0683-015670', '0'),
(115, '', 'Maduhu Nyanda', '', '0684-480150', '0'),
(116, '', 'Ng''hoyelwa Kabole', '', '0688-752095', '0'),
(117, '', 'Edward Robert', '', '0688-124576', '0'),
(118, '', 'Philipho Nganyanga', '', '0782-010692', '0'),
(119, '', 'Lenga Chapati', '', '0754-403251', '0'),
(120, '', 'Samwel Shenya Nyandulu', '', '0688-653357', '0'),
(121, '', 'Zazule Rukwa', '', '0783-721562', '0'),
(122, '', 'Kidana k. Mkahabula', '', '0788-885379', '0'),
(123, '', 'Japhet Paul', '', '0789-610510', '0'),
(124, '', 'Malamala', '', '0782 353664', '0'),
(125, '', 'Masalu Nchimani', '', '0788-921100', '0'),
(126, '', 'Amedeo Japhet', '', '0769-112336', '0'),
(127, '', 'Masanja Lucas', '', '0782-295298', '0'),
(128, '', 'Nana Charles', '', '0786-614269', '0'),
(129, '', 'Magile Maduhu', '', '0788-420477', '0'),
(130, '', 'Samwel Manyama', '', '0782-132421', '0'),
(131, '', 'Masunga Elius', '', '0787-368466', '0'),
(132, '', 'Ng''holongo Magondi', '', '0784-318184', '0'),
(133, '', 'Charles Sylvester', '', '0785-009977', '0'),
(134, '', 'Nyema Ngunila', '', '0688-723561', '0'),
(135, '', 'Masunga Ligi', '', '0787-606456', '0'),
(136, '', 'Salu Mahuma', '', '0787-605716', '0'),
(137, '', 'Ngusa Elias', '', '0786-366963', '0'),
(138, '', 'Minza Babili', '', '0687-703851', '0'),
(139, '', 'Charles Amede', '', '0785 893904', '0'),
(140, '', 'Juma Mlinda', '', '0685-226585', '0'),
(141, '', 'Dadu Ng''hingi', '', '0683-221858', '0'),
(142, '', 'Joseph Sangija', '', '0786-587423', '0'),
(143, '', 'Kasuka Mbelenge', '', '0786-000139', '0'),
(144, '', 'Oseka Kija', '', '0687-709291', '0'),
(145, '', 'Flora Magazi', '', '0788 202598', '0'),
(146, '', 'Mabele Lubegesa', '', '0688-761724', '0'),
(147, '', 'Ngwesa Ng''holongo', '', '0786-391279', '0'),
(148, '', 'Nigo Imbala', '', '0682-609844', '0'),
(149, '', 'Helen Maduhu', '', '0766 260303', '0'),
(150, '', 'Dindai Hangi', '', '0686-056504', '0'),
(151, '', 'Ncheye Ndongo', '', '0682-213727', '0'),
(152, '', 'John Kahindi', '', '0682-879585', '0'),
(153, '', 'Jackson Sandu', '', '0785-831816', '0'),
(154, '', 'William Joseph', '', '0788368021', '0'),
(155, '', 'Salumu Magembe', '', '0684478307', '0'),
(156, '', 'Ndulu Masunga', '', '0789673491', '0'),
(157, '', 'Tony Tuja Masunga', '', '0785-676658', '0'),
(158, '', 'Samson Lambo', '', '0782-090612', '0'),
(159, '', 'Mayenga Makoye', '', '0687-495516', '0'),
(160, '', 'Masunga Maduhu', '', '0782 233791', '0'),
(161, '', 'Buluda Hazina', '', '0789 748801', '0'),
(162, '', 'Safari Maduhu Kigo', '', '0689-822011', '0'),
(163, '', 'Magesa Nyamogo', '', '0684-252022', '0'),
(164, '', 'John Mlekela', '', '0789-165844', '0'),
(165, '', 'Karani Shanda', '', '0787-606456', '0'),
(166, '', 'Buluma mbeho', '', '0765-509351', '0'),
(167, '', 'Chanila Ndongo', '', '0789-740851', '0'),
(168, '', 'Gilya Doi', '', '0688-761436', '0'),
(169, '', 'Masunga Kabipa', '', '0783-809844', '0'),
(170, '', 'Gundo Makelele', '', '0755 646107', '0'),
(171, '', 'Rahael Methusela', '', '0784 426294', '0'),
(172, '', 'Masunga Joseph', '', 'via 0752-533422', '0'),
(173, '', 'John Sospeter', '', '0786-416107', '0'),
(174, '', 'Momose Singisi ', '', '0789-730097', '0'),
(175, '', 'John Masubata', '', '0684 618444', '0'),
(176, '', 'Danis Muanda', '', '0786-684962', '0'),
(177, '', 'Lameck Kibula', '', '0788-350642', '0'),
(178, '', 'Nagunwa Welliah', '', '0789 508606', '0'),
(179, '', 'Kelle Matelesi', '', '0687-606765', '0'),
(180, '', 'Shenye B. Kanuda', '', '0787-242386', '0'),
(181, '', 'Mangalu Goromondo', '', '0786-614219', '0'),
(182, '', 'Maduhu Lulyalya', '', '0785 713180', '0'),
(183, '', 'Sazu Charles', '', 'via 0784-704278', '0'),
(184, '', 'Samwel Fumbuka', '', '0788-923877', '0'),
(185, '', 'Saguda B. Masweko', '', '0785-030021', '0'),
(186, '', 'Mbusi Manweke', '', '0783-405061', '0'),
(187, '', 'Yakobo Peter', '', '0683-015036', '0'),
(188, '', 'Prica Jackson', '', 'O784936880', '0'),
(189, '', 'Richard Simon', '', '0759-535479', '0'),
(190, '', 'Sindano Sayi', '', '0684-127292', '0'),
(191, '', 'Kulwa Nigo', '', '0686-506590', '0'),
(192, '', 'Dotto Robert', '', '0782-014655', '0'),
(193, '', 'Lameck Charles', '', '0683-593906', '0'),
(194, '', 'Ngulu Kulwa', '', '0688-664347', '0'),
(195, '', 'Sungwa Maduhu', '', '0787 272552', '0'),
(196, '', 'Alex Madaha', '', '0787-159836', '0'),
(197, '', 'Anthony Matonange', '', '0682-011557', '0'),
(198, '', 'Constantine Deus', '', '0787-535210', '0'),
(199, '', 'Dominic M. Makwaya', '', '0681-125566', '0'),
(200, '', 'Elias Dutu', '', '0783-021217', '0'),
(201, '', 'Elias Ngaliga', '', '0787-649933', '0'),
(202, '', 'Emmanuel John Mipawa', '', '0785-948376', '0'),
(203, '', 'Jacob Ntelezu', '', '0786-798537', '0'),
(204, '', 'Lameck Majigwa', '', '0756-602724', '0'),
(205, '', 'Masalu Ibayi', '', '0682-308273', '0'),
(206, '', 'Maximilian P. Lugandu', '', '0682-868386', '0'),
(207, '', 'Ntelezu Kamata', '', '0785-902192', '0'),
(208, '', 'Peter Suli', '', '0785-769714', '0'),
(209, '', 'Philemon Kija', '', '0683-848828', '0'),
(210, '', 'Triphone Luhende ', '', '0682-916229', '0'),
(211, '', 'Yegela Ng''wigulu', '', '0685-222350', '0'),
(212, '', 'Zakaya Kuyela', '', '0785-743334', '0'),
(213, '', 'Deus Daniel', '', '', '0'),
(214, '', 'Jonas Mhalala', '', '0682-023584', '0'),
(215, '', 'Mwika Mwinadi', '', '0684-379955', '0'),
(216, '', 'Mola Msabila', '', '0789-681434', '0'),
(217, '', 'Emanuel Sambuli', '', '0782-326093', '0'),
(218, '', 'Peter Aloyce', '', '', '0'),
(219, '', 'Alfred Jani ', '', '0783-148144', '0'),
(220, '', 'Bavon Kunyara', '', '0783 008081', '0'),
(221, '', 'Clement Kasuka', '', '0787 639420', '0'),
(222, '', 'Robert Numberone', '', '0782 598700', '0'),
(223, '', 'Joyce Sengerema', '', '0782 324024', '0'),
(224, '', 'Paul Shigela', '', '0786 645159', '0'),
(225, '', 'Costantine Patrick', '', '0682748327', '0'),
(226, '', 'Mpelwa Mahuma', '', '0686 222232', '0'),
(227, '', 'Mussa G.Mboje', '', '0786 610149', '0'),
(228, '', 'Daudi Zakaria', '', '0785950729', '0'),
(229, '', 'Anthony Charles Ng''h', '', '0682-079820', '0'),
(230, '', 'Benedicto Bundala', '', '0684-136735', '0'),
(231, '', 'Daud P. Katenya', '', '0789-156618', '0'),
(232, '', 'John Kahena', '', '0756-867897', '0'),
(233, '', 'Masalu Joseph Maguta', '', '0683-538571', '0'),
(234, '', 'Mayila Y. Lugata', '', '0756-858219', '0'),
(235, '', 'Mwandu Konda Magima', '', '0787-405871', '0'),
(236, '', 'Nicholaus Machebulila', '', '0758-889483', '0'),
(237, '', 'Pastory Mayala', '', '0786-764944', '0'),
(238, '', 'Peter Lunyilija', '', '0787-043165', '0'),
(239, '', 'Reuben Ndundumi', '', '0685-310544', '0'),
(240, '', 'Senga Kaswahili', '', '0786-489526', '0'),
(241, '', 'Shilai George', '', '0686-524674', '0'),
(242, '', 'Emmanuel Yusuf', '', '0682-267446', '0'),
(243, '', 'Malagila Suzani', '', '0787 234400', '0'),
(244, '', 'Manyangu Samson', '', '0785 713677', '0'),
(245, '', 'Mariana Joseph', '', '0782 695814', '0'),
(246, '', 'Ngagi Maduhu', '', '0785 874857', '0'),
(247, '', 'Dotto Juma', '', '0783 579552', '0'),
(248, '', 'Magret Paul', '', '0787 141922', '0'),
(249, '', 'Kulwa Majige', '', '0756253346', '0'),
(250, '', 'Joseph Lugata', '', '073 812720', '0'),
(251, '', 'Victor J.Sumuni', '', '0784501226', '0'),
(252, '', 'Neema Makoye', '', '0685 057569', '0'),
(253, '', 'Yadona Magunano', '', '0785681235', '0'),
(254, '', 'Celestine Seni', '', '0766575273', '0'),
(255, '', 'Tuma Mayala', '', '0782750440', '0'),
(256, '', 'Juma Masanja', '', '0682941778', '0'),
(257, '', 'Grayson Mfungo', '', '0784 344475', '0'),
(258, '', 'Kulwa N. Sayi', '', '0785 749014', '0'),
(259, '', 'Maimuna Nzoya', '', '0764 494167', '0'),
(260, '', 'Benjamin Edward', '', '0782674788', '0'),
(261, '', 'Johnson Kafaransa', '', '0782 639797', '0'),
(262, '', 'Abel Lufunga', '', '0765-323475', '0'),
(263, '', 'Balele James', '', '0757-934472', '0'),
(264, '', 'Boniface Sango', '', '0787-057007', '0'),
(265, '', 'Daud Lugata ', '', '0759-223390', '0'),
(266, '', 'Deus Charles', '', '0762-053456', '0'),
(267, '', 'Didas Julius', '', '0783-422055', '0'),
(268, '', 'DOMINIC CLEMENT LUPASHA', '', '0753-735888', '0'),
(269, '', 'Elikana Mponeja', '', '0756-356216', '0'),
(270, '', 'Emanuel Aron', '', '0789-638003', '0'),
(271, '', 'Emanuel Richard', '', '0786-307087', '0'),
(272, '', 'Emanuel S. Mileka', '', '0759-507960', '0'),
(273, '', 'Fabian C. Manala', '', '0766-905025', '0'),
(274, '', 'Fabian K. Ntunga', '', '0782-413820', '0'),
(275, '', 'Fortunatus Lameck', '', '0686-322669', '0'),
(276, '', 'GAMAYA M. SALEHE ', '', '0785-438053', '0'),
(277, '', 'Jackson C. Mazinge', '', '0782-014303', '0'),
(278, '', 'JAMES MALUGU ', '', '0752-204835', '0'),
(279, '', 'JAMES YAGARUKA ', '', '0757-435959', '0'),
(280, '', 'John Mazala Mabuga ', '', '0784-554844', '0'),
(281, '', 'JULIANA MSHALI ', '', '0756-667629', '0'),
(282, '', 'JUMA KANA ', '', '0787-618880', '0'),
(283, '', 'JUSTUS SOSPETER', '', '0759-309671', '0'),
(284, '', 'Kefa Kadama', '', '0786-308042', '0'),
(285, '', 'Kishiwa Kimbili', '', '0786-025327', '0'),
(286, '', 'KULWA PAUL ', '', '0782-201463', '0'),
(287, '', 'Kusekwa kasanga', '', '0787-791052', '0'),
(288, '', 'LUCAS DUNIA ', '', '0787-828338', '0'),
(289, '', 'Maendeleo Petro', '', '0763-511698', '0'),
(290, '', 'Makoye Maduhu', '', '0785-474150', '0'),
(291, '', 'Malimi Lazaro Dotto', '', '0786-221724', '0'),
(292, '', 'Masome Ngumbu', '', '0686-874205', '0'),
(293, '', 'Mayala Lunenula ', '', '0785-662154', '0'),
(294, '', 'Mayunga mashauri', '', '0763-780056', '0'),
(295, '', 'Methusela Enock', '', '0764-441296', '0'),
(296, '', 'MUSA ABEL ', '', '0765-506704', '0'),
(297, '', 'MUSA COSMAS', '', '0682-279522', '0'),
(298, '', 'MUSA EZEKIEL GULALA', '', '0784-678353', '0'),
(299, '', 'MWIKA WILLIAM NILLA ', '', '0756-300794', '0'),
(300, '', 'Ng''wanza Petro', '', '0754-819402', '0'),
(301, '', 'Pauline Lugoye', '', '0763-635584', '0'),
(302, '', 'PETER NGOROMA', '', '0783-209167', '0'),
(303, '', 'Philip Deus Isama', '', '0689-890075', '0'),
(304, '', 'Sospeter  Kusekwa ', '', '0682-691717', '0'),
(305, '', 'Yohana Mtalasi', '', '0762-766223', '0'),
(306, '', 'John Kyega Mabeyo', '', '0769-093061', '0'),
(307, '', 'Rahel mathayo', '', '0784 768441', '0'),
(308, '', 'Masunga Mageni', '', '0786 659085', '0'),
(309, '', 'James Charles', '', '0688 792902', '0'),
(310, '', 'Simon Yona', '', '0782 371230', '0'),
(311, '', 'Kishiwa Nkimbili', '', '0786 025327', '0'),
(312, '', 'Emmanuel Kalam', '', '0788 688102', '0'),
(313, '', 'Nehemiah Kaswahili', '', '0766 557600', '0'),
(314, '', 'Salome Mango', '', '0769 162375', '0'),
(315, '', 'Constantine Mitego', '', '0783 966153', '0'),
(316, '', 'Makoye Daud', '', 'O684412608', '0'),
(317, '', 'Mabula Maduhu', '', '0782 464916', '0'),
(318, '', 'Amos Abel', '', '0755 782045', '0'),
(319, '', 'Paul Ombok', '', '0762 461659', '0'),
(320, '', 'Sita Mathias', '', '0785 153631', '0'),
(321, '', 'Pasaka Samson', '', '0683 418104', '0'),
(322, '', 'Manase Ombok', '', '0787 815404  /0768 128476', '0'),
(323, '', 'Kapale Pesa', '', '0682 876672', '0'),
(324, '', 'Grace Aloyce', '', '0785 213322', '0'),
(325, '', 'Abdallah Michele', '', '0782622713', '0'),
(326, '', 'Anna James', '', '0787 595533', '0'),
(327, '', 'Lameck Ombok', '', '0764 997803', '0'),
(328, '', 'Makoye Masunga', '', '0787 366324', '0'),
(329, '', 'Fungo Tandu ', '', '0786-031182', '0'),
(330, '', 'Samson Lameck Nungwana ', '', '0763-029748', '0'),
(331, '', 'Charles Timotheo', '', '0786-299204', '0'),
(332, '', 'Christopher George', '', '0765-536013', '0'),
(333, '', 'Donard Shilinde', '', '0716-994453', '0'),
(334, '', 'Dotto Ngwisu', '', '0759-787375', '0'),
(335, '', 'Erasto Kazungu', '', '0755-712135', '0'),
(336, '', 'Gabuli Gimbui', '', '', '0'),
(337, '', 'George Ngasa', '', '0686-246299', '0'),
(338, '', 'James Daud', '', '0783-231575', '0'),
(339, '', 'John Pastory', '', '0782-524049', '0'),
(340, '', 'Joseph Luhende', '', '0688-475960', '0'),
(341, '', 'Kunza Nangu', '', '0785-434083', '0'),
(342, '', 'Machembe Ng''weji', '', '0789-745060', '0'),
(343, '', 'Madida Kisanga', '', '0683-543485', '0'),
(344, '', 'Mahona Kisena', '', '0769-903425', '0'),
(345, '', 'Malimi Seni', '', '0786-346564', '0'),
(346, '', 'Malisha Elias', '', '0688-880409', '0'),
(347, '', 'Marco Jilugalila', '', '0786-886226', '0'),
(348, '', 'Masala Malugu', '', '0785-400125', '0'),
(349, '', 'Mataifa G. Mwandu', '', '0681-037258', '0'),
(350, '', 'Mathias Ng''wengela', '', '0789-947775', '0'),
(351, '', 'Michael Ntagala', '', '0758-195779', '0'),
(352, '', 'Milingwa Bungogo', '', '0686-214127', '0'),
(353, '', 'Msafiri Kasembe', '', '0754-940683', '0'),
(354, '', 'Musa E. Yemba', '', '0785-843083', '0'),
(355, '', 'Musa Masanja', '', '0786-553662', '0'),
(356, '', 'Mwendapya J. Lubadika', '', '0688-329482', '0'),
(357, '', 'Paul Kingi', '', '0717-456951', '0'),
(358, '', 'Peter Emmanuel Kongwa', '', '0754-975433', '0'),
(359, '', 'Seni Mangoza', '', '0682-029921', '0'),
(360, '', 'Shigela Elias', '', '0785-955819', '0'),
(361, '', 'Shija Milema', '', '0752-178394', '0'),
(362, '', 'Simon Kaji Masanja', '', '0754-920704', '0'),
(363, '', 'Simon Ngasa', '', '0782-363856', '0'),
(364, '', 'Sita Magumba', '', '0688-816525', '0'),
(365, '', 'Thomas Daud', '', '0686-877973', '0'),
(366, '', 'Tungu Yegela', '', '0782-023370', '0'),
(367, '', 'Andrea George', '', '0784-744605', '0'),
(368, '', 'Maria  Kwenu', '', '', '0'),
(369, '', 'Jenni Adam', '', '', '0'),
(370, '', 'Makunga Nswahili', '', '0787 227385', '0'),
(371, '', 'Juliana Ngugagu', '', '', '0'),
(372, '', 'John Enock', '', '0786494502', '0'),
(373, '', 'Nyaga Tongwa', '', '', '0'),
(374, '', 'Emmanuel Nyambalya', '', '0785 412523', '0'),
(375, '', 'Boke Mkela', '', '', '0'),
(376, '', 'Mathias Martine', '', '0782 361534', '0'),
(377, '', 'Nzengo Mashenene', '', '', '0'),
(378, '', 'Martine Charles', '', '0787 619035', '0'),
(379, '', 'Tizila Magege', '', '0782 693133', '0'),
(380, '', 'Yunge Bulula', '', '0658 807617', '0'),
(381, '', 'Medad K. Sumaku', '', '0785 403097', '0'),
(382, '', 'Juma Mikembo', '', '0712122583', '0'),
(383, '', 'Richard John', '', '0764545557', '0'),
(384, '', 'Jane John Samwel', '', '0787 721050', '0'),
(385, '', 'John Japhet', '', '0682 253860', '0'),
(386, '', 'Hilili Joseph', '', '0786939750', '0'),
(387, '', 'Sekwa John', '', '0688098271', '0'),
(388, '', 'Emmanuel Mahembo', '', '', '0'),
(389, '', 'Kwiyega Chandika', '', '0782 902544', '0'),
(390, '', 'Zacharlia Hallu', '', '0782 721238', '0'),
(391, '', 'Juma Sangarari', '', '0753677082', '0'),
(392, '', 'Betha Mihangwa', '', '0785715009', '0'),
(393, '', 'Sambayi Somi', '', '0686238318', '0'),
(394, '', 'Cephugen Kisija', '', '0782898205', '0'),
(395, '', 'Ester Fokanya', '', '', '0'),
(396, '', 'Andrew P.Ottaru', '', '0784612707', '0'),
(397, '', 'Daniel Zunzu', '', '0785 717672', '0'),
(398, '', 'Yusuf Matonange', '', '', '0'),
(399, '', 'Jeremia Lernard', '', '0682003291', '0'),
(400, '', 'Walwa Gilya', '', '0682 680680', '0'),
(401, '', 'Ngaliga Mihano', '', '0759728706', '0'),
(402, '', 'Kazimili Immanuel', '', '0784 704870', '0'),
(403, '', 'Henry mwifa', '', '0786199446', '0'),
(404, '', 'Alfred Burugu', '', '0785665620', '0'),
(405, '', 'Regina Vedastus', '', '0787 077942', '0'),
(406, '', 'Joseph Makenzi', '', '0755364520', '0'),
(407, '', 'Matoti Cliford', '', '', '0'),
(408, '', 'Matondo Nhandi', '', '', '0'),
(409, '', 'Robert Mihayo', '', '0782033044', '0'),
(410, '', 'Mayunga Budede', '', '0683 884251', '0'),
(411, '', 'Abel Sospeter', '', '0782 761820', '0'),
(412, '', 'Masatu Abdalla', '', '0782 014378', '0'),
(413, '', 'Jerad Kingi', '', '0688763766', '0'),
(414, '', 'Faustine Bizuru', '', '0759656157', '0'),
(415, '', 'Andrew Bukwimba', '', '0783 639683', '0'),
(416, '', 'Amos Ndula Magaka', '', '0783-143574', '0'),
(417, '', 'Athanas B. Joseph', '', '0787-092447', '0'),
(418, '', 'Edward Dohoyi Mashauri', '', '0682-758197', '0'),
(419, '', 'George Gwalugwa', '', '0686-246258', '0'),
(420, '', 'Jeremiah Matango', '', '0785-349836', '0'),
(421, '', 'Jeremiah Nchoma', '', '0788-895653', '0'),
(422, '', 'Joseph Reuben', '', '0782-401634', '0'),
(423, '', 'Justus Timotheo', '', '0682-068980', '0'),
(424, '', 'Lugoga Kija', '', '', '0'),
(425, '', 'Mabula Kihanda', '', '0782-361364', '0'),
(426, '', 'Magulu Yanga Sayi', '', '0786-684844', '0'),
(427, '', 'Malumba Maiga', '', '0687-580286', '0'),
(428, '', 'Musa Daud', '', '0787-851638', '0'),
(429, '', 'Mwandu Sehemu', '', '0684-342878', '0'),
(430, '', 'Ndongo Mahama', '', '0685-213349', '0'),
(431, '', 'Nganga Kwilabya', '', '0684-030283', '0'),
(432, '', 'Nkinda Njile', '', '0782-558392', '0'),
(433, '', 'Nsiya Mwandu', '', '0785-582382', '0'),
(434, '', 'Ntugi Kidiga', '', '0784-167181', '0'),
(435, '', 'Nyenge Kidiga', '', '0787-364614', '0'),
(436, '', 'Richard Nyaga', '', '0786-819960', '0'),
(437, '', 'Zengo Peter Sangi', '', '0789-067499', '0'),
(438, '', 'Mussa Sospeter', '', '0786 927704', '0'),
(439, '', 'Emanuel Nhalange', '', '0788-343447', '0'),
(440, '', 'Sekeyi Kabote', '', '0764 781454', '0'),
(441, '', 'Nseka Katondo', '', '0782 404417', '0'),
(442, '', 'Masunga Mabeyo', '', 'O782 428464', '0'),
(443, '', 'Amos Kaloya', '', '0754 250585', '0'),
(444, '', 'Nyangi Mshali', '', '0785 713677', '0'),
(445, '', 'Agness Magile', '', '0683 884251', '0'),
(446, '', 'Nila Ngwangwa', '', '', '0'),
(447, '', 'Pascal Tayari', '', '0785 601994', '0'),
(448, '', 'Mbilize Saguda', '', '0782 277545', '0'),
(449, '', 'Njile Mayanzi', '', '0786 573295', '0'),
(450, '', 'George Makoye', '', '0688 779824', '0'),
(451, '', 'Samson Chabwas', '', '0786 325474', '0'),
(452, '', 'Pascla Henga', '', '0754 013459', '0'),
(453, '', 'Masale Kiduta', '', '', '0'),
(454, '', 'Emmanuel Magege', '', '0785 434599', '0'),
(455, '', 'Ramadhan Rajabu', '', '0784 436700', '0'),
(456, '', 'Boniphace Machumu', '', '0784-878224', '0'),
(457, '', 'Julius M. Mung''au', '', '0685-204429', '0'),
(458, '', 'Lucas Nyamachoya', '', '0756-845848', '0'),
(459, '', 'Marcus Ochola', '', '0786-581891', '0'),
(460, '', 'Mazira Chikaka', '', '0789-996679', '0'),
(461, '', 'Misana Hitra', '', '0788-706219', '0'),
(462, '', 'Nyango Masini', '', 'via 0685204429', '0'),
(463, '', 'Shida M. Manyama', '', '0788-127497', '0'),
(464, '', 'Julius Masaki', '', '0782888110', '0'),
(465, '', 'Nyang''hamba Tumaini', '', '0787-077351', '0'),
(466, '', 'Emmanuel Igolekwa', '', '0785429280', '0'),
(467, '', 'Omari Julius', '', '0688697666', '0'),
(468, '', 'Joyce Manjale', '', '0755 248392', '0'),
(469, '', 'James Masunga', '', '0683 725926', '0'),
(470, '', 'Hamisa Malima', '', '0782 717173', '0'),
(471, '', 'Donard James', '', '0784 765938', '0'),
(472, '', 'Dick Bwile', '', '0753 910241', '0'),
(473, '', 'Charles Munduka', '', '0788-920188', '0'),
(474, '', 'Cleophace Nyasalu', '', '0683-202877', '0'),
(475, '', 'Cosmas Mturi ', '', '0782-307307', '0'),
(476, '', 'Emanuel Lutogola', '', '0788-708408', '0'),
(477, '', 'Joseph Matongo Manyika', '', '0787-268461', '0'),
(478, '', 'Kelele D. Robert', '', '0688-803977', '0'),
(479, '', 'Magesa Magabe', '', '0688-082611', '0'),
(480, '', 'Mangasa Mkila', '', '0787-266565', '0'),
(481, '', 'Tito Lubenza', '', '0786-242328', '0'),
(482, '', 'William Makongera', '', '0682-228281', '0'),
(483, '', 'Mossy Maneno', '', '0687374342', '0'),
(484, '', 'Ramadhani Ibrahim Manyori', '', '0786-602506', '0'),
(485, '', 'Eunice Ombok', '', '0789 378357', '0'),
(486, '', 'Mashauri Mushiri', '', '0785 642313', '0'),
(487, '', 'Kihampa Edward', '', '0787 488840', '0'),
(488, '', 'Jacob Luranga', '', '689980774', '0'),
(489, '', 'Deus Bisale', '', '0787 820954', '0'),
(490, '', 'Jackson Sabure', '', '0785905154', '0'),
(491, '', 'Rebecca Erasto', '', '0786 619601', '0'),
(492, '', 'Regina Aloyce', '', '0786 589633', '0'),
(493, '', 'Joseph Nyisalya', '', '0682 255845', '0'),
(494, '', 'Charles Elly', '', '0785833575', '0'),
(495, '', 'Thomas Nduta', '', '0753 317728', '0'),
(496, '', 'Banda Nefa', '', '0784 599177', '0'),
(497, '', 'Alexander Karege', '', '0782-447146', '0'),
(498, '', 'Alfred Mukama', '', '0787-765658', '0'),
(499, '', 'David Masolele', '', '0682-937779', '0'),
(500, '', 'David Stephano', '', '0767-480692', '0'),
(501, '', 'Emanuel Elieza', '', '0785-175559', '0'),
(502, '', 'Gamshini Keshiwa', '', '0787-221175', '0'),
(503, '', 'Godfrey Korogwa', '', '0765-688102', '0'),
(504, '', 'Jacob Ngagayu', '', '0764-540713', '0'),
(505, '', 'James Manyonyi', '', '0782-354308', '0'),
(506, '', 'Jirabi Masika', '', '0754-408419', '0'),
(507, '', 'Jumanne K. Sasi', '', '0782-030916', '0'),
(508, '', 'Kaji Wanjala', '', '0785-382403', '0'),
(509, '', 'Manyama Joseph', '', '0787-286552', '0'),
(510, '', 'Marwa Masalu', '', '0752-748549', '0'),
(511, '', 'Matumizi Yona', '', '0785-158494', '0'),
(512, '', 'Mikwabe Augostino', '', '0753-065102', '0'),
(513, '', 'Mtaya Muyabwiro', '', '0785-236010', '0'),
(514, '', 'Mwanjali Paulo', '', '0682-304255', '0'),
(515, '', 'Paulo Juma', '', '0787-160615', '0'),
(516, '', 'Reuben Malengo Nyambari', '', '0786-218725', '0'),
(517, '', 'Sebastian Paul', '', '0769-672756', '0'),
(518, '', 'Sengo Kabengwe', '', '0757-821886', '0'),
(519, '', 'Gweso Mabembele', '', '0785-766595', '0'),
(520, '', 'Kilesa Barichela', '', '0687-118608', '0'),
(521, '', 'Magembe Mbizo', '', '0784-721128', '0'),
(522, '', 'Mwita Werema', '', '0686-535111', '0'),
(523, '', 'Neema Safari', '', '0782-283538', '0'),
(524, '', 'Thobias Chacha', '', '0789-243278', '0'),
(525, '', 'Josephina N Mera', '', '0765652201', '0'),
(526, '', 'Asaph Edwuasi', '', '0783019209', '0'),
(527, '', 'William Bwire', '', '0787852361', '0'),
(528, '', 'Kitobero Warioba', '', '0757471406', '0'),
(529, '', 'Kizindaro Buyaga', '', '0789156390', '0'),
(530, '', 'Elias Lucas', '', '0686299139', '0'),
(531, '', 'Mboyi K.Emmanuel', '', '0754 654933', '0'),
(532, '', 'Ruth Mashiny', '', '0782704972', '0'),
(533, '', 'Joseph Kafumu', '', '0785 222324', '0'),
(534, '', 'Joyce Bunyinyiga', '', 'O688866554', '0'),
(535, '', 'Jumaine Kazi', '', '', '0'),
(536, '', 'duplicated', '', '', '0'),
(537, '', 'Mtaki Maingu', '', '0687 253799', '0'),
(538, '', 'Wilson Masogilo', '', '', '0'),
(539, '', 'Methusela Benjamin', '', '0767 507757', '0'),
(540, '', 'Rocket Malese', '', '0785717429', '0'),
(541, '', 'Ngwamba Mashamba', '', '0753566422', '0'),
(542, '', 'Chacha Kabondo', '', '0786 636319', '0'),
(543, '', 'Masalu Masunga', '', '', '0'),
(544, '', 'Mary Moren', '', '0686 685893', '0'),
(545, '', 'Joah Mwasi', '', '0784446218', '0'),
(546, '', 'Monica Jackson', '', '0782626711', '0'),
(547, '', 'Jesca D.Omuga', '', '0762217449', '0'),
(548, '', 'Bashir Ahmed', '', '0787 259243', '0'),
(549, '', 'Bonphace Ndege', '', '0686 343577', '0'),
(550, '', 'Kulwa Mati', '', '0765174091', '0'),
(551, '', 'Magige Bhoke', '', '0755428714', '0'),
(552, '', 'ng''anga', '', '', '1');

-- --------------------------------------------------------

--
-- Table structure for table `buying_center_receipt`
--

CREATE TABLE IF NOT EXISTS `buying_center_receipt` (
  `id` int(10) NOT NULL AUTO_INCREMENT,
  `receipt_number` varchar(50) NOT NULL,
  `date` varchar(20) NOT NULL,
  `depot` varchar(10) NOT NULL,
  `amount` varchar(10) NOT NULL,
  `timestamp` varchar(32) NOT NULL,
  `batch` varchar(10) NOT NULL,
  `batch_status` varchar(5) NOT NULL DEFAULT '0',
  PRIMARY KEY (`id`),
  KEY `bc_receipt_depot_index` (`depot`)
) ENGINE=InnoDB DEFAULT CHARSET=latin1 AUTO_INCREMENT=1 ;

-- --------------------------------------------------------

--
-- Table structure for table `cash_disbursement`
--

CREATE TABLE IF NOT EXISTS `cash_disbursement` (
  `id` int(11) NOT NULL AUTO_INCREMENT,
  `cih` varchar(50) NOT NULL,
  `field_cashier` varchar(10) NOT NULL,
  `amount` varchar(20) NOT NULL,
  `date` varchar(20) NOT NULL,
  `batch` varchar(10) NOT NULL,
  `batch_status` varchar(5) NOT NULL DEFAULT '0',
  PRIMARY KEY (`id`)
) ENGINE=InnoDB DEFAULT CHARSET=latin1 AUTO_INCREMENT=1 ;

-- --------------------------------------------------------

--
-- Table structure for table `cash_receipt`
--

CREATE TABLE IF NOT EXISTS `cash_receipt` (
  `id` int(10) NOT NULL AUTO_INCREMENT,
  `receipt_number` varchar(50) NOT NULL,
  `date` varchar(20) NOT NULL,
  `field_cashier` varchar(10) NOT NULL,
  `amount` varchar(10) NOT NULL,
  `timestamp` varchar(32) NOT NULL,
  `batch` varchar(10) NOT NULL,
  `batch_status` varchar(5) NOT NULL DEFAULT '0',
  PRIMARY KEY (`id`)
) ENGINE=InnoDB DEFAULT CHARSET=latin1 AUTO_INCREMENT=1 ;

-- --------------------------------------------------------

--
-- Table structure for table `cotton_price`
--

CREATE TABLE IF NOT EXISTS `cotton_price` (
  `id` int(10) NOT NULL AUTO_INCREMENT,
  `season` varchar(10) NOT NULL,
  `date` varchar(15) NOT NULL,
  `price` varchar(10) NOT NULL,
  PRIMARY KEY (`id`)
) ENGINE=InnoDB DEFAULT CHARSET=latin1 AUTO_INCREMENT=1 ;

-- --------------------------------------------------------

--
-- Table structure for table `dashboard`
--

CREATE TABLE IF NOT EXISTS `dashboard` (
  `id` int(10) NOT NULL AUTO_INCREMENT,
  `dashboard_icon` varchar(100) NOT NULL,
  `dashboard_text` varchar(50) NOT NULL,
  `dashboard_url` varchar(100) NOT NULL,
  `dashboard_tooltip` varchar(100) NOT NULL,
  `description` text NOT NULL,
  `dashboard_id` varchar(100) NOT NULL,
  PRIMARY KEY (`id`)
) ENGINE=InnoDB  DEFAULT CHARSET=latin1 AUTO_INCREMENT=71 ;

--
-- Dumping data for table `dashboard`
--

INSERT INTO `dashboard` (`id`, `dashboard_icon`, `dashboard_text`, `dashboard_url`, `dashboard_tooltip`, `description`, `dashboard_id`) VALUES
(1, '8_48x48.png', 'Register FBG', 'fbg_management/new_fbg', 'Register a new farmer business group', '', ''),
(2, 'tick_48.png', 'Company Setup', 'company_management/setup', 'Modify company data e.g. contacts, e.t.c.', '', ''),
(3, 'warning_48.png', 'Security Log Review', 'log_management/log_review', 'View the security log for all activities', '', ''),
(4, '7_48x48.png', 'Custom Fields', 'field_management/custom_field', '', '', ''),
(5, '20_48x48.png', 'Regional Settings', 'region_management/settings', 'Change Regional Settings', '', ''),
(6, '30_48x48.png', 'Language/Currency', 'system_management/language_or_currency', 'Change the language/currency used', '', ''),
(7, '14_48x48.png', 'View Performance', 'system_management/performance', '', '', ''),
(8, '21_48x48.png', 'View Disbursements', 'disbursement_management/listing', 'View ledger of all disbursements', '', ''),
(9, '8_48x48.png', 'New Disbursement', 'disbursement_management/search_fbg', '', '', ''),
(10, '8_48x48.png', 'Purchases Upload', 'purchase_management/daily_purchases_upload', '', '', ''),
(11, '3_48x48.png', 'Input Returns', 'input_management/input_returns', 'View records of all returned inputs', '', ''),
(12, '21_48x48.png', 'CIH Batches', 'cih_batch_management/view_batches', 'View ledger of CIH batches', '', ''),
(13, '21_48x48.png', 'FPV Batches', 'fpv_batch_management/view_batches', 'View ledger of FPV batches', '', ''),
(14, '30_48x48.png', 'Mopping Payments', 'payment_management/mopping_payments', 'View ledger of all mopping payments', '', ''),
(15, '21_48x48.png', 'Verify Data', 'data_management/verify', '', '', ''),
(16, '3_48x48.png', 'Product Available', 'product_management/total_product_available', 'View summary of products available', '', ''),
(17, '8_48x48.png', 'Generate Routes', 'route_management/generate_routes', 'Generate routes to be used by transporters', '', ''),
(18, '21_48x48.png', 'Area Purchases', 'purchase_management/area_purchases', 'View your area purchases', '', ''),
(19, '16_48x48.png', 'Buyers', 'buyer_management', 'Manage your buyer records', '', ''),
(20, '30_48x48.png', 'Cash Requirements', 'cash_management/cash_requirements', 'View your cash requirements', '', ''),
(21, '4_48x48.png', 'Disb. Reports', 'input_management/disbursement_reports', 'View your disbursements reports', '', ''),
(22, '8_48x48.png', 'Receive Truck', 'truck_management/receive_truck', '', '', ''),
(23, '14_48x48.png', 'Daily Reports', 'report_management/daily_reports', 'View a listing of all your daily reports', '', ''),
(24, '30_48x48.png', 'Daily Tonnage', 'weighbridge_management/daily_tonnage_count', 'View the totals of your daily tonnage', '', ''),
(25, '8_48x48.png', 'Vehicles In', 'weighbridge_management/vehicles_in', '', '', ''),
(26, 'tick_48.png', 'Vehicles Out', 'weighbridge_management/vehicles_out', '', '', ''),
(27, ' 9_48x48.png', 'Print Barcode', 'barcode_management/print_barcode', 'Print barcodes to be used on trucks', '', ''),
(28, '3_48x48.png', 'Region Filter', 'region_management/filter', 'View a region filter', '', 'region_filter_graph'),
(29, '30_48x48.png', 'Weighted Average', 'purchase_management/weighted_average', 'View the calculated weighted average of your purchases', '', 'weighted_average_graph'),
(30, '30_48x48.png', 'Average Price', 'graph_management/average_price', 'View the average price of your purchases', '', 'average_price_graph'),
(32, '4_48x48.png', 'Purchases to Date', 'graph_management/purchases_to_date', 'View and analyze all purchases to date', '', 'purchases_to_date_graph'),
(33, '30_48x48.png', 'Loan Movement', 'graph_management/loan_management', 'View loan movement', '', 'loan_movement_graph'),
(34, '14_48x48.png', 'Area Production', 'graph_management/area_production', 'View and analyze area production', '', 'area_production_graph'),
(64, '21_48x48.png', 'Returns', 'input_management/returns', 'View all input returns', '', ''),
(65, '30_48x48.png', 'Zonal Summaries', 'regional_summaries/view_interface', 'Download Purchase Summaries Per Region', '', 'regional_summaries'),
(66, '8_48x48.png', 'New Batch', 'batch_management/new_batch', '', '', ''),
(67, '21_48x48.png', 'View Batches', 'batch_management/listing', 'View all my batches', '', ''),
(68, '21_48x48.png', 'All Batches', 'batch_management/listing', 'View all system batches', '', ''),
(69, '3_48x48.png', 'Get Weighbridge', 'weighbridge_management/fetch_data', 'Get the Data Recorded at The Weighbridge', '', ''),
(70, '9_48x48.png', 'BC Transactions', 'depot_reports/view_transactions_interface', 'Download All Buying Center Transactions', '', 'depot_transactions');

-- --------------------------------------------------------

--
-- Table structure for table `dashboard_user_right`
--

CREATE TABLE IF NOT EXISTS `dashboard_user_right` (
  `id` int(10) NOT NULL AUTO_INCREMENT,
  `access_level` varchar(10) NOT NULL,
  `dashboard` varchar(10) NOT NULL,
  PRIMARY KEY (`id`)
) ENGINE=InnoDB  DEFAULT CHARSET=latin1 AUTO_INCREMENT=47 ;

--
-- Dumping data for table `dashboard_user_right`
--

INSERT INTO `dashboard_user_right` (`id`, `access_level`, `dashboard`) VALUES
(17, '3', '16'),
(18, '3', '17'),
(19, '3', '18'),
(20, '4', '19'),
(21, '4', '20'),
(22, '4', '21'),
(23, '5', '22'),
(24, '5', '23'),
(25, '5', '24'),
(26, '5', '25'),
(27, '5', '26'),
(28, '5', '27'),
(35, '6', '65'),
(36, '4', '64'),
(37, '2', '66'),
(38, '8', '67'),
(39, '9', '67'),
(40, '10', '67'),
(41, '11', '67'),
(42, '2', '67'),
(44, '7', '68'),
(45, '7', '69'),
(46, '6', '70');

-- --------------------------------------------------------

--
-- Table structure for table `depot`
--

CREATE TABLE IF NOT EXISTS `depot` (
  `id` int(10) NOT NULL AUTO_INCREMENT,
  `depot_code` varchar(20) NOT NULL,
  `depot_name` varchar(100) NOT NULL,
  `buyer` varchar(100) NOT NULL,
  `village` varchar(100) NOT NULL,
  `capacity` varchar(20) NOT NULL,
  `distance` varchar(10) NOT NULL,
  `deleted` varchar(1) NOT NULL DEFAULT '0',
  `fbg` varchar(1) NOT NULL DEFAULT '1',
  `acre_yield` varchar(10) NOT NULL,
  `Acreage` varchar(10) NOT NULL,
  PRIMARY KEY (`id`)
) ENGINE=InnoDB  DEFAULT CHARSET=latin1 AUTO_INCREMENT=649 ;

--
-- Dumping data for table `depot`
--

INSERT INTO `depot` (`id`, `depot_code`, `depot_name`, `buyer`, `village`, `capacity`, `distance`, `deleted`, `fbg`, `acre_yield`, `Acreage`) VALUES
(1, '1', 'Ikungulipu', '1', '59', '', '', '0', '1', '', ''),
(2, '2', 'Inalo', '2', '517', '', '', '0', '1', '', ''),
(3, '3', 'Isagala', '3', '535', '', '', '0', '1', '', ''),
(4, '4', 'Kidula', '4', '28', '', '', '0', '1', '', ''),
(5, '5', 'Kilugala', '5', '133', '', '', '0', '1', '', ''),
(6, '6', 'Kimali', '6', '135', '', '', '0', '1', '', ''),
(7, '7', 'Kinang''weli', '7', '137', '', '', '0', '1', '', ''),
(8, '8', 'Lagangabilili', '8', '157', '', '', '0', '1', '', ''),
(9, '9', 'Lalang''ombe', '', '', '', '', '0', '1', '', ''),
(10, '10', 'Lali', '9', '339', '', '', '0', '1', '', ''),
(11, '11', 'Longalombogo', '10', '162', '', '', '0', '1', '', ''),
(12, '12', 'Lugulu', '11', '166', '', '', '0', '1', '', ''),
(13, '13', 'Madilana', '12', '503', '', '', '0', '1', '', ''),
(14, '14', 'Mahembe', '13', '177', '', '', '0', '1', '', ''),
(15, '15', 'Mhunze', '', '', '', '', '0', '1', '', ''),
(16, '16', 'Migato', '14', '205', '', '', '0', '1', '', ''),
(17, '17', 'Mitobo', '15', '212', '', '', '0', '1', '', ''),
(18, '18', 'Mlimani', '16', '217', '', '', '0', '1', '', ''),
(19, '19', 'Musoma', '', '', '', '', '0', '1', '', ''),
(20, '20', 'Mwabaga', '17', '482', '', '', '0', '1', '', ''),
(21, '21', 'Mwabuyunge', '', '', '', '', '0', '1', '', ''),
(22, '22', 'Mwagimagi', '18', '479', '', '', '0', '1', '', ''),
(23, '23', 'Mwainuzi', '19', '243', '', '', '0', '1', '', ''),
(24, '24', 'Mwakatale', '20', '249', '', '', '0', '1', '', ''),
(25, '25', 'Mwakilangi', '21', '301', '', '', '0', '1', '', ''),
(26, '26', 'Mwalushu', '22', '260', '', '', '0', '1', '', ''),
(27, '27', 'Mwamalizi', '23', '301', '', '', '0', '1', '', ''),
(28, '28', 'Mwamanyangu', '24', '267', '', '', '0', '1', '', ''),
(29, '29', 'Mwamapalala', '', '', '', '', '0', '1', '', ''),
(30, '30', 'Mwamasele', '25', '436', '', '', '0', '1', '', ''),
(31, '31', 'Mwamigagani', '26', '273', '', '', '0', '1', '', ''),
(32, '32', 'Mwamisheni', '27', '389', '', '', '0', '1', '', ''),
(33, '33', 'Mwamnemha', '28', '474', '', '', '0', '1', '', ''),
(34, '34', 'Mwamunhu', '29', '281', '', '', '0', '1', '', ''),
(35, '35', 'Mwanasubi', '30', '282', '', '', '0', '1', '', ''),
(36, '36', 'Mwanhunda', '31', '36', '', '', '0', '1', '', ''),
(37, '37', 'Mwanunui', '32', '300', '', '', '0', '1', '', ''),
(38, '38', 'Ngeme', '33', '336', '', '', '0', '1', '', ''),
(39, '39', 'Ng''hesha', '', '', '', '', '0', '1', '', ''),
(40, '40', 'Ng''hesha Itilima', '34', '465', '', '', '0', '1', '', ''),
(41, '41', 'Ng''homango', '35', '330', '', '', '0', '1', '', ''),
(42, '42', 'Nguno', '36', '456', '', '', '0', '1', '', ''),
(43, '43', 'Ng''wabulugu', '37', '339', '', '', '0', '1', '', ''),
(44, '44', 'Nhobola Bariadi', '38', '344', '', '', '0', '1', '', ''),
(45, '45', 'Nkololo Itilima', '39', '346', '', '', '0', '1', '', ''),
(46, '46', 'Nkoma', '40', '348', '', '', '0', '1', '', ''),
(47, '47', 'Ntagaswa', '41', '434', '', '', '0', '1', '', ''),
(48, '48', 'Nyamalapa', '42', '355', '', '', '0', '1', '', ''),
(49, '49', 'Sagida', '43', '443', '', '', '0', '1', '', ''),
(50, '50', 'Sawida', '44', '389', '', '', '0', '1', '', ''),
(51, '51', 'Shishani', '45', '412', '', '', '0', '1', '', ''),
(52, '52', 'Simiyu', '46', '268', '', '', '0', '1', '', ''),
(53, '53', 'songambele', '47', '389', '', '', '0', '1', '', ''),
(54, '54', 'Suki', '48', '339', '', '', '0', '1', '', ''),
(55, '55', 'Sunzula', '49', '420', '', '', '0', '1', '', ''),
(56, '56', 'Tagawi', '50', '421', '', '', '0', '1', '', ''),
(57, '57', 'Zanzui', '51', '431', '', '', '0', '1', '', ''),
(58, '58', 'Budalabujiga', '52', '531', '', '', '0', '1', '', ''),
(59, '59', 'Bukingwaminzi', '53', '530', '', '', '0', '1', '', ''),
(60, '60', 'Bulolambeshi', '54', '25', '', '', '0', '1', '', ''),
(61, '61', 'Bumera', '55', '27', '', '', '0', '1', '', ''),
(62, '62', 'Bunamala Mbugani', '56', '29', '', '', '0', '1', '', ''),
(63, '63', 'Chinamili', '57', '41', '', '', '0', '1', '', ''),
(64, '64', 'Dasina', '58', '46', '', '', '0', '1', '', ''),
(65, '65', 'Gambasingu ', '59', '50', '', '', '0', '1', '', ''),
(66, '66', 'Gaswa', '60', '53', '', '', '0', '1', '', ''),
(67, '67', 'Habiya', '61', '63', '', '', '0', '1', '', ''),
(68, '68', 'Idoselo', '62', '521', '', '', '0', '1', '', ''),
(69, '69', 'Ikindilo', '63', '78', '', '', '0', '1', '', ''),
(70, '70', 'Isakanghwale', '64', '92', '', '', '0', '1', '', ''),
(71, '71', 'Isengwa', '65', '481', '', '', '0', '1', '', ''),
(72, '72', 'Iseng''wa', '66', '95', '', '', '0', '1', '', ''),
(73, '73', 'Itilima', '67', '97', '', '', '0', '1', '', ''),
(74, '74', 'Itubilo', '68', '99', '', '', '0', '1', '', ''),
(75, '75', 'Kabale mlimani', '69', '108', '', '', '0', '1', '', ''),
(76, '76', 'Kashishi', '70', '117', '', '', '0', '1', '', ''),
(77, '77', 'Laini A', '71', '438', '', '', '0', '1', '', ''),
(78, '78', 'Laini B', '72', '78', '', '', '0', '1', '', ''),
(79, '79', 'Lungwa', '73', '497', '', '', '0', '1', '', ''),
(80, '80', 'Mbogo', '', '', '', '', '0', '1', '', ''),
(81, '81', 'Mwabuki', '74', '234', '', '', '0', '1', '', ''),
(82, '82', 'Mwamakili', '', '', '', '', '0', '1', '', ''),
(83, '83', 'Mwamtani', '75', '280', '', '', '0', '1', '', ''),
(84, '84', 'Mwamungesha', '76', '473', '', '', '0', '1', '', ''),
(85, '85', 'Mwandamo ( Sagata )', '77', '471', '', '', '0', '1', '', ''),
(86, '86', 'Mwandulu', '78', '287', '', '', '0', '1', '', ''),
(87, '87', 'Mwaswale', '79', '311', '', '', '0', '1', '', ''),
(88, '88', 'Mwazimbi', '80', '314', '', '', '0', '1', '', ''),
(89, '89', 'Nanga', '81', '468', '', '', '0', '1', '', ''),
(90, '90', 'Nangale', '82', '320', '', '', '0', '1', '', ''),
(91, '91', 'Nding''ho', '83', '467', '', '', '0', '1', '', ''),
(92, '92', 'Ndoleleji', '84', '437', '', '', '0', '1', '', ''),
(93, '93', 'Ngando', '85', '448', '', '', '0', '1', '', ''),
(94, '94', 'Ng''wabasabi', '86', '464', '', '', '0', '1', '', ''),
(95, '95', 'Ng''walali', '87', '463', '', '', '0', '1', '', ''),
(96, '96', 'Ng''wang''wita', '88', '472', '', '', '0', '1', '', ''),
(97, '97', 'Ng''wanyitange', '89', '333', '', '', '0', '1', '', ''),
(98, '98', 'Ngwaogame', '90', '498', '', '', '0', '1', '', ''),
(99, '99', 'Nkuyu', '91', '394', '', '', '0', '1', '', ''),
(100, '100', 'Ntenga', '92', '350', '', '', '0', '1', '', ''),
(101, '101', 'Nyang''ombe', '', '', '', '', '0', '1', '', ''),
(102, '102', 'Nyantugutu', '93', '339', '', '', '0', '1', '', ''),
(103, '103', 'Pijulu', '94', '449', '', '', '0', '1', '', ''),
(104, '104', 'Sagata', '', '', '', '', '0', '1', '', ''),
(105, '105', 'Sali', '95', '345', '', '', '0', '1', '', ''),
(106, '106', 'sasago', '', '', '', '', '0', '1', '', ''),
(107, '107', 'Senani', '96', '405', '', '', '0', '1', '', ''),
(108, '108', 'Isanga', '97', '93', '', '', '0', '1', '', ''),
(109, '109', 'Bunamhala', '98', '28', '', '', '0', '1', '', ''),
(110, '110', 'Busese', '99', '523', '1.2', '', '0', '1', '', ''),
(111, '111', 'Ditima', '100', '47', '', '', '0', '1', '', ''),
(112, '112', 'Gambosi', '101', '51', '', '', '0', '1', '', ''),
(113, '113', 'Giriku', '102', '59', '', '', '0', '1', '', ''),
(114, '114', 'Guduwi', '103', '60', '', '', '0', '1', '', ''),
(115, '115', 'Ibulyu - Magharibi', '104', '68', '', '', '0', '1', '', ''),
(116, '116', 'Ibulyu - Mashariki', '105', '68', '', '', '0', '1', '', ''),
(117, '117', 'Ikungulyabashashi', '106', '80', '', '', '0', '1', '', ''),
(118, '118', 'Ikungulyambeshi A', '107', '118', '', '', '0', '1', '', ''),
(119, '119', 'Ikungulyambeshi B', '108', '79', '', '', '0', '1', '', ''),
(120, '120', 'Imalilo', '109', '86', '', '', '0', '1', '', ''),
(121, '121', 'Itubukilo', '110', '339', '', '', '0', '1', '', ''),
(122, '122', 'Izunya', '111', '514', '', '', '0', '1', '', ''),
(123, '123', 'Kasoli 1', '112', '118', '', '', '0', '1', '', ''),
(124, '124', 'Kasoli 2', '113', '118', '', '', '0', '1', '', ''),
(125, '125', 'Kidalimanda', '114', '126', '', '', '0', '1', '', ''),
(126, '126', 'Kidinda', '115', '127', '', '', '0', '1', '', ''),
(127, '127', 'Kilalo', '116', '130', '', '', '0', '1', '', ''),
(128, '128', 'Kilulu', '117', '134', '', '', '0', '1', '', ''),
(129, '129', 'Lulayu', '118', '169', '', '', '0', '1', '', ''),
(130, '130', 'Mahaha', '119', '176', '', '', '0', '1', '', ''),
(131, '131', 'Majahida', '120', '178', '', '', '0', '1', '', ''),
(132, '132', 'Mbiti', '', '', '', '', '0', '1', '', ''),
(133, '133', 'Mbugani', '121', '200', '', '', '0', '1', '', ''),
(134, '134', 'Mhango', '122', '202', '', '', '0', '1', '', ''),
(135, '135', 'Miswaki', '123', '211', '', '', '0', '1', '', ''),
(136, '136', 'Mwahalaja', '124', '250', '', '', '0', '1', '', ''),
(137, '137', 'Mwakuzuka(Kilalo  mashariki)', '125', '130', '', '', '0', '1', '', ''),
(138, '138', 'Mwamlapa', '126', '277', '', '', '0', '1', '', ''),
(139, '139', 'Mwanzoya', '127', '301', '', '', '0', '1', '', ''),
(140, '140', 'Mwasubuya', '128', '309', '', '', '0', '1', '', ''),
(141, '141', 'Nduha', '', '', '', '', '0', '1', '', ''),
(142, '142', 'Ngala', '129', '335', '', '', '0', '1', '', ''),
(143, '143', 'Ngogote', '130', '338', '', '', '0', '1', '', ''),
(144, '144', 'Ngulyati', '131', '339', '', '', '0', '1', '', ''),
(145, '145', 'Nkuli', '132', '349', '', '', '0', '1', '', ''),
(146, '146', 'Nyamisagusa', '133', '363', '', '', '0', '1', '', ''),
(147, '147', 'Nyamswa', '134', '364', '', '', '0', '1', '', ''),
(148, '148', 'Nyanguge', '135', '371', '', '', '0', '1', '', ''),
(149, '149', 'Nyasosi', '136', '445', '', '', '0', '1', '', ''),
(150, '150', 'Pugu', '137', '382', '', '', '0', '1', '', ''),
(151, '151', 'Sakwe', '138', '389', '', '', '0', '1', '', ''),
(152, '152', 'Sanungu 1 ', '139', '394', '', '', '0', '1', '', ''),
(153, '153', 'Shimbale', '140', '411', '', '', '0', '1', '', ''),
(154, '154', 'Wala', '141', '426', '', '', '0', '1', '', ''),
(155, '155', 'Yeya', '142', '430', '', '', '0', '1', '', ''),
(156, '156', 'Banemhi', '143', '5', '', '', '0', '1', '', ''),
(157, '157', '1', '144', '7', '', '', '0', '1', '', ''),
(158, '158', 'Bubale', '145', '127', '', '', '0', '1', '', ''),
(159, '159', 'Bupandagila', '146', '30', '', '', '0', '1', '', ''),
(160, '160', 'Byuna', '147', '36', '', '', '0', '1', '', ''),
(161, '161', 'Chungu', '148', '45', '', '', '0', '1', '', ''),
(162, '162', 'Damidami', '149', '533', '', '', '0', '1', '', ''),
(163, '163', 'Gasuma', '150', '52', '', '', '0', '1', '', ''),
(164, '164', 'Gibeshi', '151', '54', '', '', '0', '1', '', ''),
(165, '165', 'Gilya', '152', '55', '', '', '0', '1', '', ''),
(166, '166', 'Halawa', '153', '64', '', '', '0', '1', '', ''),
(167, '167', 'Igaganulwa', '154', '134', '', '', '0', '1', '', ''),
(168, '168', 'Igegu- Magharibi', '155', '70', '', '', '0', '1', '', ''),
(169, '169', 'Igegu- Mashariki', '156', '70', '', '', '0', '1', '', ''),
(170, '170', 'Ihusi', '157', '76', '', '', '0', '1', '', ''),
(171, '171', 'Ikinabushu', '158', '77', '', '', '0', '1', '', ''),
(172, '172', 'ikungulyandili', '159', '82', '', '', '0', '1', '', ''),
(173, '173', 'Isuyu', '160', '492', '', '', '0', '1', '', ''),
(174, '174', 'Kilabela', '161', '127', '', '', '0', '1', '', ''),
(175, '175', 'Masewa Madukani', '162', '191', '', '', '0', '1', '', ''),
(176, '176', 'Masewa Mwanyabu', '163', '191', '', '', '0', '1', '', ''),
(177, '177', 'Masewa Senta', '164', '191', '', '', '0', '1', '', ''),
(178, '178', 'Matale', '165', '193', '', '', '0', '1', '', ''),
(179, '179', 'Matongo', '166', '194', '', '', '0', '1', '', ''),
(180, '180', 'Mkuyuni', '', '', '', '', '0', '1', '', ''),
(181, '181', 'Mwabadimu', '167', '225', '', '', '0', '1', '', ''),
(182, '182', 'Mwadobana', '', '', '', '', '0', '1', '', ''),
(183, '183', 'Mwakibuga', '168', '250', '', '', '0', '1', '', ''),
(184, '184', 'Mwakilalo', '169', '478', '', '', '0', '1', '', ''),
(185, '185', 'Mwamabu', '170', '277', '', '', '0', '1', '', ''),
(186, '186', 'Mwamondi', '171', '396', '', '', '0', '1', '', ''),
(187, '187', 'Mwamoto', '172', '278', '', '', '0', '1', '', ''),
(188, '188', 'Mwandama', '173', '283', '', '', '0', '1', '', ''),
(189, '189', 'Mwantimba', '174', '296', '', '', '0', '1', '', ''),
(190, '190', 'Mwashagata', '175', '47', '', '', '0', '1', '', ''),
(191, '191', 'Mwasinasi', '176', '308', '', '', '0', '1', '', ''),
(192, '192', 'Mwauchumu', '177', '312', '', '', '0', '1', '', ''),
(193, '193', 'Mwaumatondo', '178', '130', '', '', '0', '1', '', ''),
(194, '194', 'Ng''alita', '179', '466', '', '', '0', '1', '', ''),
(195, '195', 'Ng''wang''wali', '180', '462', '', '', '0', '1', '', ''),
(196, '196', 'Nkindwabiye', '181', '345', '', '', '0', '1', '', ''),
(197, '197', 'Nkololo', '182', '389', '', '', '0', '1', '', ''),
(198, '198', 'Nyakabindi', '183', '352', '', '', '0', '1', '', ''),
(199, '199', 'Nyamikoma', '184', '362', '', '', '0', '1', '', ''),
(200, '200', 'Nyamikoma - Mwabutunduru', '185', '362', '', '', '0', '1', '', ''),
(201, '201', 'Nyangokolwa', '186', '370', '', '', '0', '1', '', ''),
(202, '202', 'Nyaumata', '187', '378', '', '', '0', '1', '', ''),
(203, '203', 'Nyawa', '188', '127', '', '', '0', '1', '', ''),
(204, '204', 'Old Maswa', '189', '381', '', '', '0', '1', '', ''),
(205, '205', 'Salalilya', '190', '441', '', '', '0', '1', '', ''),
(206, '206', 'Sanungu 2', '191', '394', '', '', '0', '1', '', ''),
(207, '207', 'Sapiwi', '192', '396', '', '', '0', '1', '', ''),
(208, '208', 'Sengerema', '193', '406', '', '', '0', '1', '', ''),
(209, '209', 'Songambele', '194', '417', '', '', '0', '1', '', ''),
(210, '210', 'Songambele Somanda', '195', '339', '', '', '0', '1', '', ''),
(211, '211', 'Ndoleleji', '196', '322', '', '', '0', '1', '', ''),
(212, '212', 'Lagana', '197', '156', '', '', '0', '1', '', ''),
(213, '213', 'Gimagi', '198', '56', '', '', '0', '1', '', ''),
(214, '214', 'Buzinza', '', '', '', '', '0', '1', '', ''),
(215, '215', 'Bulekela', '199', '23', '', '', '0', '1', '', ''),
(216, '216', 'Mwalata', '200', '259', '', '', '0', '1', '', ''),
(217, '217', 'Mwamashimba', '201', '270', '', '', '0', '1', '', ''),
(218, '218', 'Wimate', '202', '433', '', '100', '0', '1', '', ''),
(219, '219', 'Mwang''haranga', '203', '470', '', '', '0', '1', '', ''),
(220, '220', 'Mwajidalala', '204', '244', '', '', '0', '1', '', ''),
(221, '221', 'Iboja', '205', '67', '', '', '0', '1', '', ''),
(222, '222', 'Mihama', '206', '207', '', '', '0', '1', '', ''),
(223, '223', 'Shagihilu', '207', '408', '', '', '0', '1', '', ''),
(224, '224', 'mwandoma', '208', '284', '', '', '0', '1', '', ''),
(225, '225', 'Mwanulu', '209', '298', '', '', '0', '1', '', ''),
(226, '226', 'Mwamadulu', '210', '477', '', '', '0', '1', '', ''),
(227, '227', 'Mwamalasa', '211', '265', '', '', '0', '1', '', ''),
(228, '228', 'Igaga B', '212', '69', '', '', '0', '1', '', ''),
(229, '229', 'Masanga', '213', '', '', '', '0', '1', '', ''),
(230, '230', 'Mwangongo', '214', '298', '', '', '0', '1', '', ''),
(231, '231', 'Mbambase', '215', '470', '', '', '0', '1', '', ''),
(232, '232', 'Mangu', '216', '185', '', '', '0', '1', '', ''),
(233, '233', 'Bubinza', '217', '189', '', '', '0', '1', '', ''),
(234, '234', 'Kisesa', '218', '', '', '', '0', '1', '', ''),
(235, '235', 'Busongo', '219', '189', '', '', '0', '1', '', ''),
(236, '236', 'Mwamanota', '220', '513', '', '', '0', '1', '', ''),
(237, '237', 'Mwakipoya', '221', '516', '', '', '0', '1', '', ''),
(238, '238', 'Mwamashele', '222', '191', '', '', '0', '1', '', ''),
(239, '239', 'Dungushilu', '223', '68', '', '', '0', '1', '', ''),
(240, '240', 'Isagala', '224', '496', '', '', '0', '1', '', ''),
(241, '241', 'Itemelo', '225', 'KIDINDA', '', '', '0', '1', '', ''),
(242, '242', 'Malwilo', '226', '339', '', '', '0', '1', '', ''),
(243, '243', 'Mwandu', '227', '', '', '', '0', '1', '', ''),
(244, '244', 'Ngeme', '228', '532', '', '', '0', '1', '', ''),
(245, '245', 'Nyamatara', '229', '356', '', '', '0', '1', '', ''),
(246, '246', 'Talaga', '230', '422', '', '', '0', '1', '', ''),
(247, '247', 'kitunga', '231', '145', '', '', '0', '1', '', ''),
(248, '248', 'Mwamajila', '232', '263', '', '', '0', '1', '', ''),
(249, '249', 'Nyashana', '233', '376', '', '', '0', '1', '', ''),
(250, '250', 'Maligisu', '234', '491', '', '', '0', '1', '', ''),
(251, '251', 'Ikunda', '235', 'Ikunda', '', '', '0', '1', '', ''),
(252, '252', 'Wayi', '236', '428', '', '', '0', '1', '', ''),
(253, '253', 'Kadashi', '237', '112', '', '', '0', '1', '', ''),
(254, '254', 'Jojiro', '238', '105', '', '', '0', '1', '', ''),
(255, '255', 'Solwe', '239', '416', '', '', '0', '1', '', ''),
(256, '256', 'Ngwaswenghele', '240', '334', '', '', '0', '1', '', ''),
(257, '257', 'bugembe', '241', '14', '', '', '0', '1', '', ''),
(258, '258', 'Bujingwa', '', '', '', '', '0', '1', '', ''),
(259, '259', 'Isagala', '242', '227', '', '', '0', '1', '', ''),
(260, '260', 'luhala', '', '', '', '', '0', '1', '', ''),
(261, '261', 'Malya', '', '', '', '', '0', '1', '', ''),
(262, '262', 'Mhulya', '', '', '', '', '0', '1', '', ''),
(263, '263', 'mwabaraturu', '', '', '', '', '0', '1', '', ''),
(264, '264', 'Mwabomba', '', '', '', '', '0', '1', '', ''),
(265, '265', 'Mwankuba', '', '', '', '', '0', '1', '', ''),
(266, '266', 'Sumaha', '', '', '', '', '0', '1', '', ''),
(267, '267', 'Chamva', '', '', '', '', '0', '1', '', ''),
(268, '268', 'Isagala - Kitongo', '', '', '', '', '0', '1', '', ''),
(269, '269', 'Manayi', '243', 'SHIGALA', '', '', '0', '1', '', ''),
(270, '270', 'Ibindo', '244', '339', '', '', '0', '1', '', ''),
(271, '271', 'Igagamanayi', '245', '487', '', '', '0', '1', '', ''),
(272, '272', 'Igunguhya', '246', 'GILYA', '', '', '0', '1', '', ''),
(273, '273', 'Ilula', '247', 'MWAMUGOBA', '', '', '0', '1', '', ''),
(274, '274', 'Kilyaboya', '248', '536', '', '', '0', '1', '', ''),
(275, '275', 'Mwabasabi', '249', 'MWAMLAPA', '', '', '0', '1', '', ''),
(276, '276', 'Mwabuchuma', '250', 'IBULYU', '', '', '0', '1', '', ''),
(277, '277', 'Mwadubi', '251', 'KILOLELI', '', '', '0', '1', '', ''),
(278, '278', 'Mwaginghi', '252', '377', '', '30', '0', '1', '', ''),
(279, '279', 'Mwamapalala - Kwimba', '253', '382', '', '', '0', '1', '', ''),
(280, '280', 'Mwang''hanga', '254', 'KASOLI', '', '', '0', '1', '', ''),
(281, '281', 'Nyamigamba', '255', 'KABILA', '', '', '0', '1', '', ''),
(282, '282', 'Shirembo', '256', 'IGOMA', '', '', '0', '1', '', ''),
(283, '283', 'Mwampulu', '', '', '', '', '0', '1', '', ''),
(284, '284', 'Mwanekeyi', '257', 'NYAMAKOKOTO', '', '', '0', '1', '', ''),
(285, '285', 'Kishiri', '258', 'NGULYATI', '', '', '0', '1', '', ''),
(286, '286', 'Mwabungusa', '259', 'KABARINI', '', '', '0', '1', '', ''),
(287, '287', 'Nghuliku', '260', '522', '', '', '0', '1', '', ''),
(288, '288', 'Shigangama', '261', '31', '', '', '0', '1', '', ''),
(289, '289', 'Chandulu', '262', '39', '', '', '0', '1', '', ''),
(290, '290', 'Sanga', '263', '393', '', '', '0', '1', '', ''),
(291, '291', 'Isolo', '264', '96', '', '', '0', '1', '', ''),
(292, '292', 'Salongwe', '265', 'Salongwe', '', '', '0', '1', '', ''),
(293, '293', 'Lubugu', '266', '165', '', '', '0', '1', '', ''),
(294, '294', 'Shishani ', '267', '538', '', '', '0', '1', '', ''),
(295, '295', 'Sayaka', '268', '400', '', '', '0', '1', '', ''),
(296, '296', 'Nhobola', '269', '343', '', '', '0', '1', '', ''),
(297, '297', 'Kabila', '270', '110', '', '', '0', '1', '', ''),
(298, '298', 'Kabale', '271', '106', '', '', '0', '1', '', ''),
(299, '299', 'Nyaruhande', '272', '447', '', '', '0', '1', '', ''),
(300, '300', 'Badugu', '273', '3', '', '', '0', '1', '', ''),
(301, '301', 'Ihayabuyaga', '274', '519', '', '', '0', '1', '', ''),
(302, '302', 'Bushigwamhala', '275', 'Bushigwamhala', '', '', '0', '1', '', ''),
(303, '303', 'Nyasato', '276', '375', '', '', '0', '1', '', ''),
(304, '304', 'Chabutwa', '277', '37', '', '', '0', '1', '', ''),
(305, '305', 'Ng''washepi', '278', '461', '', '', '0', '1', '', ''),
(306, '306', 'Mwaniga', '279', '292', '', '', '0', '1', '', ''),
(307, '307', 'Mkula', '280', '215', '', '', '0', '1', '', ''),
(308, '308', 'Ng''haya', '281', '327', '', '', '0', '1', '', ''),
(309, '309', 'Nyang''hanga', '282', '365', '', '', '0', '1', '', ''),
(310, '310', 'Mwagindi', '283', '240', '', '', '0', '1', '', ''),
(311, '311', 'Jinjimili', '284', '103', '', '', '0', '1', '', ''),
(312, '312', 'Imalamate', '285', '85', '', '', '0', '1', '', ''),
(313, '313', 'Nyashoshi', '286', 'Nyashoshi', '', '', '0', '1', '', ''),
(314, '314', 'Kayenze', '287', '510', '', '', '0', '1', '', ''),
(315, '315', 'Lwangwe', '288', '172', '', '', '0', '1', '', ''),
(316, '316', 'Mwamagigisi', '289', '262', '', '', '0', '1', '', ''),
(317, '317', 'Lutubiga', '290', '171', '', '', '0', '1', '', ''),
(318, '318', 'Ngunga', '291', '340', '', '', '0', '1', '', ''),
(319, '319', 'Kijereshi ', '292', '129', '', '', '0', '1', '', ''),
(320, '320', 'mizwale', '293', '214', '', '', '0', '1', '', ''),
(321, '321', 'Kitongo', '294', '144', '', '', '0', '1', '', ''),
(322, '322', 'Bugatu', '295', '13', '', '', '0', '1', '', ''),
(323, '323', 'Salama', '296', '391', '', '', '0', '1', '', ''),
(324, '324', 'Kipeja', '297', 'Kipeja', '', '', '0', '1', '', ''),
(325, '325', 'Mwamabanza', '298', '261', '', '', '0', '1', '', ''),
(326, '326', 'Mwamjulila', '299', '475', '', '', '0', '1', '', ''),
(327, '327', 'Manala', '300', '182', '', '', '0', '1', '', ''),
(328, '328', 'Kisesa B', '301', 'Kisesa B', '', '', '0', '1', '', ''),
(329, '329', 'Gininiga', '302', '57', '', '', '0', '1', '', ''),
(330, '330', 'Malili', '303', '490', '', '', '0', '1', '', ''),
(331, '331', 'Jisesa', '304', '104', '', '', '0', '1', '', ''),
(332, '332', 'Busami', '305', '31', '', '', '0', '1', '', ''),
(333, '333', 'Buhumbi', '', '', '', '', '0', '1', '', ''),
(334, '334', 'Igombe', '', '', '', '', '0', '1', '', ''),
(335, '335', 'kalemela ', '306', '38', '', '', '0', '1', '', ''),
(336, '336', 'Lumeji', '', '', '', '', '0', '1', '', ''),
(337, '337', 'Mwabulenga', '', '', '', '', '0', '1', '', ''),
(338, '338', 'Mwakiloba', '', '', '', '', '0', '1', '', ''),
(339, '339', 'Mwamigongwa', '', '', '', '', '0', '1', '', ''),
(340, '340', 'Mwasamba', '', '', '', '', '0', '1', '', ''),
(341, '341', 'Ndagalu', '', '', '', '', '0', '1', '', ''),
(342, '342', 'Ngw''ang''wenge', '', '', '', '', '0', '1', '', ''),
(343, '343', 'Nyamahanga', '', '', '', '', '0', '1', '', ''),
(344, '344', 'Nyamatembe', '', '', '', '', '0', '1', '', ''),
(345, '345', 'Nyanghanga', '', '', '', '', '0', '1', '', ''),
(346, '346', 'Shigala', '', '', '', '', '0', '1', '', ''),
(347, '347', 'Ichobela', '307', 'KABARIMI', '', '', '0', '1', '', ''),
(348, '348', 'Ilunga', '308', '377', '', '', '0', '1', '', ''),
(349, '349', 'Lunala', '309', '262', '', '', '0', '1', '', ''),
(350, '350', 'Mahaha', '310', '106', '', '', '0', '1', '', ''),
(351, '351', 'Malangale', '311', '85', '', '', '0', '1', '', ''),
(352, '352', 'Mtoni', '312', '460', '', '', '0', '1', '', ''),
(353, '353', 'Mwalinha', '313', '410', '', '', '0', '1', '', ''),
(354, '354', 'Mwamanga', '314', 'CHIRINGE', '', '', '0', '1', '', ''),
(355, '355', 'Mwambaga', '315', 'KABOSA', '', '', '0', '1', '', ''),
(356, '356', 'Mwamgoba', '316', '389', '', '', '0', '1', '', ''),
(357, '357', 'Mwamkala', '317', '500', '', '', '0', '1', '', ''),
(358, '358', 'Mwangika', '318', '391', '', '', '0', '1', '', ''),
(359, '359', 'Mwangulu', '319', '410', '', '', '0', '1', '', ''),
(360, '360', 'Ngasamo', '320', '104', '', '', '0', '1', '', ''),
(361, '361', 'Ng''wanguka', '321', '453', '', '', '0', '1', '', ''),
(362, '362', 'Ngwanihale', '322', '410', '', '', '0', '1', '', ''),
(363, '363', 'Nsola- Bubinza', '323', 'MWANHALE', '', '', '0', '1', '', ''),
(364, '364', 'Nyangili', '324', '502', '', '', '0', '1', '', ''),
(365, '365', 'Nyangoko', '325', '57', '', '', '0', '1', '', ''),
(366, '366', 'Nyanguli', '326', '502', '', '', '0', '1', '', ''),
(367, '367', 'Sagani', '327', '410', '', '', '0', '1', '', ''),
(368, '368', 'Mwandu', '328', 'MBITI', '', '', '0', '1', '', ''),
(369, '369', 'Ihayabuyaga- Busega', '329', 'Busega', '', '', '0', '1', '', ''),
(370, '370', 'Ilumya', '330', 'Ilumya', '', '', '0', '1', '', ''),
(371, '371', 'Bushashi', '331', '32', '', '', '0', '1', '', ''),
(372, '372', 'Budekwa', '332', '11', '', '', '0', '1', '', ''),
(373, '373', 'Lalago', '333', '158', '', '', '0', '1', '', ''),
(374, '374', 'Bugarama', '334', '12', '', '', '0', '1', '', ''),
(375, '375', 'Ng''hami', '335', '326', '', '', '0', '1', '', ''),
(376, '376', 'Wigelekelo', '336', '429', '', '', '0', '1', '', ''),
(377, '377', 'seng''wa', '337', '407', '', '', '0', '1', '', ''),
(378, '378', 'Mwabomba', '338', '231', '', '', '0', '1', '', ''),
(379, '379', 'Mwamanenge', '339', '266', '', '', '0', '1', '', ''),
(380, '380', 'Chungambuli', '340', '44', '', '', '0', '1', '', ''),
(381, '381', 'Mwafumbuka', '341', '238', '', '', '0', '1', '', ''),
(382, '382', 'Mwamashindike', '342', '271', '', '', '0', '1', '', ''),
(383, '383', 'Ipililo', '343', '88', '', '', '0', '1', '', ''),
(384, '384', 'shanwa', '344', '409', '', '', '0', '1', '', ''),
(385, '385', 'Songambele', '345', '418', '', '', '0', '1', '', ''),
(386, '386', 'kidaganda', '346', '125', '', '', '0', '1', '', ''),
(387, '387', 'Mwasayi', '347', '304', '', '', '0', '1', '', ''),
(388, '388', 'Mwashegeshi', '348', '306', '', '', '0', '1', '', ''),
(389, '389', 'Masela', '349', '190', '', '', '0', '1', '', ''),
(390, '390', 'mwabayanda  S', '350', '228', '', '', '0', '1', '', ''),
(391, '391', 'Mandela', '351', '183', '', '', '0', '1', '', ''),
(392, '392', 'Mwabayanda M', '352', '228', '', '', '0', '1', '', ''),
(393, '393', 'Mwabujiku', '353', '233', '', '', '0', '1', '', ''),
(394, '394', 'Zebeya', '354', '432', '', '', '0', '1', '', ''),
(395, '395', 'Igumangobo', '355', '73', '', '', '0', '1', '', ''),
(396, '396', 'Jija', '356', '101', '', '', '0', '1', '', ''),
(397, '397', 'Tamanu', '357', '423', '', '', '0', '1', '', ''),
(398, '398', 'Malita', '358', '179', '', '', '0', '1', '', ''),
(399, '399', 'Mwakabeya', '359', '246', '', '', '0', '1', '', ''),
(400, '400', 'senani', '360', '537', '', '', '0', '1', '', ''),
(401, '401', 'kiloleli', '361', 'kiloleli', '', '', '0', '1', '', ''),
(402, '402', 'Kizungu', '362', '147', '', '', '0', '1', '', ''),
(403, '403', 'Buhungukila', '363', '19', '', '', '0', '1', '', ''),
(404, '404', 'Mwang''holo', '364', '469', '', '', '0', '1', '', ''),
(405, '405', 'Jilago', '365', '102', '', '', '0', '1', '', ''),
(406, '406', 'Nguliguli', '366', '458', '', '', '0', '1', '', ''),
(407, '407', 'Bushitala', '', '', '', '', '0', '1', '', ''),
(408, '408', 'Buyubi', '367', '34', '', '', '0', '1', '', ''),
(409, '409', 'Dodoma', '', '', '', '', '0', '1', '', ''),
(410, '410', 'Funika', '', '', '', '', '0', '1', '', ''),
(411, '411', 'Isagenghe', '', '', '', '', '0', '1', '', ''),
(412, '412', 'Iwelimo', '', '', '', '', '0', '1', '', ''),
(413, '413', 'Mwabuki', '', '', '', '', '0', '1', '', ''),
(414, '414', 'Bukangilija', '368', '', '', '', '0', '1', '', ''),
(415, '415', 'Dulung''wa', '369', '', '', '', '0', '1', '', ''),
(416, '416', 'Gula', '', '', '', '', '0', '1', '', ''),
(417, '417', 'Hinduki', '370', '499', '', '', '0', '1', '', ''),
(418, '418', 'Igongwa', '371', '', '', '', '0', '1', '', ''),
(419, '419', 'Igunya', '372', '520', '', '', '0', '1', '', ''),
(420, '420', 'Ilamata', '373', '', '', '', '0', '1', '', ''),
(421, '421', 'Ilambambasa', '374', '435', '', '', '0', '1', '', ''),
(422, '422', 'ipililo ya mbugani', '375', '', '', '', '0', '1', '', ''),
(423, '423', 'Isanga', '376', '435', '', '', '0', '1', '', ''),
(424, '424', 'Isulilo', '377', '515', '', '', '0', '1', '', ''),
(425, '425', 'Iyogelo', '378', '435', '', '', '0', '1', '', ''),
(426, '426', 'Jihu', '379', 'LAMADI', '', '', '0', '1', '', ''),
(427, '427', 'Kadoto', '380', 'BULIMA', '', '', '0', '1', '', ''),
(428, '428', 'Kidabu', '381', '507', '', '', '0', '1', '', ''),
(429, '429', 'Kidema', '382', '515', '', '', '0', '1', '', ''),
(430, '430', 'Kinamwigulu', '383', 'Kinamwigulu', '', '', '0', '1', '', ''),
(431, '431', 'Malekano', '384', 'BUNDA STOOL', '', '', '0', '1', '', ''),
(432, '432', 'Masanwa', '385', '486', '', '', '0', '1', '', ''),
(433, '433', 'Mbalagane', '386', 'Mbalagane', '', '', '0', '1', '', ''),
(434, '434', 'Muhida', '387', 'Muhida', '', '', '0', '1', '', ''),
(435, '435', 'Mwabadimi', '388', '', '', '', '0', '1', '', ''),
(436, '436', 'Mwabagaru', '389', 'KABILA', '', '', '0', '1', '', ''),
(437, '437', 'Mwabaraturu', '390', 'MWAMAPALALA', '', '', '0', '1', '', ''),
(438, '438', 'Mwadila', '391', '480', '', '', '0', '1', '', ''),
(439, '439', 'Mwakidiga', '392', '488', '', '', '0', '1', '', ''),
(440, '440', 'Mwamihanza', '393', '476', '', '', '0', '1', '', ''),
(441, '441', 'Mwamtumai', '394', 'NGULYATI', '', '', '0', '1', '', ''),
(442, '442', 'Mwandete', '395', '', '', '', '0', '1', '', ''),
(443, '443', 'Mwandu', '396', '409', '', '', '0', '1', '', ''),
(444, '444', 'Mwang''handa', '98', 'BUNAMHALA', '', '', '0', '1', '', ''),
(445, '445', 'Mwanhegele', '398', '', '', '', '0', '1', '', ''),
(446, '446', 'Mwasita', '399', 'Mwasita', '', '', '0', '1', '', ''),
(447, '447', 'Mwatumbe', '400', '507', '', '', '0', '1', '', ''),
(448, '448', 'Ng''haya', '401', 'Ng''haya', '', '', '0', '1', '', ''),
(449, '449', 'Ngongwa', '402', 'KILALO', '', '', '0', '1', '', ''),
(450, '450', 'Nhelela', '403', 'Nhelela', '', '', '0', '1', '', ''),
(451, '451', 'Njia panda', '404', 'Njia Panda', '', '', '0', '1', '', ''),
(452, '452', 'Nyabubinza', '405', '110', '', '', '0', '1', '', ''),
(453, '453', 'Nyashimba M', '406', '446', '', '', '0', '1', '', ''),
(454, '454', 'Nyashimba S', '407', '', '', '', '0', '1', '', ''),
(455, '455', 'Sanga Mwalugesha', '408', '', '', '', '0', '1', '', ''),
(456, '456', 'Sayusayu', '409', 'Sayusayu', '', '', '0', '1', '', ''),
(457, '457', 'Shishiyu', '410', '507', '', '', '0', '1', '', ''),
(458, '458', 'Somanda', '411', '339', '', '', '0', '1', '', ''),
(459, '459', 'Sulu', '412', '435', '', '', '0', '1', '', ''),
(460, '460', 'Zabazaba', '413', '446', '', '', '0', '1', '', ''),
(461, '461', 'Zanzui', '414', '', '', '', '0', '1', '', ''),
(462, '462', 'Zawa', '415', '144', '', '', '0', '1', '', ''),
(463, '463', 'Mwandu itinje', '416', '285', '', '', '0', '1', '', ''),
(464, '464', 'Semu', '417', '403', '', '', '0', '1', '', ''),
(465, '465', 'Itinje', '418', '98', '', '', '0', '1', '', ''),
(466, '466', 'mwandu kisesa', '419', '286', '', '', '0', '1', '', ''),
(467, '467', 'Nzanza', '420', '380', '', '', '0', '1', '', ''),
(468, '468', 'Ming''ogwa', '421', '209', '', '', '0', '1', '', ''),
(469, '469', 'Sakasaka', '422', '442', '', '', '0', '1', '', ''),
(470, '470', 'Mwamishali', '423', '275', '', '', '0', '1', '', ''),
(471, '471', 'Malwilo', '424', '180', '', '', '0', '1', '', ''),
(472, '472', 'Mwakasumbi', '425', '248', '', '', '0', '1', '', ''),
(473, '473', 'Mwaukoli', '426', '313', '', '', '0', '1', '', ''),
(474, '474', 'Mwashata', '427', '305', '', '', '0', '1', '', ''),
(475, '475', 'Mwagayi', '428', '239', '', '', '0', '1', '', ''),
(476, '476', 'Mwakipugila', '429', '256', '', '', '0', '1', '', ''),
(477, '477', 'Mwakaluba', '430', '247', '', '', '0', '1', '', ''),
(478, '478', 'Isagijo', '431', '91', '', '', '0', '1', '', ''),
(479, '479', 'Mbalagane', '432', '196', '', '', '0', '1', '', ''),
(480, '480', 'Nghoboko', '433', '459', '', '', '0', '1', '', ''),
(481, '481', 'inonelwa', '434', '87', '', '', '0', '1', '', ''),
(482, '482', 'Mwajidalala', '435', '245', '', '', '0', '1', '', ''),
(483, '483', 'Ntobo', '436', '351', '', '', '0', '1', '', ''),
(484, '484', 'mwanindwa', '437', '293', '', '', '0', '1', '', ''),
(485, '485', 'Lingeka', '438', '339', '', '', '0', '1', '', ''),
(486, '486', 'Lubiga', '', '', '', '', '0', '1', '', ''),
(487, '487', 'Mwafuguji', '', '', '', '', '0', '1', '', ''),
(488, '488', 'Mwakisandu', '439', '257', '', '', '0', '1', '', ''),
(489, '489', 'mwasungura', '', '', '', '', '0', '1', '', ''),
(490, '490', 'Nyanza', '', '', '', '', '0', '1', '', ''),
(491, '491', 'Bulyanaga', '440', '118', '', '', '0', '1', '', ''),
(492, '492', 'Bulyashi', '441', '518', '', '', '0', '1', '', ''),
(493, '493', 'Dakama', '442', '339', '', '', '0', '1', '', ''),
(494, '494', 'Igobe', '', '', '', '', '0', '1', '', ''),
(495, '495', 'Imalaseko', '443', '118', '', '', '0', '1', '', ''),
(496, '496', 'Iseng''wa', '444', 'NGULYATI', '', '', '0', '1', '', ''),
(497, '497', 'Itongolyangamba', '445', '508', '', '', '0', '1', '', ''),
(498, '498', 'Kabondo', '446', '197', '', '', '0', '1', '', ''),
(499, '499', 'Kisesa', '447', '127', '', '', '0', '1', '', ''),
(500, '500', 'Mwabiti', '448', '495', '', '', '0', '1', '', ''),
(501, '501', 'Mwabuma', '449', '339', '', '', '0', '1', '', ''),
(502, '502', 'Mwabusalu', '450', '501', '', '', '0', '1', '', ''),
(503, '503', 'Mwabuzo  ', '451', '501', '', '', '0', '1', '', ''),
(504, '504', 'Mwagwila', '452', 'NKUZUKU', '', '', '0', '1', '', ''),
(505, '505', 'Mwamanogu', '', '', '', '', '0', '1', '', ''),
(506, '506', 'Mwandoya', '453', '', '', '', '0', '1', '', ''),
(507, '507', 'Mwanyahina', '454', '130', '', '', '0', '1', '', ''),
(508, '508', 'mwanzugi', '', '', '', '', '0', '1', '', ''),
(509, '509', 'Nata', '', '', '', '', '0', '1', '', ''),
(510, '510', 'Tindabuligi', '455', '339', '', '', '0', '1', '', ''),
(511, '511', 'Saragana', '456', '397', '', '', '0', '1', '', ''),
(512, '512', 'Mayani', '457', '195', '', '', '0', '1', '', ''),
(513, '513', 'Muhoji', '458', '223', '', '', '0', '1', '', ''),
(514, '514', 'Nyakiswa', '459', '353', '', '', '0', '1', '', ''),
(515, '515', 'Tegeruka', '460', '424', '', '', '0', '1', '', ''),
(516, '516', 'Kaburabura', '461', '111', '', '', '0', '1', '', ''),
(517, '517', 'Maneke', '462', '184', '', '', '0', '1', '', ''),
(518, '518', 'Bugoji', '463', '15', '', '', '0', '1', '', ''),
(519, '519', 'Bugwema', '', '', '', '', '0', '1', '', ''),
(520, '520', 'Mabui', '', '', '', '', '0', '1', '', ''),
(521, '521', 'Mwibagi', '', '', '', '', '0', '1', '', ''),
(522, '522', 'Seka', '', '', '', '', '0', '1', '', ''),
(523, '523', 'Nyambono', '464', '360', '', '', '0', '1', '', ''),
(524, '524', 'Kwikerege', '465', '504', '', '', '0', '1', '', ''),
(525, '525', 'Terinta', '466', '316', '', '', '0', '1', '', ''),
(526, '526', 'Kandelema', '', '', '', '', '0', '1', '', ''),
(527, '527', 'Musanja Senter', '', '', '', '', '0', '1', '', ''),
(528, '528', 'Musanja Gomora', '', '', '', '', '0', '1', '', ''),
(529, '529', 'Wanyere', '467', '427', '', '', '0', '1', '', ''),
(530, '530', 'Masinono', '', '', '', '', '0', '1', '', ''),
(531, '531', 'Chirorwe', '468', '451', '', '', '0', '1', '', ''),
(532, '532', 'Chumwi', '469', '455', '', '', '0', '1', '', ''),
(533, '533', 'Kurwaki', '470', '457', '', '', '0', '1', '', ''),
(534, '534', 'Murangi', '471', '511', '', '', '0', '1', '', ''),
(535, '535', 'Mikuyu', '472', '397', '', '', '0', '1', '', ''),
(536, '536', 'Kono A', '473', '148', '', '', '0', '1', '', ''),
(537, '537', 'Nyamatoke', '474', '358', '', '', '0', '1', '', ''),
(538, '538', 'Kemgesi', '475', '121', '', '', '0', '1', '', ''),
(539, '539', 'Nyambureti Senta', '476', '361', '', '', '0', '1', '', ''),
(540, '540', 'Mbisso ( Mambose)', '477', '484', '', '', '0', '1', '', ''),
(541, '541', 'Nyankomogo', '478', '372', '', '', '0', '1', '', ''),
(542, '542', 'Gusuhi', '479', '61', '', '', '0', '1', '', ''),
(543, '543', 'Singisi', '480', '414', '', '', '0', '1', '', ''),
(544, '544', 'Nyiberekera', '481', '379', '', '', '0', '1', '', ''),
(545, '545', 'Maburi', '482', '174', '', '', '0', '1', '', ''),
(546, '546', 'Iharara', '', '', '', '', '0', '1', '', ''),
(547, '547', 'Kitembere', '483', '143', '', '', '0', '1', '', ''),
(548, '548', 'Monuna', '', '', '', '', '0', '1', '', ''),
(549, '549', 'Mosongo ( Nyaisense)', '', '', '', '', '0', '1', '', ''),
(550, '550', 'Rigicha', '', '', '', '', '0', '1', '', ''),
(551, '551', 'Wagete', '', '', '', '', '0', '1', '', ''),
(552, '552', 'Kono  - Makoloboi', '', '', '', '', '0', '1', '', ''),
(553, '553', 'Makundusi - Nyakitono', '484', '493', '', '', '0', '1', '', ''),
(554, '554', 'Manawa - Masongo', '', '', '', '', '0', '1', '', ''),
(555, '555', 'Mtukula - Isenye', '', '', '', '', '0', '1', '', ''),
(556, '556', 'Mosongo Shuleni A', '', '', '', '', '0', '1', '', ''),
(557, '557', 'Kabutasha', '', '', '', '', '0', '1', '', ''),
(558, '558', 'Nyimberekera ( Igembesabo)', '', '', '', '', '0', '1', '', ''),
(559, '559', 'Mabatini ( kitembere )', '', '', '', '', '0', '1', '', ''),
(560, '560', 'Bwitengi', '485', '534', '', '', '0', '1', '', ''),
(561, '561', 'Motukeri', '486', '505', '', '', '0', '1', '', ''),
(562, '562', 'Nyamisingisi', '487', '377', '', '', '0', '1', '', ''),
(563, '563', 'Nyichoka', '488', '210', '', '', '0', '1', '', ''),
(564, '564', 'Kenokwi', '489', '444', '', '', '0', '1', '', ''),
(565, '565', 'Burungu', '490', '485', '', '', '0', '1', '', ''),
(566, '566', 'Miseke', '491', '525', '', '', '0', '1', '', ''),
(567, '567', 'Buchora', '492', '512', '', '', '0', '1', '', ''),
(568, '568', 'Nyaisense', '493', '528', '', '', '0', '1', '', ''),
(569, '569', 'Gusuhi - Shuleni B', '494', '450', '', '', '0', '1', '', ''),
(570, '570', 'Butanga ( Maburi )', '495', '4', '', '', '0', '1', '', ''),
(571, '571', 'Nyamsingisi ( Nyambureti)', '496', '527', '', '', '0', '1', '', ''),
(572, '572', 'Muranda', '497', '224', '', '', '0', '1', '', ''),
(573, '573', 'Namalebe', '498', '318', '', '', '0', '1', '', ''),
(574, '574', 'Kunanga', '', '', '', '', '0', '1', '', ''),
(575, '575', 'Kunzugu', '499', '151', '', '', '0', '1', '', ''),
(576, '576', 'Nyangere', '500', '368', '', '', '0', '1', '', ''),
(577, '577', 'Ligamba B', '501', '160', '', '', '0', '1', '', ''),
(578, '578', 'Kisangwa', '502', '140', '', '', '0', '1', '', ''),
(579, '579', 'Kangetutya', '503', '115', '', '', '0', '1', '', ''),
(580, '580', 'Guta Stend', '504', '62', '', '', '0', '1', '', ''),
(581, '581', 'Mwiruruma', '505', '317', '', '', '0', '1', '', ''),
(582, '582', 'Balili', '506', '4', '', '', '0', '1', '', ''),
(583, '583', 'Micharo', '507', '483', '', '', '0', '1', '', ''),
(584, '584', 'Bulenda Bufwe', '508', '24', '', '', '0', '1', '', ''),
(585, '585', 'Kurusanga', '509', '152', '', '', '0', '1', '', ''),
(586, '586', 'Ligamba''A''', '510', '160', '', '', '0', '1', '', ''),
(587, '587', 'Kabasa', '511', '109', '', '', '0', '1', '', ''),
(588, '588', 'Kihumbu', '512', '128', '', '', '0', '1', '', ''),
(589, '589', 'Namhula', '513', '319', '', '', '0', '1', '', ''),
(590, '590', 'Mariwanda', '514', '188', '', '', '0', '1', '', ''),
(591, '591', 'Kiwasi', '515', '146', '', '', '0', '1', '', ''),
(592, '592', 'Mihale', '516', '206', '', '', '0', '1', '', ''),
(593, '593', 'Ragata', '517', '383', '', '', '0', '1', '', ''),
(594, '594', 'Kiroreli', '518', '139', '', '', '0', '1', '', ''),
(595, '595', 'Nyang''aranga', '519', '367', '', '', '0', '1', '', ''),
(596, '596', 'Kyandege', '520', '155', '', '', '0', '1', '', ''),
(597, '597', 'Sanzate', '521', '395', '', '', '0', '1', '', ''),
(598, '598', 'Mihingo', '522', '208', '', '', '0', '1', '', ''),
(599, '599', 'Kenkombyo', '523', '509', '', '', '0', '1', '', ''),
(600, '600', 'Manchimweru', '524', '489', '', '', '0', '1', '', ''),
(601, '601', 'Bitaraguru', '', '', '', '', '0', '1', '', ''),
(602, '602', 'Bukole', '', '', '', '', '0', '1', '', ''),
(603, '603', 'Chingurubila', '', '', '', '', '0', '1', '', ''),
(604, '604', 'Hunyari', '525', '65', '', '', '0', '1', '', ''),
(605, '605', 'Igundu', '526', '74', '', '', '0', '1', '', ''),
(606, '606', 'kabainja', '', '', '', '', '0', '1', '', ''),
(607, '607', 'Kamkenga', '527', '114', '', '', '0', '1', '', ''),
(608, '608', 'Karukekere', '', '', '', '', '0', '1', '', ''),
(609, '609', 'Kasuguti', '', '', '', '', '0', '1', '', ''),
(610, '610', 'Kitaramaka', '', '', '', '', '0', '1', '', ''),
(611, '611', 'Kung''ombe', '', '', '', '', '0', '1', '', ''),
(612, '612', 'Marambeka', '528', '186', '', '', '0', '1', '', ''),
(613, '613', 'Misisi', '', '', '', '', '0', '1', '', ''),
(614, '614', 'Mugeta', '', '', '', '', '0', '1', '', ''),
(615, '615', 'Neruma ', '', '', '', '', '0', '1', '', ''),
(616, '616', 'Nyasana', '', '', '', '', '0', '1', '', ''),
(617, '617', 'Sarawe', '', '', '', '', '0', '1', '', ''),
(618, '618', 'Nyamakumbo ( kihumbi )', '', '', '', '', '0', '1', '', ''),
(619, '619', 'Masaba ( Kurusanga)', '529', '152', '', '', '0', '1', '', ''),
(620, '620', 'Chamutigiti ( Magunga )', '', '', '', '', '0', '1', '', ''),
(621, '621', 'Kabasa Mine ( Nyamilama)', '', '', '', '', '0', '1', '', ''),
(622, '622', 'Majengo Mariwanda', '', '', '', '', '0', '1', '', ''),
(623, '623', 'Rakana', '530', '384', '', '', '0', '1', '', ''),
(624, '624', 'Bigegu', '531', '395', '', '', '0', '1', '', ''),
(625, '625', 'Changuge', '532', '439', '', '', '0', '1', '', ''),
(626, '626', 'Haruzale', '533', '377', '', '', '0', '1', '', ''),
(627, '627', 'Isanju', '534', '440', '', '', '0', '1', '', ''),
(628, '628', 'Kambubu', '535', '188', '', '', '0', '1', '', ''),
(629, '629', 'Kambubu', '536', '', '', '', '0', '1', '', ''),
(630, '630', 'Mahyolo', '537', '529', '', '', '0', '1', '', ''),
(631, '631', 'Mwiseni', '538', '524', '', '', '0', '1', '', ''),
(632, '632', 'Nyabuzube', '539', '454', '', '', '0', '1', '', ''),
(633, '633', 'Tairo', '540', '506', '', '', '0', '1', '', ''),
(634, '634', 'Nyamatoke', '541', '358', '', '', '0', '1', '', ''),
(635, '635', 'Rwabu', '542', '526', '', '', '0', '1', '', ''),
(636, '636', 'Salama ''''A''''', '543', '160', '', '', '0', '1', '', ''),
(637, '637', 'sazira', '544', '200', '', '', '0', '1', '', ''),
(638, '638', 'Manyago', '545', '526', '', '', '0', '1', '', ''),
(639, '639', 'Nyamakumbo', '546', '32', '', '', '0', '1', '', ''),
(640, '640', 'Nyabehu', '547', '494', '', '', '0', '1', '', ''),
(641, '641', 'Tingirima', '548', '377', '', '', '0', '1', '', ''),
(642, '642', 'Nyamitwebiri', '549', '151', '', '', '0', '1', '', ''),
(643, '643', 'Namibu', '550', 'Namibu', '', '', '0', '1', '', ''),
(644, '644', 'Kinyambiga', '551', '138', '', '', '0', '1', '', ''),
(645, '234', 'werw', '9', '31', '323', '443', '1', '0', '443', '233'),
(646, '', 'asdasd', '', '83', '', '', '1', '0', '', ''),
(647, '23234', 'Yaya', '2', '37', '', '', '2', '1', '', ''),
(648, '', 'ng''a', '', '', '', '', '1', '0', '', '');

-- --------------------------------------------------------

--
-- Table structure for table `depot_closure`
--

CREATE TABLE IF NOT EXISTS `depot_closure` (
  `id` int(10) NOT NULL AUTO_INCREMENT,
  `depot` varchar(10) NOT NULL,
  `date_closed` varchar(15) NOT NULL,
  `reason` text NOT NULL,
  PRIMARY KEY (`id`)
) ENGINE=InnoDB DEFAULT CHARSET=latin1 AUTO_INCREMENT=1 ;

-- --------------------------------------------------------

--
-- Table structure for table `disbursement`
--

CREATE TABLE IF NOT EXISTS `disbursement` (
  `id` int(10) NOT NULL AUTO_INCREMENT,
  `fbg` varchar(10) NOT NULL,
  `invoice_number` varchar(20) NOT NULL,
  `date` varchar(20) NOT NULL,
  `farm_input` varchar(10) NOT NULL,
  `quantity` varchar(20) NOT NULL,
  `unit_price` varchar(20) NOT NULL,
  `total_value` varchar(20) NOT NULL,
  `season` varchar(20) NOT NULL,
  `id_batch` varchar(20) NOT NULL,
  `timestamp` varchar(32) NOT NULL,
  `agent` varchar(10) NOT NULL,
  `batch_status` varchar(5) NOT NULL DEFAULT '0',
  PRIMARY KEY (`id`)
) ENGINE=InnoDB DEFAULT CHARSET=latin1 AUTO_INCREMENT=1 ;

-- --------------------------------------------------------

--
-- Table structure for table `disbursement_details`
--

CREATE TABLE IF NOT EXISTS `disbursement_details` (
  `id` int(10) NOT NULL AUTO_INCREMENT,
  `invoice` varchar(10) NOT NULL,
  `farmer` text NOT NULL,
  `farm_input` varchar(10) NOT NULL,
  `quantity` varchar(10) NOT NULL,
  `total_value` varchar(20) NOT NULL,
  `batch` varchar(10) NOT NULL,
  PRIMARY KEY (`id`)
) ENGINE=InnoDB DEFAULT CHARSET=latin1 AUTO_INCREMENT=1 ;

-- --------------------------------------------------------

--
-- Table structure for table `district`
--

CREATE TABLE IF NOT EXISTS `district` (
  `id` int(10) NOT NULL AUTO_INCREMENT,
  `name` varchar(100) NOT NULL,
  `region` varchar(10) NOT NULL,
  `deleted` varchar(2) NOT NULL DEFAULT '0',
  PRIMARY KEY (`id`)
) ENGINE=InnoDB  DEFAULT CHARSET=latin1 AUTO_INCREMENT=10 ;

--
-- Dumping data for table `district`
--

INSERT INTO `district` (`id`, `name`, `region`, `deleted`) VALUES
(1, 'Bariadi', '', '0'),
(2, 'Bunda', '', '0'),
(3, 'Kishapu', '', '0'),
(4, 'Kwimba', '', '0'),
(5, 'Magu', '', '0'),
(6, 'Maswa', '', '0'),
(7, 'Meatu', '', '0'),
(8, 'Musoma', '', '0'),
(9, 'Serengeti', '', '0');

-- --------------------------------------------------------

--
-- Table structure for table `farmer_input`
--

CREATE TABLE IF NOT EXISTS `farmer_input` (
  `id` int(10) NOT NULL AUTO_INCREMENT,
  `date` varchar(20) NOT NULL,
  `fbg` varchar(10) NOT NULL,
  `invoice_number` varchar(100) NOT NULL,
  `farmer` text NOT NULL,
  `farm_input` varchar(10) NOT NULL,
  `quantity` varchar(20) NOT NULL,
  `total_value` varchar(20) NOT NULL,
  `batch_id` varchar(10) NOT NULL,
  `timestamp` varchar(32) NOT NULL,
  `batch_status` varchar(5) NOT NULL DEFAULT '0',
  `unit_price` varchar(20) NOT NULL,
  PRIMARY KEY (`id`)
) ENGINE=InnoDB DEFAULT CHARSET=latin1 AUTO_INCREMENT=1 ;

-- --------------------------------------------------------

--
-- Table structure for table `farm_input`
--

CREATE TABLE IF NOT EXISTS `farm_input` (
  `id` int(10) NOT NULL AUTO_INCREMENT,
  `product_code` varchar(100) NOT NULL,
  `product_name` varchar(100) NOT NULL,
  `product_description` text NOT NULL,
  `deleted` varchar(1) NOT NULL DEFAULT '0',
  PRIMARY KEY (`id`)
) ENGINE=InnoDB DEFAULT CHARSET=latin1 AUTO_INCREMENT=1 ;

-- --------------------------------------------------------

--
-- Table structure for table `fbg`
--

CREATE TABLE IF NOT EXISTS `fbg` (
  `id` int(11) NOT NULL AUTO_INCREMENT,
  `cpc_number` varchar(20) NOT NULL,
  `group_name` varchar(100) NOT NULL,
  `field_officer` varchar(10) NOT NULL,
  `hectares_available` varchar(20) NOT NULL,
  `chairman_name` varchar(100) NOT NULL,
  `chairman_phone` varchar(100) NOT NULL,
  `secretary_name` varchar(100) NOT NULL,
  `secretary_phone` varchar(100) NOT NULL,
  `village` varchar(10) NOT NULL,
  PRIMARY KEY (`id`)
) ENGINE=InnoDB  DEFAULT CHARSET=latin1 AUTO_INCREMENT=768 ;

--
-- Dumping data for table `fbg`
--

INSERT INTO `fbg` (`id`, `cpc_number`, `group_name`, `field_officer`, `hectares_available`, `chairman_name`, `chairman_phone`, `secretary_name`, `secretary_phone`, `village`) VALUES
(1, '', 'Mkombozi imalambuli ', '', '187', 'KANUDA MADIDA', '', 'DEUSI LUGOSI', '', '1'),
(2, '', 'Tupendane ', '', '113', 'SHIWA MBELENGE', '', 'DONARD BALIMI', '', '5'),
(3, '', 'Hekeheke ', '', '91', '', '', '', '', '7'),
(4, '', 'Ibambasi', '', '150', 'MABULA KUJI', '', 'NGONGHO MAHANGILA', '', '9'),
(5, '', 'Bulongoni ', '', '162', 'MBOGO KASAKA', '', 'MADUHU ZUNZU', '', '28'),
(6, '', 'Mshikamano ', '', '301', '', '', '', '', '28'),
(7, '', 'Kujitegemea ', '', '482', '', '', '', '', '28'),
(8, '', 'Tupendane group', '', '324', 'EZEKIELI D. DONDOLYA', '', 'NKELA NYERERE', '', '28'),
(9, '', 'Sidabala ', '', '165', 'MISANA SINDUTA', '', 'KIBAGWA BULUBA', '', '30'),
(10, '', 'Mahusiano ', '', '395', 'MONGA SHAGI', '', 'ELENI KILIMO', '', '36'),
(11, '', 'Kilimo Bora ', '', '245', 'ERASTO MAKONO', '', 'NGHATE MASUNGA', '', '36'),
(12, '', 'Mambo sasa ', '', '144', 'DEDE NANGULO', '', 'NKWIMBA NYANZAMASWA', '', '36'),
(13, '', 'kilimo mkombozi ', '', '177', 'MAKULA KANUGI', '', 'KANUNGHI', '', '36'),
(14, '', 'Nyamigunga ', '', '144', 'KIJIJI SHOSHA', '', 'SHIWA SAPA', '', '36'),
(15, '', 'Amani Byuna ', '', '212', 'THEREZIA  MATHIAS', '', 'NTAGALA LAZARO', '', '36'),
(16, '', 'Songa mbele ', '', '274', 'SUNZU MAYASHI', '', 'MASUNGA BUGONDO', '', '36'),
(17, '', 'Amani ', '', '496', 'MATANGAZO KIBOKO', '', 'KILUNGUJA MADUHU', '', '45'),
(18, '', 'Igembesabo', '', '409', 'MBUSI NKOMBOSHURI', '', 'EMMANUEL NDELEMA', '', '45'),
(19, '', 'Nuya mlimani ', '', '111', 'MABULA MAYUNGA', '', 'MASUNGA SANANE', '', '47'),
(20, '', 'Madukani ''a''', '', '200', 'PETRO LUGWISHA', '', 'JUMA JULIASI', '', '47'),
(21, '', 'Madukani ''b''', '', '248', 'JOSEPH SANGIJA', '', 'MASANJA THOMAS', '', '47'),
(22, '', 'Ngwanghingo', '', '227', 'JUMA ITONGA ', '', 'KIGIHA KAZI', '', '47'),
(23, '', 'Mwabulugobi ', '', '190', '', '', '', '', '51'),
(24, '', 'Tumaini ', '', '170', '', '', '', '', '51'),
(25, '', 'Kimwaga ', '', '151', '', '', '', '', '51'),
(26, '', 'Muungano ', '', '120', '', '', '', '', '51'),
(27, '', 'Jembe ni mali ', '', '94', '', '', '', '', '51'),
(28, '', 'Maendeleo ', '', '228', '', '', '', '', '51'),
(29, '', 'Kilimo ni uhai ', '', '163', 'MAGEBU', '', 'MAHIMBO H.KINYONI', '', '52'),
(30, '', 'Utandawazi mkuyuni ', '', '76', 'SEGESE MABINA', '', 'MPUGWA KILULU', '', '52'),
(31, '', 'Haki na amani  mkuyuni  ', '', '94', 'CHARLES N.GISIJA', '', 'MADUHU LUYEHO', '', '52'),
(32, '', 'Wachapakazi isanga ', '', '201', 'SALALI BUSUTI', '', 'KASILI NYABU', '', '52'),
(33, '', 'Cheka na amani ', '', '78', 'MAKOYE NYANZA', '', 'MBALI MBUSHILE', '', '52'),
(34, '', 'Ukakamavu isanga ', '', '224', 'DOTTO KISELYA', '', 'MANGU THANIKO', '', '52'),
(35, '', 'Igembesabo', '', '328', 'JOHN MAHALA', '', 'MELEMELE GOLESU', '', '52'),
(36, '', 'Balimi', '', '', 'MHAONGOLA SUBALIMU', '', 'SAGUDA MANGU', '', '52'),
(37, '', 'Muungano ', '', '135', 'MAHAJA NZALA', '', 'SALIDA MABULA', '', '54'),
(38, '', 'Serengeti ', '', '323', 'WALWA SEGESO', '', 'MASHAKA  MASOYA', '', '54'),
(39, '', 'Gilya mkataba severce ', '', '85', 'NSULWA KAGONDI', '', 'NGUMBI MAGEME', '', '55'),
(40, '', 'Kujitegemea ', '', '261', 'SAMUEL GAGA', '', 'SUZY ONESMO', '', '59'),
(41, '', 'Wakombokela ', '', '97', 'MABULA MALUGU', '', 'MADUHU NHINDILO', '', '59'),
(42, '', 'Nguvu kazi ', '', '261', 'MASANJA JICHABU', '', 'JEREMIA NTEMI', '', '59'),
(43, '', 'Nyanza ', '', '285', 'REBEKA MADUHU', '', 'DANIEL DWASI', '', '60'),
(44, '', 'Madukani ', '', '244', 'KIDENYA BALANGUDI', '', 'DANIEL DWASI', '', '60'),
(45, '', 'Mwabashi ', '', '196', 'KASILI LUBABASHA', '', 'MILI MAHELA', '', '60'),
(46, '', 'Upendo ', '', '424', 'MADUHU ', '', 'MADUHU', '', '60'),
(47, '', 'Mwabuki ', '', '319', 'NDAHILA KABBIGA', '', 'KUYELA SANZANI', '', '60'),
(48, '', 'Ushirikiano ', '', '226', 'NZUNGU LUTENGANIJA', '', 'SUNDI MASEKO', '', '64'),
(49, '', 'Nguvu kazi ', '', '236', 'JACKSON SANZU', '', 'SUMAYI LUBUGU', '', '64'),
(50, '', 'Bagolole ', '', '237', 'SHIMBA IGULU', '', 'MRIMA ISOMBA', '', '68'),
(51, '', 'Ngwagabate ', '', '270', 'MATONDO LUSHULOPE', '', 'NGELEJA LUTENGA', '', '68'),
(52, '', 'Igegu ', '', '209', 'NDULU MASUNGA', '', 'JOHN GILANDI', '', '70'),
(53, '', 'Mapambono ', '', '248', 'SALUMU MAGEMBE', '', 'BAHEBE MAHEGA', '', '70'),
(54, '', 'Wakulima safi ', '', '237', 'NJILE MAKOMBA', '', 'SAIDA HAMISI', '', '76'),
(55, '', 'Ushirika nyagudi ', '', '235', 'SHIWA BUJIKU', '', 'SAMSON L.NG''HEHELA', '', '77'),
(56, '', 'Kilimo bora ', '', '176', 'LITINA SUMAGU', '', 'ELIAS PONEJA', '', '80'),
(57, '', 'Ihojo ', '', '126', 'JOHN MADUTU', '', 'JUMANNE L. LIMO', '', '80'),
(58, '', 'Nguvu kazi ', '', '126', 'PAUL MASHAURI', '', 'MAYALA MAPUNDU', '', '80'),
(59, '', 'Igenmbe sabo ', '', '94', 'NDONGO ITOBYA', '', 'MARY INSHASHI', '', '80'),
(60, '', 'Muungano ', '', '232', 'SEDEKA SARA', '', 'SAYI KILULU', '', '80'),
(61, '', 'MBAPA', '', '214', 'MADUHU MHINDI', '', 'MARCO MAYALA', '', '80'),
(62, '', 'Mwantongilo', '', '187', 'KULWA MAMBA', '', 'MADUHU MAWEDA', '', '80'),
(63, '', 'Tupendane ', '', '110', '', '', '', '', '81'),
(64, '', 'Mendeleo ', '', '287', 'ELIA  WILLIAM', '', 'MARTIN  NHAMBUF', '', '81'),
(65, '', 'Upendo saccos ', '', '252', 'SHINJE MUHOJA', '', 'CHARLES JOSEPH', '', '81'),
(66, '', 'Mwabagalu ', '', '320', 'ELIAS MATANAZO', '', 'JACKSON BOLLE', '', '81'),
(67, '', 'Juhudi maarifa ', '', '136', 'MASHIMO MANZILINGONO', '', 'MAGEMBE MACHUNGWA', '', '82'),
(68, '', 'Kisimani', '', '190', 'ALEX NDALIJA', '', 'KIJA MAGEMBE', '', '82'),
(69, '', 'Vitunu ''a''', '', '266', '', '', '', '', '86'),
(70, '', 'Uhuru''a''', '', '360', 'NGAGA FILIMON', '', 'SAYI GAMAYA', '', '86'),
(71, '', 'Tupendane ', '', '452', 'KOMANYA MADENI', '', 'MADENI KOMANYA', '', '93'),
(72, '', 'Mshikamano ', '', '205', 'LUCIA SAYI', '', 'SHIWA LUGITO', '', '93'),
(73, '', 'Wachapa kazi ', '', '134', 'MATHIAS MISHACK', '', 'JULIAS MANYILIZU', '', '118'),
(74, '', 'Nyamagana farmer group ', '', '203', 'ELIASA LAKINI', '', 'DAUDI MHANGWA', '', '118'),
(75, '', 'Zanzibar ', '', '79', 'COSMAS MALICO', '', 'MARCO CHARLES', '', '118'),
(76, '', 'Walimu shule ya msingi ', '', '47', 'JUMA M. MABULA', '', 'REVOCATUS MARANJA', '', '118'),
(77, '', 'Ujirani mwema ', '', '84', 'MALANGAHE .B', '', 'SAYI  NESTORY', '', '118'),
(78, '', 'Bagosha kilimo ', '', '80', 'SWEYA ', '', 'EMMANUEL ILINGA', '', '118'),
(79, '', 'Busese Tuinuane group', '', '123', 'MASHAURI KWANGU', '', 'EMMANUELI NDIGANYA MASUNGWI', '', '118'),
(80, '', 'Mshikamano group', '', '330', 'FABIAN SENI', '', 'MPUGWA NGHASHA', '', '126'),
(81, '', 'Igembesabo', '', '370', 'MASABA MUHULI', '', 'MADUHU NYANDA', '', '127'),
(82, '', 'Iguna ', '', '183', 'JUMA MAGI', '', 'JUMA MAGI', '', '130'),
(83, '', 'Mwanzo mgumu kilalo ', '', '172', 'MACHIBYA NGENI', '', 'MASHANGILA MJABA', '', '130'),
(84, '', 'Miembeni ', '', '80', 'MACHUMA DUTU', '', 'JANDINGW KILIJINGWA', '', '130'),
(85, '', 'Wapendanao ', '', '233', 'NHUNDU LUZONOLA', '', 'KAZIMILI JAMES', '', '130'),
(86, '', 'Nyerere', '', '136', 'SELEMANI DAUDI', '', 'ATHONY SALUM', '', '130'),
(87, '', 'Ng''wandu ', '', '107', 'YOMBO LUTOBEKA', '', 'JUMA M.GADOSA', '', '130'),
(88, '', 'Upendo ', '', '242', 'MPEMBA', '', 'PETRO JOSEPH', '', '130'),
(89, '', 'Kishada kilalo ', '', '65', 'NGOHELWA KABOLE', '', 'KIJA MASAGANYA', '', '130'),
(90, '', 'Amani ', '', '135', 'PHILIPO LUHYA', '', 'MAYALA MAGANIKO', '', '130'),
(91, '', 'Maisha bora ', '', '60', 'KAZIMILI KATONO', '', 'JOHN BULUGU', '', '130'),
(92, '', 'Sanjo', '', '119', 'MPENA PAMBE', '', 'MASALU NHIMANI', '', '130'),
(93, '', 'Igembesabo', '', '119', 'WILLIAM JOSEPH', '', 'DANIEL ROBATI', '', '134'),
(94, '', 'Mwamalwilo ', '', '184', 'KIMOLA MAXLINZU', '', 'MABULA MADAKE', '', '169'),
(95, '', 'Mwabalimi ', '', '168', 'NTEGO', '', 'LYOCHI JALABWA', '', '169'),
(96, '', 'Ngwenda mkono ', '', '101', 'SILYA ', '', 'MASHUKU', '', '169'),
(97, '', 'Igembesabo', '', '115', 'MAKOYE KATEMI', '', 'SHANTA ZANZUI', '', '169'),
(98, '', 'Mwaloni', '', '121', 'MATONDO LUGWILA', '', 'LENGA CHAPATI', '', '176'),
(99, '', 'Muungano kingo', '', '152', 'MAHANGILA SITTA', '', 'PETER KALOLI', '', '178'),
(100, '', 'Mhuli ', '', '195', 'NGUSA MAGEMBE', '', 'NTEMI NGUSA', '', '178'),
(101, '', 'Senta Masewa ', '', '241', 'SAMUEL KAPULA', '', 'KIJA CHANILA', '', '191'),
(102, '', 'Igenbesabo ', '', '111', 'MASANJA JUMA', '', 'SAFARI MADUHU', '', '191'),
(103, '', 'Tembo ', '', '332', 'MAGESA NYAMHOGO', '', 'KAYANGE KAZILO', '', '191'),
(104, '', 'Kilimo kwanza ', '', '232', 'JULIAS SUSAN', '', 'MUSA JOTA', '', '191'),
(105, '', 'Zawadi kikundi', '', '173', 'SUNGWA MAHUMBI', '', 'NTINGINYA THOMAS', '', '193'),
(106, '', 'Kaza moyo ', '', '208', 'GOMOLO HAGHAGU', '', 'BULUMA MBEYO', '', '194'),
(107, '', 'Ushirika ', '', '209', 'COSTANTINE SOSOGANYA', '', 'SAYI MILINGWA', '', '194'),
(108, '', 'Mshikamano ', '', '76', 'SABA NTOBI', '', 'HOLO NOTIA', '', '194'),
(109, '', 'Mkombozi ', '', '136', 'SEIFU PAUL', '', 'MADELEKE LUHUNGO', '', '197'),
(110, '', 'Urafiki ', '', '260', 'WASTANI SIGILU', '', 'SITTA MASANJA', '', '197'),
(111, '', 'Pamba dhahabu nyeupe ', '', '147', 'MASUNGA NKONO', '', 'BUSIGA MASANJA', '', '197'),
(112, '', 'NGANGA NJILE', '', '', 'ROBERT MAKOYE', '', '', '', '198'),
(113, '', 'Senta mbugani ', '', '458', 'MASALU MAJIMAJI', '', 'NTUNGWA BUDEDEBALE', '', '200'),
(114, '', 'Kati''a'' mondo', '', '245', 'NZAZULE LUKWA', '', 'HOJA MADUHU', '', '200'),
(115, '', 'Kati''b'' mondo ', '', '241', 'NZAZULE LUKWA', '', 'HOJA MADUHU', '', '200'),
(116, '', 'Mkombozi ', '', '346', 'SALUNKASILI', '', 'SAYI SAGIJA', '', '200'),
(117, '', 'Iembesabo', '', '137', 'NYANDA NDEGE', '', 'CHIBA NDEGE', '', '202'),
(118, '', 'Wapendanao mkombozi 1', '', '190', 'MASUNGA KILULU', '', 'KIZITO KIJA', '', '202'),
(119, '', 'Wependanao ''A''Mwasasa', '', '88', 'NDULU MKILI', '', 'KIDANHA KASILI', '', '202'),
(120, '', 'songa mbele ', '', '318', 'WILLISON JOHN', '', 'MAYILA MWANDU', '', '211'),
(121, '', 'Ngwenge ', '', '165', 'SHIMA MADUHU', '', 'BERNAD SAPUNDA', '', '216'),
(122, '', 'Amani ', '', '113', 'MASAKA YABALINDI', '', 'MASUKE MIKEMBO', '', '216'),
(123, '', 'Muungano ', '', '156', 'IMERY SAYI', '', 'MIZAZA H. MIZAZAf', '', '225'),
(124, '', 'Faidika ', '', '105', 'MALAMALA JOSEPH', '', 'NILA LUHANGA', '', '250'),
(125, '', 'Miembeni ', '', '108', 'NCHAMBI  LUPIGA', '', 'MASHAKA  NYANDA', '', '251'),
(126, '', 'Mwanzo mgumu ', '', '189', '', '', '', '', '258'),
(127, '', 'Imalanota ', '', '106', 'LUKAS LUTEGEJA', '', 'ELISHA K.SHILINGA', '', '277'),
(128, '', 'Mlimani  busumbu ', '', '180', 'MGAKA KONONGWANGU', '', 'MASHIKU PASTORY', '', '277'),
(129, '', 'Igembe sabo mwamlapa ', '', '229', 'MASHIKU JEREMIA', '', 'SIXBERT MUSSA', '', '277'),
(130, '', 'Igembe sabo busese ', '', '72', 'MASHIKU JEREMIA', '', 'SIXBERT MUSSA', '', '277'),
(131, '', 'Tushikamane ', '', '147', 'LUCAS NHALA', '', 'EMMANUEL ROBERT', '', '277'),
(132, '', 'Wicha moyo ', '', '362', 'JAMES THOMAS', '', 'MUSSA E,. OBANHU', '', '277'),
(133, '', 'Maendeleo ', '', '129', 'MASUNGA JOSEPH', '', 'BAHATI HIMA', '', '278'),
(134, '', 'Mkombozi mwandama ', '', '240', 'MAOUNGA MBUGA', '', 'MAYENGA TALAMA', '', '283'),
(135, '', 'Senta mwandama ', '', '215', 'MALIMI GOMBO', '', 'PEMBA SAGUDA', '', '283'),
(136, '', 'Tuamke mwandama ', '', '178', 'SAYI CHOLO', '', 'ELIAS JOSEPH', '', '283'),
(137, '', 'mkombozi', '', '180', 'MOMOSE SIGISI ', '', '', '', '296'),
(138, '', 'Mkombozi ', '', '195', '', '', '', '', '297'),
(139, '', 'Mwanzoya madukani ', '', '183', '', '', '', '', '301'),
(140, '', 'Ushirikiano ', '', '241', 'MBOJE MAKAYULA', '', 'GODFREY P.SAIDA', '', '308'),
(141, '', 'Mkombozi ', '', '317', 'BLEULWA', '', 'MLINGI NG''HILI', '', '308'),
(142, '', 'Maendeleo ', '', '125', 'EMA KOTANGI', '', 'MATHAYO C.MANALA', '', '309'),
(143, '', 'Igenbesabo 1', '', '176', 'NATHANIEL NEHEMIA', '', 'ZACHARIA BUGANZA', '', '309'),
(144, '', 'Maweni', '', '230', 'KAMBI MAHANGI', '', 'KINGOLO MASANJA', '', '311'),
(145, '', 'Mlimani ''a''', '', '186', 'LUMBU  MPONESA', '', 'ERENEST SONDO', '', '312'),
(146, '', 'Majimaji duma', '', '126', 'HOLO IKUNZA', '', 'GULLASA SAYI', '', '312'),
(147, '', 'Shabita migunga saba', '', '168', 'AMOSI KILULU', '', 'SAMWELI MLOMO', '', '312'),
(148, '', 'Mapambono ', '', '231', 'MASUKE B. LONUNGU', '', 'MAPULYANGO', '', '312'),
(149, '', 'subida', '', '137', 'BAYA NEWAZA', '', 'NKWABI NDALE', '', '315'),
(150, '', 'Kazi na malengo ', '', '98', 'MARTINE KAHINDI', '', 'JAMES NYANDA', '', '324'),
(151, '', 'Ihojo madukani ', '', '126', 'MATHIAS MISWINGWI', '', 'JAMES NYANDA', '', '324'),
(152, '', 'Mwamakanga ', '', '92', '', '', '', '', '324'),
(153, '', 'Balimi  ', '', '94', 'JOSEPH PAULINI', '', 'MARY YUSUFU', '', '324'),
(154, '', 'Igembesabo nduha ', '', '114', '', '', '', '', '324'),
(155, '', 'Muungano ', '', '187', 'SHINJE ALLY', '', 'KULWA MADUHU', '', '335'),
(156, '', 'Kisiwani ', '', '218', 'PHILIMO KABAMBASI', '', 'MATHIAS LUSHINA', '', '335'),
(157, '', 'Kazi kwanza ', '', '222', 'KWANDU GEORGE', '', 'MAGILE MADUHU', '', '335'),
(158, '', 'Mnyonge ainuke ', '', '185', 'DANGER GIMBISHI', '', 'MADUHU BUWE', '', '337'),
(159, '', 'Amani maendeleo ', '', '173', 'MGEMA JOHN', '', 'KELE MATELESI', '', '337'),
(160, '', 'Wachimba ngobi ', '', '155', '', '', '', '', '338'),
(161, '', 'Kadoto''a''', '', '68', 'CEPHULEN YAKOBO', '', 'MASUNGA  ELIAS', '', '339'),
(162, '', 'Kidamlenda ', '', '379', 'YUSUPH RAMAHDANI', '', 'KIMOLA NDULU', '', '345'),
(163, '', 'Nguvu kazi ', '', '679', 'KWEZI MABULA', '', 'JAMBASI LUSWAGA', '', '345'),
(164, '', 'Mwankonya ''A''(Masikini Ainuke)', '', '257', 'NILA NJILE', '', 'MIGILE SAGUDA', '', '347'),
(165, '', 'Madukani''b''', '', '284', 'HEKA SAYI', '', 'NG''HOLONGO MAGONDI', '', '349'),
(166, '', 'Mwanchim ', '', '44', 'THOMAS MASANYA', '', 'MADUHU CHARLES', '', '352'),
(167, '', 'Mlimani kazi ', '', '256', 'OMALI SAGUDA', '', 'MICHAELI MACHIBULA', '', '362'),
(168, '', 'Mwabaraturu ', '', '270', 'JOHN MUSSA', '', 'IDD MAGWANJI', '', '362'),
(169, '', 'Mwabayanda ', '', '222', 'MIDALA MANYAMA', '', 'DANIEL SAYI', '', '362'),
(170, '', 'Ujamaa Nyamikoma ', '', '315', 'SHAWISHI AMOSI', '', 'SAGUDA B. MASWEKO', '', '362'),
(171, '', 'Mkombozi Nyamikoma ', '', '220', 'PUMA MASOTA', '', 'EDWARD FUMBUKA', '', '362'),
(172, '', 'Imalanota ', '', '278', 'MASINGIJA MALANDA', '', 'KIYENZE MUHANDA', '', '362'),
(173, '', 'Nguvu kazi ', '', '220', 'MANDILINDI', '', 'PATRICK KISHIWA', '', '362'),
(174, '', 'Maendeleo ', '', '287', '', '', '', '', '363'),
(175, '', 'Tukombolewe ', '', '195', 'PAUL JATUMA', '', 'MACHIBYA KAYEBA', '', '363'),
(176, '', 'Igembesabo ', '', '135', 'MAHOLA LUHEMEJA', '', 'SAYI KAZILO', '', '363'),
(177, '', 'Watafutaji', '', '299', 'DAUDI LUCAS', '', 'SOSOMA BUSWELU', '', '363'),
(178, '', 'Njiapanda ', '', '197', 'MAGESA NGULYATI', '', 'MUBILA SHILINDE', '', '364'),
(179, '', 'Mwangaza ', '', '171', 'DANIEL MALIBATA', '', 'MAGDALENA GABRIEL', '', '364'),
(180, '', 'Mzalendo ', '', '229', 'MONGE MALIBATA', '', 'MUDIMA LUNGWECHA', '', '364'),
(181, '', 'Sisa ', '', '213', 'MADUHU MAGEMA', '', 'NGOLO MUZUGA', '', '370'),
(182, '', 'Imalabuluhi', '', '172', 'LIKI  KAYUNGILO', '', 'SAYI M. NTABI', '', '371'),
(183, '', 'Ngw''ahoho', '', '330', 'MASNJA RUBEN', '', 'YAKOBO PETER', '', '378'),
(184, '', 'Simiu ', '', '197', 'JULIANA NGAKI', '', 'JULIAS SILANGA', '', '381'),
(185, '', 'Chogwa ni kwetu ', '', '60', 'SAFIA MBUSI', '', 'KANUMBU MATHIASI', '', '382'),
(186, '', 'Njiapanda ', '', '68', 'SINGI MVANGA', '', 'NGUSSA ELIASI', '', '382'),
(187, '', 'Chogwa ni uhai ', '', '42', 'JUSTINE MASUKE', '', 'NGEME MASUKA', '', '382'),
(188, '', 'Mkombozi ', '', '87', 'CHARLES TUNGU', '', 'NSHASHI MAGUNANO', '', '382'),
(189, '', 'Neema', '', '134', 'SAKA MLALA', '', 'JUSITINA B. MASUKA', '', '382'),
(190, '', 'Muungano ', '', '75', 'MINZA M.BABILI', '', 'EMMANUEL KUSHAHA', '', '389'),
(191, '', 'Mwakiduta ''b'' ', '', '200', 'NGHWANI EDWARD', '', 'IKUNGULA KASUKU', '', '390'),
(192, '', 'Nyasosi ''B''', '', '135', 'ALEX CHUMA', '', 'KULWA NIGO', '', '394'),
(193, '', 'Mkombozi Sapiwi ', '', '170', 'NYAKI ZEGEZEGE ', '', 'MAYALA MBOJE', '', '396'),
(194, '', 'Wachapa kazi ', '', '299', 'JUMA BLANDI', '', 'EMMANUEL SAYI', '', '396'),
(195, '', 'Majengo ', '', '208', 'BROCK HAIZURU', '', 'MAYALA NDATURU', '', '396'),
(196, '', 'Nkindwabiye ''a''', '', '132', 'JAPHETY M. KUYI', '', 'JUMA KAHUNIE', '', '396'),
(197, '', 'Segese farm', '', '166', 'MHANGO  MAHANGO', '', 'DITTO ROBERT', '', '396'),
(198, '', 'Jalala', '', '169', 'NJELA DANGA', '', 'JUMA MADUHU', '', '396'),
(199, '', 'Kujikombowa ', '', '124', 'BONIPHACE  MAGALU', '', 'MASANJA JOSEPH', '', '406'),
(200, '', 'Nufaika na kilimo mkataba ', '', '257', '', '', '', '', '411'),
(201, '', 'Nufaika na kilimo pamba ', '', '323', 'MAKONDA SANGIJA', '', '', '', '411'),
(202, '', 'Kazi malengo ', '', '109', 'MBOJE MABULA', '', 'GILYA MAGATANZA', '', '417'),
(203, '', 'Nguvu kazi ', '', '234', 'GILYA DOYI', '', 'MAYENGA YUSUPH', '', '426'),
(204, '', 'Balimi mlimani ', '', '333', 'JOSEPH SANGIJA', '', 'MASANJA THOMAS', '', '430'),
(205, '', 'Upendo ', '', '210', 'LUCAS MUYA', '', 'EZEKIELI KIYUMBANI', '', '21'),
(206, '', 'Mkombozi ', '', '212', 'HANGI KINYAMASALA', '', 'MSAFIRI SAMSON', '', '25'),
(207, '', 'Makutano ', '', '210', 'MADOKE KIDAYI', '', 'MALUGU MKINGA', '', '25'),
(208, '', '12', '', '185', 'MADOKE KIDAYI', '', 'MALUGU MKINGA', '', '26'),
(209, '', 'Amkeni bumera ', '', '183', '', '', '', '', '27'),
(210, '', 'Mukawau ', '', '419', 'YOMBO MBISU', '', 'RICHARD SENI', '', '27'),
(211, '', 'Tegemeo ', '', '104', '', '', '', '', '27'),
(212, '', 'Mkombozi ', '', '349', 'RUGEMBE LAMECK', '', 'HARUNI MASUNGA', '', '29'),
(213, '', 'Maji mato group ', '', '117', 'NGASA  GUMADA', '', 'WILLIAM LUGATA', '', '29'),
(214, '', 'Upendo madukani ', '', '133', 'PETER W.SITTA', '', 'CHARLES LAMECK', '', '29'),
(215, '', 'Kazana group ', '', '176', 'ZACHARIA KHALEB', '', 'EMAKURATHA YONZU', '', '29'),
(216, '', 'Igembesabo ', '', '220', 'GABUNA MASALU', '', 'SANAGULA SALI', '', '41'),
(217, '', 'Juhudi ', '', '200', 'ZAINABU MIRAJI', '', 'NDATULU MIRAJI', '', '41'),
(218, '', 'Juhudi ''a''', '', '197', '', '', '', '', '41'),
(219, '', 'Dasina farmer  group ', '', '129', 'HAMALA SHIWA', '', 'MADUHU MALABA', '', '46'),
(220, '', 'Umoja', '', '180', 'DOTTO MIGUTA', '', 'EMANUEL SAGUDA', '', '50'),
(221, '', 'mkombozi', '', '126', 'KIJA WINGI', '', 'MASELE NDIMILA', '', '50'),
(222, '', 'Kilimo gambasingu', '', '244', 'MILIKA MAGASHI', '', 'DOTTO LUTEMA', '', '50'),
(223, '', 'Umoja B'' Nshenu', '', '87', 'REGENA SAKANAKA', '', 'ZAKAYO KIDENDE', '', '50'),
(224, '', 'Zinduka ', '', '150', 'SENI SAKA', '', 'SUSU MABULA', '', '53'),
(225, '', 'Kombola  gaswa ', '', '77', 'LIMBU M.MALELE', '', 'GEORGE W.GUTA', '', '53'),
(226, '', 'Igembesabo ', '', '160', 'MAKOLO MASANJA', '', 'LAZARO MANGU', '', '53'),
(227, '', 'Bufaco ', '', '242', 'MAYENGA MASHAGI', '', 'NG''WALINDA SITTA', '', '63'),
(228, '', 'Ari mpya ', '', '130', 'CHALAHANI SWEKA', '', 'DEREVARNCE M.NIWA', '', '63'),
(229, '', 'Nguvu kazi nghune ', '', '163', 'MALALE OMARI', '', 'MASUNGA PAUL', '', '78'),
(230, '', 'Mkombozi  nghune ', '', '119', 'HABITI TALA', '', 'SENI MASANJA', '', '78'),
(231, '', 'Amani ', '', '65', 'ABUDUO MUNGO', '', 'MANGWENYE MUSINGI', '', '78'),
(232, '', 'Umoja ', '', '72', 'MWASI MAIGE', '', 'KIJA SAGUDA', '', '78'),
(233, '', 'Igembesabo nghune ', '', '211', 'LUGEGE NYENYE', '', 'MASHAULI NDELYA', '', '78'),
(234, '', 'Tujikombowe ', '', '234', 'SITTA MALIMI', '', 'SALUME JOSEPH', '', '92'),
(235, '', 'Umoja ', '', '309', 'WALI  DOTTO', '', 'DPTTO HANGA', '', '92'),
(236, '', 'Jitegemee ', '', '306', 'SALU HAZUNGU', '', 'SAMWELI PHILPO', '', '95'),
(237, '', 'Jembe mkombozi ', '', '218', '', '', '', '', '95'),
(238, '', 'Jinufaishe ', '', '144', '', '', '', '', '95'),
(239, '', 'Tazama shamba ', '', '332', '', '', '', '', '95'),
(240, '', 'Balimi ', '', '183', '', '', '', '', '94'),
(241, '', 'Umoja kikundi ', '', '62', 'PETRO JUMA', '', 'CHARLES NTUGUMILA', '', '97'),
(242, '', 'Itubilo ', '', '261', 'NTEMI NTIGA', '', '', '', '99'),
(243, '', 'Balimi ', '', '226', 'THOMAS NGASA', '', 'MAKOYE NTOBI', '', '99'),
(244, '', 'Upendo bushosha ', '', '172', 'JOSEPH ICHOMA', '', 'SIMON MASHIKU', '', '108'),
(245, '', 'Umoja nyamilama ', '', '204', 'MUJINGWA SENI ', '', 'SILAS LUSANA', '', '117'),
(246, '', 'Nyamilama ''b''', '', '205', 'SITIVIN MALIMI', '', 'MASHISHANGA PAWA', '', '117'),
(247, '', 'Kilugala kijiweni ', '', '131', 'RASHIDI KASANDA', '', 'KILANGI NG''HONGE', '', '133'),
(248, '', 'Twiga group ', '', '142', 'MAHUSI MKOWO', '', 'JUSTINE YASATA', '', '135'),
(249, '', 'Tuinuane ', '', '114', 'KALEMELA', '', 'MWALU JILYA', '', '137'),
(250, '', 'Tuhangaike', '', '64', 'BENJAMINI SALINJA', '', 'MBOGO MALUNJA', '', '157'),
(251, '', 'Balimi', '', '180', 'MAGEMBE NG''HONELA', '', 'MAYANI NONI', '', '157'),
(252, '', 'Kilimo ni mali ', '', '228', 'MAHONA SHINDANO', '', 'KIJA MATAYALI', '', '159'),
(253, '', 'Buludika najembe ', '', '223', 'MATHIAS TOBIAS', '', 'FALLC MUSSA', '', '159'),
(254, '', 'Mzalendo', '', '300', 'SHABULI GILYA', '', 'EDISON NTINIEKULANGA', '', '162'),
(255, '', 'JEMbe mkombozi ', '', '114', 'JEMSI MADUHU', '', 'OPULUKWA KAKOME', '', '166'),
(256, '', 'Masaka ', '', '128', 'BUDOLE RAMADHANI', '', 'BENJAMINI NG''ONDI', '', '166'),
(257, '', 'luguru maendeleo ', '', '215', 'MUNUO JOHN', '', 'PAUL SHIGELA', '', '166'),
(258, '', 'kilimo kwanza', '', '338', 'SELEKA MANYILIZU', '', 'ELIAS NYALAMU', '', '177'),
(259, '', 'Nselya maendeleo ', '', '200', 'KWEZI BUGONDO', '', 'ATHONY KAZI', '', '199'),
(260, '', 'Maendeleo ', '', '194', '', '', '', '', '199'),
(261, '', 'Muungano ', '', '256', 'NG''WASI SITTA', '', 'KUDILA KILUGALA', '', '204'),
(262, '', 'Madukani ', '', '262', 'MADEVU MASALU', '', 'MLASI MAHEGA', '', '205'),
(263, '', 'Migato shuleni ', '', '176', 'NINDWA SUMBUKA', '', 'ANHON MAKOLO', '', '205'),
(264, '', 'Juhudi walagida ', '', '82', '', '', '', '', '212'),
(265, '', 'Juhudi walagida ', '', '82', '', '', '', '', '213'),
(266, '', 'Uboreshaji ', '', '124', 'GOBO MADILISHA', '', '', '', '217'),
(267, '', 'Mkombozi''a''', '', '210', 'DEUS KUZENZA', '', 'JOSEPH NYANDA', '', '217'),
(268, '', 'Muungano ', '', '225', 'KWEZ BIGENI', '', 'NTALIMA BUKUNDUKI', '', '234'),
(269, '', 'Mkombozi ', '', '132', 'ESTER KIFARU', '', 'IBRAHIMU MSWAHILI', '', '234'),
(270, '', 'Jembe ni mali', '', '95', 'PAUL NGASA', '', 'SAYI ELIAS', '', '236'),
(271, '', 'Bulemela ', '', '147', 'JOHN S. MAGETA', '', 'MAGEME MADUHU', '', '243'),
(272, '', 'Kilimo ni mali ', '', '228', 'MATULANYA LUHANYA', '', 'LUGATA HINDWA', '', '249'),
(273, '', 'kilimo mkombozi', '', '300', 'MIHAMBO MATAMBALYA', '', 'BENJAMINI MASUNGA', '', '249'),
(274, '', 'Mkombozi ', '', '132', '', '', '', '', '260'),
(275, '', 'Mkombozi ''b''', '', '178', 'SALU LUHAMBA', '', 'KILULU ITAWI', '', '260'),
(276, '', 'Mwembeni ', '', '190', 'LIMBU NKUNU', '', 'NGWASI DOTTO', '', '260'),
(277, '', 'Mpumla', '', '83', 'GUMBA JITENGA', '', 'FELICIAN LUSEGENDEJA', '', '260'),
(278, '', 'Mwalushu one', '', '141', 'YOHANA NDAGANYA', '', 'MASANJA JUMA', '', '260'),
(279, '', 'Igembesabo', '', '124', 'MAGREHT SAMSON', '', 'BAHATI WAME', '', '260'),
(280, '', 'Tenda wema', '', '200', 'NZUNGU NJESA', '', 'MAGEME MLINDA', '', '264'),
(281, '', 'Ngengwambula ', '', '216', 'PHABIANI KINGI', '', 'NGHABI GILINDA', '', '267'),
(282, '', 'Juhudi ', '', '224', 'CHARLES MADUHU', '', 'DAUD ELIAS', '', '268'),
(283, '', 'Songambele ', '', '177', 'MASHAULI NZUMBI', '', 'GUSHANA PAUL', '', '272'),
(284, '', 'Igembesabo  nghune ', '', '211', '', '', '', '', '272'),
(285, '', 'Nyerere road ', '', '102', 'GALANI MASENYA', '', 'PAUL BIBY', '', '273'),
(286, '', 'Wakulima bora ', '', '169', 'MAGEMBE GUKE', '', 'BUGENGE MBOJE', '', '273'),
(287, '', 'Kilimanjaro ', '', '66', '', '', '', '', '273'),
(288, '', 'Iguna bahabi', '', '273', 'ROBERT KANUDA', '', 'CHARLES NYASILU', '', '273'),
(289, '', 'Balimi', '', '279', 'GAMBO BOUGO', '', 'SITTA KIJA', '', '273'),
(290, '', 'Igembesabo C', '', '86', 'YAHANA  MBATILO', '', 'MBOJE GEORGE', '', '273'),
(291, '', 'Mkombozi c', '', '247', 'SUNDIJA MASINDI', '', 'MASANJA NDUNYA', '', '273'),
(292, '', 'Igunabasabi', '', '273', 'GEORGE LUKUBA', '', 'JAPHETY ZACHALIA', '', '273'),
(293, '', 'Kipamu', '', '', 'LILANGA GUBI', '', 'AYUBU MALELE', '', '273'),
(294, '', 'Juhudi ', '', '86', 'MABULA M. SOLI', '', 'MUNGO MAGEME', '', '276'),
(295, '', 'Mchakamchaka ', '', '90', 'MAGEME MAGIDI', '', 'NKWAYA BULOBILO', '', '280'),
(296, '', 'Mlimani humu ', '', '148', 'MALADAS', '', 'PAUL JOHN', '', '281'),
(297, '', 'Mshikamano ', '', '149', 'NGASA  LUKALANGASI', '', 'HAMALOSI BUKULA', '', '281'),
(298, '', 'Mkombozi ''a''', '', '263', 'ATHONY KIDENDEI', '', 'ZACHARIA KABURU                                               ', '', '281'),
(299, '', 'Baba na mama ', '', '190', 'MADUHU DENDE', '', 'GILYA SITAPOTY', '', '282'),
(300, '', 'Mkombozi ', '', '350', 'GAMAYA SAINE', '', 'NTUNGA YABULALA', '', '288'),
(301, '', 'Nguvu kazi mwandulu', '', '247', 'MASUNGA MALIMI', '', 'RICHARD GRENTH', '', '287'),
(302, '', 'Mkombozi ''a''', '', '90', 'MASELE HISHI', '', 'MADONDO MAYALA', '', '300'),
(303, '', 'Mkuyuni ''b''', '', '146', '', '', '', '', '300'),
(304, '', 'Mshikamano ', '', '112', 'MASANJA NKOBA', '', 'DAUDI MASALA', '', '300'),
(305, '', 'Safina ''b''', '', '150', 'SELEMANI BUSANDA', '', 'SITTA POLLE', '', '300'),
(306, '', 'Igembesabo''b''', '', '125', 'MADUHU NGELELA', '', 'NTEJO BUGUMBA', '', '300'),
(307, '', 'Bujingwa ', '', '211', 'IHIMBILO KIDULA', '', 'HULA M. SIFUNGO', '', '300'),
(308, '', 'Kikundi cha mlimani', '', '71', 'MADEDE SITTA', '', 'JAMES MASUKE SAYI', '', '314'),
(309, '', 'Maendeleo ', '', '210', 'SAYI NSUZI', '', 'IKUJA TUJA', '', '320'),
(310, '', 'Maendeleo ', '', '191', '', '', '', '', '321'),
(311, '', 'Ng''wanyitanga ', '', '119', '', '', '', '', '321'),
(312, '', 'Igembe sabo ', '', '283', 'MBELELE SANGALALI', '', 'BULUGU NG''WADU', '', '336'),
(313, '', 'Balimi kilimanjaro ', '', '150', 'STEFANI S. KWILABYA', '', 'NGWANDU SITTA', '', '336'),
(314, '', 'Mamboleo njia panda', '', '169', 'PETRO CHARLES', '', 'REGINA LUCHAGULA', '', '336'),
(315, '', 'Upendo ', '', '382', '', '', '', '', '336'),
(316, '', 'Mkombozi ', '', '245', 'MALUGU NEGEKA', '', 'ENOCK JOHN', '', '328'),
(317, '', 'Vumilia', '', '', 'NKINDA MPINI', '', 'EMANUEL MACHIBYA', '', '328'),
(318, '', 'Tushikamane', '', '200', 'TITO DEUS', '', 'EZEKIELI PEMBA', '', '328'),
(319, '', 'Mwabugenge', '', '51', 'S. JUMA', '', 'R.SAYI', '', '328'),
(320, '', 'Imalamakeye ''A''', '', '149', 'BOJA SAYI', '', 'TABU MAGOGO', '', '330'),
(321, '', 'Njiapanda ', '', '103', 'SHULE SUSU', '', 'HOLO MGEMA', '', '330'),
(322, '', 'Lubugu ', '', '326', '', '', '', '', '330'),
(323, '', 'Majiji ', '', '170', 'MACHIBYA MADUHU', '', 'YOHANA RAZALO', '', '330'),
(324, '', 'Kalundes ', '', '181', 'NAGALE MABULI', '', 'MBIYU MABULI', '', '330'),
(325, '', 'Nyasubi ', '', '396', 'DADU MKALASI', '', 'GIDONI MASAKA', '', '330'),
(326, '', 'Mshikamano ', '', '121', 'JOSEPH SAMIKE', '', 'JAMES NGIWINULA', '', '330'),
(327, '', 'Mafanikio kilimo ', '', '345', 'MAGOLANGA NTOBI', '', 'MBOJE MABULA', '', '330'),
(328, '', 'Iguna balimi ', '', '233', 'JOSEPH  L. MUHULI', '', 'DOTO NSULWA', '', '330'),
(329, '', 'Maelewano ', '', '320', 'CHARLES LIMBU MAJANI', '', 'NDONGO SAYI NKONDO', '', '341'),
(330, '', 'Jikombowe ', '', '226', 'MBASI LUZEMBE', '', 'NKWABI KALELE', '', '341'),
(331, '', 'Idoselo ', '', '314', 'EMANUEL NDAMO', '', 'MASANJA GOTOLO', '', '341'),
(332, '', 'Muungano ', '', '119', 'NDONGO SAWAKA', '', 'SITTA PANASI', '', '333'),
(333, '', 'Amani ', '', '326', 'JOHN BAHAME', '', 'MAGEME MATONDO LUGAGANYA', '', '344'),
(334, '', 'Nyaruyeye ', '', '183', 'CHARLES SAMATINE', '', 'ANGELINA KAGUNDA', '', '344'),
(335, '', 'Mwanunuda  B', '', '338', 'TUNGU NKUNA', '', 'MADUHU BONIFACE', '', '346'),
(336, '', 'Mwakonya ''b''', '', '67', 'JOSEPH NG''HUMBU', '', 'SITTA SHINJE', '', '346'),
(337, '', 'Mkombozi ', '', '255', '', '', '', '', '348'),
(338, '', 'Mwembeni ', '', '223', '', '', '', '', '348'),
(339, '', 'Hekaheka ', '', '191', '', '', '', '', '348'),
(340, '', 'Tuinuane ', '', '114', '', '', '', '', '348'),
(341, '', 'Igada ', '', '250', 'NSULWA NG''WENDA', '', 'KUNGU MALALI', '', '350'),
(342, '', 'Mkombozi ', '', '190', '', '', '', '', '355'),
(343, '', 'Igembesabo ', '', '152', 'MULYATU NDUTE', '', 'JOHN SHOSHI', '', '355'),
(344, '', 'Kabasa ', '', '103', 'LUCAS MILIGO', '', 'MANONI JOSEPH BUSUNGU', '', '355'),
(345, '', 'Nunghamayuli ', '', '107', 'NDONGO SHABULI', '', 'KIJA NDONGO', '', '355'),
(346, '', 'Ngemelo ', '', '133', 'LAMECK MLEKWA', '', 'SAYI MAGUTA', '', '355'),
(347, '', 'Kilombelo', '', '70', 'TUBANGA SENI', '', 'SIMIYU BUZINZA', '', '366'),
(348, '', 'Jikombowe ', '', '145', '', '', '', '', '387'),
(349, '', 'Kilimo uhai ', '', '189', '', '', '', '', '387'),
(350, '', 'Igembesabo''a''', '', '423', 'YUSUFU M. KWELI', '', 'LEONARD NYALIKUNGU', '', '399'),
(351, '', 'Igembesabo''b''', '', '278', '', '', '', '', '399'),
(352, '', 'Muungano ', '', '421', '', '', '', '', '405'),
(353, '', 'Urafiki ', '', '210', 'GANA SINDUTA', '', 'HOLLO NSONGOMA', '', '405'),
(354, '', 'Muungano ', '', '212', 'ABDALLA MCHELE', '', 'MPELWA SAASTA', '', '412'),
(355, '', 'luguli mlimani ', '', '135', 'NKUGI NYAHINGI', '', 'NKUBA NG''HENAGULA', '', '420'),
(356, '', 'Matunda ', '', '571', '', '', '', '', '420'),
(357, '', 'Igembesabo''a''', '', '405', '', '', '', '', '420'),
(358, '', 'Muungano ', '', '311', '', '', '', '', '420'),
(359, '', 'Iloganzala ', '', '206', 'JULI JOHN', '', 'DANIEL D. BULUBA', '', '420'),
(360, '', 'Nguvu kazi ', '', '155', 'NG''HABI SUNGURA', '', 'ZACHARI MUSA', '', '421'),
(361, '', 'Mkuyuni   ', '', '361', 'MASANGA YENGA NOGI', '', 'ARONI MADUHU NTEMI', '', '431'),
(362, '', 'Mlimani  farmer group ', '', '257', 'PAUL MANONI', '', 'JIRABI MASIKA', '', '4'),
(363, '', 'Nguvukazi', '', '', 'JONATHANI  LELE', '', 'ELISHA WAMBURA', '', '6'),
(364, '', 'Allibita ', '', '320', 'JOSEPH MWITA', '', 'RUKONGE WAMBURA', '', '8'),
(365, '', 'Kkt umoja bugoji kata', '', '77', 'BERNADRD MASAMI', '', 'ERNEST JUNGU', '', '15'),
(366, '', 'Gusa unate', '', '193', 'JOHN MASAKA', '', 'MAFURU NYANCHIEL', '', '15'),
(367, '', 'Ujamaa group', '', '205', 'PHINIAS MAGEMBE', '', 'SHIDA MANYAMA', '', '15'),
(368, '', 'Amani', '', '326', 'JOHN ODEGI OWADA', '', 'PETRO JOSEPH', '', '16'),
(369, '', 'Ziwani ''B''', '', '320', 'JACBO W. OSONGA', '', 'KISYERY MWITA', '', '16'),
(370, '', 'Rubana bukore ', '', '248', 'JACSONI M KWABI', '', 'MOSES GULILIJA', '', '22'),
(371, '', 'Uamsho group', '', '196', 'CHARLES PUELWE', '', 'MATHIAS SINDUKA', '', '22'),
(372, '', 'Kilimo kwanza   ', '', '542', 'MHOJA MAKA', '', 'KAJI WANJARA', '', '24'),
(373, '', 'Motomoto', '', '324', 'MANYAMA MAJANI', '', 'CHRITOPHER M CHIBUGA', '', '24'),
(374, '', 'Changuge  centre ', '', '175', 'ADAM ZABRONI', '', 'MAGINGE WAMBURA', '', '40'),
(375, '', 'Kiginga ''b''', '', '210', 'WARIOBA WISAKA', '', 'JONAS WISAKA', '', '40'),
(376, '', 'Bunamibara', '', '235', 'AMOS IRIZA ', '', 'DONGO KIBEJA', '', '40'),
(377, '', 'Upendo', '', '186', 'DAUD M GERVANCAS', '', 'NYANDA LUSHU', '', '42'),
(378, '', 'Muungano', '', '134', 'SAMWEL RUHUMBIKA', '', 'LAZARO MUFUNGO', '', '43'),
(379, '', 'Nguvu kazi  ', '', '297', 'CHARLES MWITA', '', 'MAGESA MAGABE', '', '61'),
(380, '', 'Nyankune ', '', '236', 'CHACHA MWITA', '', 'NYASA NGURU', '', '61'),
(381, '', 'Kikundi cha umoja', '', '383', 'YAKOBO NGANGA', '', 'NEEMA MASANJA', '', '62'),
(382, '', 'Chawasurwa ', '', '181', 'TAABU FRANCIS', '', 'MRASI MTURI', '', '65'),
(383, '', 'Mkombozi group   ', '', '264', 'MAGUYA MRISHO', '', 'MAGIRARI ZUTTA', '', '65'),
(384, '', 'Tupambane ', '', '231', 'MATASO MNGONYE', '', 'YOHANA KUMBO', '', '65'),
(385, '', 'Masoze group ', '', '190', '', '', '', '', '65'),
(386, '', 'Pamba ni mali ', '', '413', '', '', '', '', '66'),
(387, '', 'Songambele', '', '388', 'SAYI MOSHI', '', 'MASOMI MANDE', '', '66'),
(388, '', 'Azimio', '', '196', 'KASAKA MATAI', '', 'MAHENDEKA SEVELINI', '', '66'),
(389, '', 'Kulwilwi ', '', '378', 'MKOJI MGANGA', '', 'FRANCIS NYAMKINDA', '', '74'),
(390, '', 'Tuinuane ', '', '155', 'KAKURU WAMSASE', '', 'MAGAYANE TUNGUNDA', '', '74'),
(391, '', 'Nyamisisi', '', '200', '', '', '', '', '75'),
(392, '', 'Igembe sabo group { i.s.g}', '', '161', 'KULWA KASUBI', '', 'GEODION BURAYA', '', '109'),
(393, '', 'Matumaini kabasa', '', '134', 'ALOYCS M. PAUL', '', 'DEUS WALWA', '', '109'),
(394, '', 'Mshikamano', '', '212', 'PEPER CHAMKAGA', '', ' MATUMIZI YONA', '', '109'),
(395, '', 'Wachapakazi group', '', '198', 'JACKISON MAKELEMO', '', 'LAZARO MAIRA', '', '109'),
(396, '', 'Kabulabura centre', '', '294', 'MSUMI MASENDA', '', 'MISANA HITRA', '', '111'),
(397, '', 'Kambarage', '', '71', '', '', '', '', '114'),
(398, '', 'Pamba ni uchumi', '', '204', 'MOYO LIMBARU', '', 'JOHN MUYABI', '', '114'),
(399, '', 'Boresha maisha ', '', '95', 'SABATO MAGAYI', '', 'MARCO SIMON', '', '115'),
(400, '', 'Matokeo ', '', '130', 'ROBERT KUBEBEKA', '', 'GODFREY M KOLONGO', '', '115'),
(401, '', 'Muungano', '', '301', 'MAILANDI M MAINGU', '', 'DENIS MUGINI', '', '116'),
(402, '', 'Kidumu ', '', '1,672', 'MAYUNGA NKOLA', '', 'KAZI KASUKA', '', '116'),
(403, '', 'Juhudi', '', '409', 'CHARLES K. MAZINGO', '', 'YOHANA SAMSONI', '', '116'),
(404, '', 'Kikundi cha stoo', '', '283', 'DONART MSIBALI', '', 'KABICHI M BISEKO', '', '119'),
(405, '', 'Inyetero  one ', '', '280', 'JULIANUSI KETISI', '', 'COSMAS MTURI', '', '121'),
(406, '', 'Inyetero two ', '', '230', 'MUUTWA NDEGE', '', 'MAGORI LISAS KING''ARE', '', '121'),
(407, '', 'Ukombozi ', '', '513', 'RWONGA JUMA', '', 'JALIA M MASANGATI', '', '122'),
(408, '', 'Juhudi group', '', '424', 'MWIKWABE CHACHA', '', 'JUMA NYAKITABARA', '', '128'),
(409, '', 'Kilimo kwanza  ', '', '237', 'KIBARA BUZARI', '', 'MAGORI MASHAKA', '', '128'),
(410, '', 'Pamba ni mali ', '', '413', 'MAGINGE BHOKE', '', 'JOSEPH M MAG''ERA', '', '138'),
(411, '', 'Wakulima wa pamba', '', '246', 'SENGO KABENGWE', '', 'MAYENGA SAYI', '', '139'),
(412, '', 'Mwanzo mgumu', '', '235', 'KIJA MUYUNGA', '', 'GAMSHINI KISHIWAHI', '', '140'),
(413, '', 'Tujikombowe ', '', '257', 'SAUSI CHARLESI', '', 'BEATUS JONAS', '', '142'),
(414, '', 'Nguvu kazi ', '', '250', 'PAUL M.KIGOGO', '', 'ELIAS J. OCHENG', '', '143'),
(415, '', 'Shuleni ''a''', '', '124', '', '', '', '', '143'),
(416, '', 'Shilingi ', '', '199', '', '', '', '', '143'),
(417, '', 'Tupendane ', '', '163', 'MORANYA BARUTI', '', 'TEDDY MOSHING', '', '143'),
(418, '', 'Nyamamba ', '', '165', 'LUKONA NKWANO', '', 'MAGUYE SAMWELI', '', '146'),
(419, '', 'Umoja  ', '', '150', 'ALEX JOSEPH', '', 'CHARLES MUNDUKA', '', '148'),
(420, '', 'Kazi ipo ', '', '250', 'MUSA PAUL', '', 'MASHAKA KIJA', '', '148'),
(421, '', 'Kuleli', '', '198', 'WILLIAM KELOCHE', '', 'MARIMA RENATUS', '', '149'),
(422, '', 'Miembe sita ', '', '107', 'NYANDA JOHN', '', 'ROBERT KISIKA', '', '150'),
(423, '', 'Nyambono ', '', '295', 'DENIS MUSSA', '', 'DAVID MASOLELE', '', '151'),
(424, '', 'Ukombozi group', '', '331', 'GEORGE VITUSI', '', 'MAGENA WARIOBA', '', '152'),
(425, '', 'Kilimo bihashara na ufundi', '', '460', 'MAGOTO CHABWASI', '', 'SAMSONI INOCENT IKUNGURA', '', '152'),
(426, '', 'Umoja  ', '', '114', 'MUSIMO MASUNDU', '', 'MAGRETH SIMON', '', '153'),
(427, '', 'Butambahu', '', '296', 'EDWADI MANGURA', '', 'SOSANA KOHI', '', '154'),
(428, '', 'Kilimo kwanza  ', '', '301', 'KIMON MATASU ', '', 'KIRESA BARICHERA', '', '155'),
(429, '', 'Bukole f. Group ', '', '151', 'KHADIJA SAIDI', '', 'JOEL MAJO', '', '160'),
(430, '', 'Nyaruga', '', '149', 'JUMA KISINZA', '', 'MUSA KATANI', '', '160'),
(431, '', 'Nyiendo cotton ', '', '148', 'KINUKA MABALA', '', 'PILY MABULA', '', '160'),
(432, '', 'Nyarufu mabui', '', '329', 'MANYAMA JOSHUA', '', 'MAREGESI MAGATI', '', '173'),
(433, '', 'Mshikamano', '', '400', 'DANIEL MANYENYI', '', 'WILLIAM MAKONGERA', '', '174'),
(434, '', 'Nyakyegi cotton group ', '', '229', '', '', '', '', '175'),
(435, '', 'Nguvu kazi nyangombe ', '', '444', 'NICHOLAS MWIKWABE', '', 'THOBIAS CHACHA', '', '175'),
(436, '', 'Chapa kazi ', '', '424', 'WAMBURA N. MAGESE', '', 'JUMA WAMBURA SANYA', '', '175'),
(437, '', 'Juhudi', '', '160', 'BHOKE C. NYAMAHANGA', '', 'GINUAS G. PETER', '', '175'),
(438, '', 'Nyamiru group', '', '270', 'WILLIAM MANYAMA', '', 'NYANGO MASINDI', '', '184'),
(439, '', 'Umoja   ', '', '117', 'MSEMA KISIKA', '', 'KITOBERO WALIOBA', '', '186'),
(440, '', 'Kigamboni  group', '', '295', 'GINYESHITA MASHAURI', '', ' MWAJARI G. KAPETA', '', '188'),
(441, '', 'Tupendane ', '', '325', 'DAINES MAPINDUZI', '', 'HAMISI CHANGONGA', '', '188'),
(442, '', 'Jikomboe group', '', '271', 'TINGIYA T.', '', 'WILLISON MASHAURI', '', '188'),
(443, '', 'Juhudi group ', '', '248', 'DEUSI MGUSI', '', 'JUMA MUSOMA', '', '188'),
(444, '', 'Kinyan''gerere', '', '494', 'SHELANYA MALETA', '', 'NESTORY BUSUNZU', '', '192'),
(445, '', 'Mlimani  ', '', '330', 'SAMWEL ACHIENG', '', 'MOVRICE  ABUGA', '', '192'),
(446, '', 'Mkombozi', '', '331', 'MASHINI KINGI', '', 'MAPERA BUSOBE', '', '192'),
(447, '', 'Nufaika', '', '224', 'JOSEPH OTUNGA', '', 'NELSON OYUNGI', '', '192'),
(448, '', 'Mayani Group', '', '231', 'JOSEPH M. MUNGAU', '', 'JULIUSI MARUBIRA', '', '195'),
(449, '', 'Miembeni ', '', '143', 'MATINGA MAREMBWA', '', 'AGUSTINE SAID', '', '201'),
(450, '', 'Mwabasabi', '', '110', 'RASHIDI MASENZA', '', '', '', '201'),
(451, '', 'Nyamawe group', '', '180', 'EMANUELI KITELEJA', '', 'JUMANNE SASE', '', '201'),
(452, '', 'Nyashishi group', '', '383', 'REUBEN M NYAMBARYA', '', 'NYAMSONGERA SOSPETER', '', '206'),
(453, '', 'Umoja ni nguvu ', '', '383', 'JESHI MPANGE', '', 'TATU KASWALALA', '', '208'),
(454, '', 'Buloswa', '', '295', 'MADFBE KIHILI', '', 'MODOSHI KISANGWA', '', '210'),
(455, '', 'Misisi centre ', '', '215', 'MARTINI OPIYO', '', 'NYANJIGE JOHN', '', '210'),
(456, '', 'Mafanikio ndo malengo ', '', '450', 'CHARLES GARIGO ODONGO', '', 'FRANCIS KWADHI RIWA', '', '218'),
(457, '', 'Umoja ni nguvu shuleni ', '', '192', 'STUNI KIRARAMASUBO', '', 'MARWA RYOBA', '', '219'),
(458, '', 'Ushirikiano ', '', '382', 'JOHN B. MAKINGO', '', 'MAGATU ELIAS', '', '219'),
(459, '', 'Nguvu kazi manawa ', '', '192', 'MASALA MAIGE', '', 'REGA MALUNDE', '', '219'),
(460, '', 'Chapa kazi nyaisense', '', '273', 'JASTINI CHACHA', '', 'SAMWELI FRANCIS', '', '219'),
(461, '', 'Gomora kkulima', '', '109', '', '', '', '', '221'),
(462, '', 'Mlimani group', '', '194', 'MICHAELI MASAMAGA', '', 'BARAKA MAGEMBE', '', '221'),
(463, '', 'Kaaraga', '', '256', 'JOSEPHATY M. KATIKILO', '', ' JOSEPH M KUYENGA', '', '221'),
(464, '', 'Sedeco group', '', '206', 'PAUL SAMSONI', '', 'JOWASHI TAGERA', '', '222'),
(465, '', 'Kilimo kwanza group', '', '182', 'RICHARD KITETU MAHACHA', '', 'DONADI PEPER NYANGURINA', '', '222'),
(466, '', 'Umoja ni nguvu ', '', '267', 'LUCAS M NYAMACHONYA', '', 'MARWA CHACHA', '', '223'),
(467, '', 'Kandelema group', '', '420', 'MALANDO LAMECK', '', 'ALEXANDER KARELIE', '', '224'),
(468, '', 'Umoja ', '', '336', 'MAWAZO MAHENDEKA', '', 'MASUMBUKO M MATENDE', '', '224'),
(469, '', 'Terita mlimani group', '', '270', 'JOHN KIFUNGO', '', 'EMANUEL IGOLENGWA', '', '316'),
(470, '', 'Maendeleo group', '', '426', 'JAMES MAJINGE IKUNGA', '', 'ABRALL M. NYAKARI', '', '316'),
(471, '', 'Tupe moyo', '', '192', '', '', '', '', '317'),
(472, '', 'Jaribu group ', '', '109', 'MOHAMEDI HAMISI MTUNGA', '', 'DEUS M.SALPATI', '', '317'),
(473, '', 'Mkombozi  ', '', '453', 'VEDASTUS M. MAGUGE', '', 'ALFRED MUAMA', '', '318'),
(474, '', 'Kukakelenge', '', '200', 'NYAKABHI MNUBHI', '', 'CHANGULA JULIUS', '', '319'),
(475, '', 'Muungano', '', '271', 'ALFAYO BWIRE', '', 'MTAYA  MNYAMBWILO', '', '319'),
(476, '', 'Juhudi', '', '665', 'KIHULYA TUJU', '', 'ABELI MASENGE', '', '319'),
(477, '', 'Nguvu kazi   ', '', '256', 'MASINDE  MAFIRU', '', 'MASINDE PASKARY', '', '319'),
(478, '', 'Songambele', '', '271', 'MATHIASI MACHIBULA', '', 'MATHIAS MARCO', '', '319'),
(479, '', 'Shamba ni mali ', '', '389', 'ENOCK MIYUMO', '', 'CHRISTOPHER K. MWIPAGI', '', '325'),
(480, '', 'Amani ', '', '514', 'SAMWEL NAFTAL', '', 'JULIUS HAMISI', '', '325'),
(481, '', 'Tupendane ', '', '322', 'ZAKARIA JOEL', '', 'MARCUSI OCHOLLA', '', '353'),
(482, '', 'Jikomboe ', '', '288', 'SAYI GULINJA', '', 'MAALU MASHAMBA', '', '358'),
(483, '', 'Nyamatoke ', '', '149', 'SAMSON M. SHALYA', '', 'SADICK OMARY', '', '358'),
(484, '', 'Tujiimalishe kanglisha ', '', '300', 'REONARD EFRAHIM', '', 'RICHARD MARCO MTANKE', '', '359'),
(485, '', 'Mitinini group', '', '130', 'SOSPER NJAMBA', '', 'MKAMA KASAKI', '', '360'),
(486, '', 'Tushirikiane ', '', '430', 'SIMON MTATIRO', '', 'ABRAHAM N. NYAKALALA', '', '361'),
(487, '', 'Amani', '', '278', 'MASHANA YALUTINDI', '', 'HAMISI M. MAKOMOKE', '', '361'),
(488, '', 'Faidika ', '', '338', 'RICHARD B. CHACHA', '', 'WILLIAM SANGI', '', '361'),
(489, '', 'Biafula kati ', '', '140', '', '', '', '', '367'),
(490, '', 'Twiyeze', '', '116', 'MGAMBO BOROGO', '', 'DAVID S. NYAWERA', '', '368'),
(491, '', 'Muungano ', '', '500', 'KELELE D. ROBERT', '', '', '', '372'),
(492, '', 'Ujamaa ', '', '236', 'MAYALA MASOME', '', 'MAKOYE JAMES', '', '374'),
(493, '', 'Bunda stoo', '', '250', 'PETER BAKILILA', '', 'JUMAPILI MACHENCHERI', '', '377'),
(494, '', 'Igembe sabo ', '', '399', 'DAVID LUGONDA', '', 'TONGO NGAMBALA', '', '379'),
(495, '', 'Umoja mawasiliano ', '', '187', 'DANIEL NYALENGA', '', 'SHANYI MAKARAI', '', '379'),
(496, '', 'Muungano', '', '348', 'EMANUEL EKANGI', '', 'SEBASTIAN PAUL', '', '383'),
(497, '', 'Upendo ', '', '150', 'ISAKA MTILO', '', 'NANGARI REUBEN', '', '384'),
(498, '', 'Wisalilo', '', '450', 'EMANUEL ADAMU', '', 'ELIAS LUCAS', '', '384'),
(499, '', 'Mkombozi ', '', '213', 'MGOSI M. MTWA', '', 'NCHAMA MOKO', '', '385'),
(500, '', 'Ondoa umasikini ', '', '367', 'JATHUMANI', '', 'ELIZABETH DOTTO ABDUL', '', '385'),
(501, '', 'Muungano ', '', '202', 'ZABRONI KATINGULA', '', 'JONASI MUNUBI', '', '386'),
(502, '', 'Jiendeleze group', '', '212', 'JEREMIA AMOSI', '', 'DANIEL M. KIBILITI', '', '392'),
(503, '', 'Kawangara ', '', '163', 'JACSON M. KEMENYA', '', 'MAGEMBE MBIZO', '', '395'),
(504, '', 'Umoja wa kulima sanzate', '', '153', 'WHOTIS WAMBURA', '', ' MATAWA MARUTA', '', '395'),
(505, '', 'Kidagamaji group sanzate', '', '223', 'MZUMARI KIBIRITI', '', 'NYENGE MARUTA', '', '395'),
(506, '', 'Umoja group', '', '193', 'AMONI MASAWA', '', 'BONIPHACE MACHUMU', '', '397'),
(507, '', 'Tupendane ', '', '123', 'ADAM MAGESA', '', 'THOBIAS M NKOJAKO', '', '397'),
(508, '', 'Mkombozi', '', '142', 'GARENDE IKWELI', '', 'WAMBURA NYERERE', '', '398'),
(509, '', 'Vicoba muungano', '', '166', 'ZACHALIA MWITA', '', 'JOHN SHINJI', '', '401'),
(510, '', 'Kachinyara', '', '130', '', '', '', '', '402'),
(511, '', 'Tupendane ', '', '66', '', '', '', '', '402'),
(512, '', 'Tuinuane ', '', '201', 'YOHANA GIRIGWEGWE', '', 'SAGUDA SANAGORA', '', '414'),
(513, '', 'Kililo ''a'' hurera singizi ', '', '125', '', '', '', '', '414'),
(514, '', 'Kilimo hai tegeruka', '', '183', 'GABRIEL A. SORONI', '', 'MANZIRA CHIKAKA', '', '424'),
(515, '', 'Tuleane ', '', '156', '', '', '', '', '425'),
(516, '', 'Mshikamano majengo ', '', '256', 'MARIMA JOSEPH', '', 'BARA F .MASHIKU', '', '425'),
(517, '', 'Maongezeko', '', '240', 'GIRIMANDA BUBURA', '', 'LIMBU KEYU', '', '425'),
(518, '', 'Tupendane ', '', '272', 'OMARY JULIVS', '', 'CHILEMEJI MARIMA', '', '427'),
(519, '', 'Wakulima  b/ mhala ', '', '413', '', '', '', '', '2'),
(520, '', 'Tulisawa', '', '312', '', '', '', '', '3'),
(521, '', 'Buluba nyakonya', '', '216', '', '', '', '', '13'),
(522, '', 'Igembe sabo', '', '525', '', '', '', '', '13'),
(523, '', 'Wapole', '', '258', 'MAGESE KABUSHI', '', 'KALAMU GERVANS', '', '17'),
(524, '', 'Susuma ', '', '119', 'JUMA JOSEPH', '', 'LONGO GALANTWE', '', '17'),
(525, '', 'Pamba safi ', '', '145', 'BUJIKU BUJIKU', '', 'JUMANNE JUMANNE', '', '17'),
(526, '', 'Tuje ', '', '340', '', '', '', '', '17'),
(527, '', 'Watalamu mondo ', '', '617', '', '', '', '', '17'),
(528, '', 'Wachapa kazi ', '', '319', 'ELIAS LUCHEMEJA', '', 'KULWA PAUL', '', '18'),
(529, '', 'Nyamigunga  ''A''', '', '333', 'YAKOBO SAGANYA', '', 'MAGESA NDEGE', '', '31'),
(530, '', 'Busami center', '', '325', 'NDALAHWA NTUBI', '', 'JONSON KAFARASA', '', '31'),
(531, '', 'Jumuhuri', '', '196', 'SAYI BUZA', '', 'YOHANA MICHAEL', '', '37'),
(532, '', 'Bishugulisha ', '', '416', 'JOHN SONDA', '', 'JOSEPH SHIYALA', '', '38'),
(533, '', 'Wazito ', '', '153', '', '', '', '', '39'),
(534, '', 'Mshikamano ', '', '172', 'PAULINA NESTORY', '', 'WILLIAMU MANYILIZU', '', '39'),
(535, '', 'kilimo kwanza mwabaluhi', '', '147', 'MESHACK SAMSON', '', 'COSITANTINE MAGUTASHAGI', '', '57'),
(536, '', 'Vijana maendeleo ', '', '206', 'PETRO MAGUTASHAGI', '', 'PHILIPO L.', '', '57'),
(537, '', 'Kilimo kwanza-mwabagalu ', '', '144', '', '', '', '', '58'),
(538, '', 'Igembe sabo ', '', '200', 'KADALAJA', '', 'M. MALALA', '', '72'),
(539, '', 'Imalamate', '', '174', '', '', '', '', '85'),
(540, '', 'Balimi igula ', '', '173', '', '', '', '', '85'),
(541, '', 'Wachapakazi ', '', '188', '', '', '', '', '85'),
(542, '', 'Upendo   ', '', '417', 'YALEMA MACHIBULA', '', 'MASALU THOMAS', '', '96'),
(543, '', 'Mwamabula ''a''', '', '319', 'ESTER LUJILIJA', '', 'DAUDI P .MASHANA', '', '103'),
(544, '', 'Igembesabo', '', '241', 'WALWA LUHELA', '', 'KUSEKWA MUYIWA', '', '104'),
(545, '', 'Igembe sabo   ', '', '130', 'DEYI LUFUNGULO', '', 'BERNAD JOHN', '', '107'),
(546, '', 'Ujamaa', '', '124', '', '', '', '', '106'),
(547, '', 'Mapambano ya maisha', '', '164', '', '', '', '', '106'),
(548, '', 'Songambele', '', '271', '', '', '', '', '106'),
(549, '', 'Songa mbele ', '', '497', 'MASHIKU BONIPHACE', '', 'YANGE SAHANI', '', '110'),
(550, '', 'Uwabushama   saccos', '', '647', '', '', '', '', '113'),
(551, '', 'Uwabuchama SACCOS', '', '647', 'CHARLES SHIMBOMBO', '', 'JOHN MABEYO', '', '113'),
(552, '', 'Hawana Wivu', '', '518', 'LAURENT FULAMO', '', 'JOHN JILOLO', '', '120'),
(553, '', 'Masangani ''b'' kilimo', '', '517', '', '', '', '', '129'),
(554, '', 'Muungano ', '', '251', 'E.CHREHANI', '', 'LINA AMATA', '', '144'),
(555, '', 'Mwabatulu ', '', '187', '', '', '', '', '144'),
(556, '', 'Amka ', '', '159', 'JOSEPH NONINHALE', '', 'DEUSI CHARLES', '', '165'),
(557, '', 'Wakulima mwabashora a&b ', '', '383', 'JOHN KASWISWI', '', 'MARCO BUCHENGE', '', '170'),
(558, '', 'Mshikamano', '', '161', 'MARY NGILI', '', 'RAFAELI PETRO ISALAJA', '', '171'),
(559, '', 'Wajasiliamali longwe', '', '90', 'HALUGU SUNTWADEBA', '', 'LUCAS DUNIA  TELLA', '', '172'),
(560, '', 'Wachapa kazi ', '', '140', 'JOELI KADASHI', '', 'ELIKANA ENOS', '', '182'),
(561, '', 'Nyabusalu ', '', '173', '', '', '', '', '182'),
(562, '', 'Mwema ''a'' ', '', '152', 'ESTER MANUMBU', '', 'NG''WANZA PETRO', '', '182'),
(563, '', 'Mizwale ''a''', '', '264', '', '', '', '', '214'),
(564, '', 'Mshikamano', '', '258', '', '', '', '', '215'),
(565, '', 'Tuinuane', '', '178', '', '', '', '', '215'),
(566, '', 'Bishugulisha ', '', '256', '', '', '', '', '230'),
(567, '', 'Ushirikiano ', '', '211', 'LUKENZA PELEKA', '', 'EMANUELI KASANDIKO', '', '235'),
(568, '', 'Upendo ''a'' ', '', '195', '', '', '', '', '240'),
(569, '', 'Basambangobi ', '', '438', 'GEORGE MANYANDA MALIMA', '', 'LUCIA NGULILI', '', '254'),
(570, '', 'Mwamabanza 7', '', '585', 'MUSSA E GULALA', '', 'MATHIAS MSAFIRI', '', '261'),
(571, '', 'Nguvu kazi ', '', '369', 'ZEPHIRINE PETRO', '', 'DAUD BULANDI', '', '262'),
(572, '', 'Mapambazuko', '', '275', 'JOSEPH D. MADULU', '', 'MAENDELEO PETRO', '', '262'),
(573, '', 'Upendo', '', '167', 'EDWARD NGASA', '', 'MASHAKA MAGEMBE', '', '274'),
(574, '', 'Shikoloshoi', '', '79', 'MICHAEL NYANYALUKA', '', 'JAMES LUKAMYAGUBU', '', '292'),
(575, '', 'Simba wa TSAVO', '', '267', 'ARONI MAKOYE SHAGEMBE', '', 'PILLY KILUGALA KILOKOMA', '', '294'),
(576, '', 'Olonja han''gwekwe', '', '320', '', '', '', '', '303'),
(577, '', 'Tujengane ', '', '321', 'JAMES MALUGU', '', 'SAMSONI PELEKA', '', '307'),
(578, '', 'Tujikomboe ', '', '296', 'MAKELELE MWILAMBUZU', '', 'SHIDA MATONANGE', '', '323'),
(579, '', 'Ujamaa wa wazee ', '', '519', '', '', '', '', '327'),
(580, '', 'Igembe sabo', '', '158', '', '', '', '', '327'),
(581, '', 'Muwangu ', '', '367', '', '', '', '', '340'),
(582, '', 'Chimbuko ', '', '257', 'MARCO PAUL', '', 'SAGUDA MAHILA', '', '342'),
(583, '', 'Igembe sabo', '', '346', 'MARTINE KASAMBUKU', '', 'ELIKANA MPONEJA', '', '343'),
(584, '', 'Jembe ni mali ', '', '249', 'MICHAELI NG''WENDESHA MAJANI', '', '', '', '354'),
(585, '', 'Pamba dhahabu ', '', '175', '', '', '', '', '357'),
(586, '', 'Igembesabo', '', '500', 'JUMA KANA', '', 'SOSPITA BUKELEMBE', '', '365'),
(587, '', 'Igembe sabo ', '', '500', '', '', '', '', '369'),
(588, '', 'Umoja ni nguvu', '', '209', 'CHRLES LUSANA', '', 'LUCAS MKOMA', '', '375'),
(589, '', 'Kuweka na kukopa', '', '213', '', '', '', '', '375'),
(590, '', 'Ilula', '', '111', 'NUNGULA KASWAHILI', '', 'MATHIAS NUSU', '', '375'),
(591, '', 'Igembe sabo gesha', '', '153', '', '', '', '', '391'),
(592, '', 'Basimba ngobi ', '', '162', 'KAHABI MASHUSHI', '', 'DAVID ZEFILINI', '', '391'),
(593, '', 'Nguvu kazi ', '', '205', 'BALELE JAMES', '', 'MHOJA JAMES NYANGA', '', '393'),
(594, '', 'Ipililo sayaka ''a''', '', '325', 'MAGRETH MAYUNGWA', '', 'JACKSON H. KIBUTA', '', '400'),
(595, '', 'Ipililo sayaka ''b''', '', '269', 'WILLSON MAYUNGA', '', 'MENGA BUDEBA', '', '400'),
(596, '', 'Ipililo sayaka ''c''', '', '180', 'MATHIAS OMARY', '', 'KILASEWA MLIGEMA', '', '400'),
(597, '', 'Ipililo sayaka ''d''', '', '200', 'RAPHAEL IKUNGU', '', 'DOMINICA LUPASHA', '', '400'),
(598, '', 'Yerodani', '', '260', '', '', '', '', '410'),
(599, '', 'Ujamaa madukani', '', '100', 'MATULANYA MAKOYE', '', 'SALAH WILLIAM', '', '413'),
(600, '', 'Kujikomboa', '', '268', 'MEJA EMANUEL', '', 'DAUD LUGATA', '', '415'),
(601, '', 'Igembesabo', '', '268', 'NHIMANI BALUNYA', '', 'DANIEL JEREMIA', '', '415'),
(602, '', 'Igembe sabo ', '', '306', 'LIMIHAGATI MILIGO', '', 'NG''WASI LOLELA', '', '10'),
(603, '', 'Kilimo bulekela  ', '', '527', 'ZABRONI MAKOMBA', '', 'DOMINIC MAKOYA', '', '23'),
(604, '', 'Hindawashi', '', '1,008', 'IBRAHIMU NGHOME', '', 'ALPHONCE L.WENGE', '', '35'),
(605, '', 'Bulyang''hulu ', '', '271', 'ELIAS YAKOBO', '', 'CONSTANTINE DEUS', '', '56'),
(606, '', 'Korogwe ', '', '510', 'MASALU IBAHI', '', 'MAIGE DEUSI', '', '67'),
(607, '', 'Mshikamano ', '', '340', 'NZELLA MAKALANGA', '', 'ISAYA M. IDOBHO', '', '69'),
(608, '', 'Umoja ', '', '349', 'JACSONI MANDI', '', 'MBUGA SESEJA', '', '69'),
(609, '', 'Bugotanamasala', '', '326', 'AMOSI MABINO', '', 'SAMSONI NKINGWA', '', '84'),
(610, '', 'Balimi', '', '431', 'ZONGWE SOLO', '', 'SHADURACK NGWELU', '', '131'),
(611, '', 'Kikundi cha madukani ', '', '679', 'JOSEPH JOHN', '', 'NTUNGWA JIDAI', '', '136');
INSERT INTO `fbg` (`id`, `cpc_number`, `group_name`, `field_officer`, `hectares_available`, `chairman_name`, `chairman_phone`, `secretary_name`, `secretary_phone`, `village`) VALUES
(612, '', 'Muungano', '', '679', 'LEOKADIA LUBANZU', '', 'GANDILA MIPAWA', '', '141'),
(613, '', 'Lagana centre ', '', '231', 'ATHONY MATONANGE', '', 'COSTATIN MASANJA', '', '156'),
(614, '', 'Mkombozi  Igwata', '', '106', 'JILUNGU CHARLES', '', 'LUCAS DAUDI', '', '163'),
(615, '', 'Mkombozi ', '', '354', 'EDWARD MICHAEL ', '', 'ERNEST ANDEW', '', '167'),
(616, '', 'Mashololo ', '', '311', 'NGWINGULU M.', '', 'MKUMBO NJILE', '', '185'),
(617, '', 'Uzalishaji mali mbegu ', '', '548', 'JACSONI MAJEBELE', '', 'IBRAHIM SALIMU', '', '189'),
(618, '', 'Masanga amcos ', '', '742', 'GRECE GRESONI', '', 'DEUSI DANIEL', '', '189'),
(619, '', 'Songa mbele ', '', '266', 'YOHANA CHARLES ', '', 'EMANUEL SABULA', '', '189'),
(620, '', 'Bulyanzobe ', '', '727', 'MAXIMILLIAN PAUL', '', 'SEBASITIAN LUHENDE', '', '207'),
(621, '', 'Mwamatiliga ', '', '338', 'JAMES M. DOTTO', '', 'MBULI GWIGULU', '', '244'),
(622, '', 'Shimwage group ', '', '356', 'MPAGAMA MUSA', '', 'MILENGE SINGU', '', '255'),
(623, '', 'Igembe sabo ', '', '370', 'EDUARD BUDENDE', '', 'ELIASI DUTU', '', '259'),
(624, '', 'Kikundi cha madukani ', '', '675', '', '', '', '', '265'),
(625, '', 'Mwongonzo mpya', '', '270', 'VANANCY NKONYA', '', 'ELIYA KULWA', '', '265'),
(626, '', 'Mwamashele amcos ', '', '323', 'BONIPHACE SUNZURA', '', 'NGALIGA CHUMA', '', '269'),
(627, '', 'Mwamwene ', '', '442', 'MUSA YOHANA', '', 'NGALIGA NGWIPAGI', '', '270'),
(628, '', 'Nhendegese', '', '485', 'MIPAWA SAGENGE', '', 'SOLOMONI MALAJA', '', '284'),
(629, '', 'Mwaongozo', '', '348', 'JOHN SANA', '', 'TRYPHONE LUHENDE', '', '289'),
(630, '', 'Utajiri ', '', '314', 'AMOS BUPUNA', '', 'MAYUNGA JONAS', '', '291'),
(631, '', 'Mkombozi nambaliwani ', '', '679', 'MGANGALA MWITA', '', 'SHIJA LAZALO', '', '291'),
(632, '', 'Igembe sabo ', '', '635', 'PHILIMON S.KIJA', '', 'KALLEN A. MASIGE', '', '298'),
(633, '', 'Kilimo bora ', '', '432', 'BERNAD OSHIMA', '', 'THOMAS TUNGU', '', '322'),
(634, '', 'Iguna bhuhabi ', '', '557', 'BULUGU MBUGA', '', 'ALEX MADAHA', '', '322'),
(635, '', 'Igembe sabo ', '', '413', 'SUGILO MASELE', '', 'WILIAM JIHEMBE', '', '332'),
(636, '', 'Ng''wanghalanga  AMCOS', '', '564', 'MASHALA MASUNGA', '', 'SOSPETER JIDAYI', '', '332'),
(637, '', 'Nguvu mali ', '', '155', 'LUTH HUSEIN', '', 'MOSHI KASHINJE', '', '408'),
(638, '', 'Juhudi ', '', '455', 'SENI JIYENZE', '', 'DANIEL SHIJA NDIMU', '', '11'),
(639, '', 'Subira ', '', '320', 'SHULULU JEREMIA', '', 'CHRISTOFA GEORGE', '', '11'),
(640, '', 'Igembe sabo ', '', '433', 'BUNDALA NTUNGO', '', 'SUBI MINGONYOLO', '', '12'),
(641, '', 'Jina ngwigulu ', '', '495', 'MATHIAS MILOLA', '', 'SITA MAYIGE', '', '19'),
(642, '', 'Buchela', '', '509', 'NGASA BANGILI', '', 'SIMON NGASA', '', '19'),
(643, '', 'Liwa ', '', '283', 'CHARLES THIMOTHEO', '', 'JACKOBO KWILASA', '', '32'),
(644, '', 'Njia panda ', '', '230', 'SHEGA SULE', '', 'PETRO JOHN', '', '32'),
(645, '', 'Nuru  ''b'' ', '', '407', 'EDWARD BONIFAS', '', 'EMANUEL HELEGE', '', '33'),
(646, '', 'Mmazengo group', '', '179', 'ALBET KADOKE', '', 'LUCAS SIMON', '', '34'),
(647, '', 'Buruba ', '', '333', 'TENGE NGWELU', '', 'JOSEPH LUHENDE', '', '44'),
(648, '', 'Igembe sabo ', '', '108', '', '', '', '', '48'),
(649, '', 'Upendo bulemela ', '', '658', 'EDWARD NULAMBI', '', 'S. JIMOLA', '', '49'),
(650, '', 'Hekima ', '', '707', 'JAGADI BUTENE', '', 'MUSSA MASANJA', '', '73'),
(651, '', 'Amkeni', '', '177', 'MAHILA MBOJE', '', 'SMOKO GEORGE', '', '79'),
(652, '', 'Tubadilike', '', '335', 'ELIPS BUDOMA', '', 'NG''HOMA SAMAJA', '', '83'),
(653, '', 'Miti mirefu ', '', '252', 'MALUGU GWISU', '', 'SITA JIKATO', '', '88'),
(654, '', 'Mapango''b''', '', '242', '', '', '', '', '90'),
(655, '', 'Mtakuja -iwelimo', '', '', 'DEOGRATIAS BOMANI', '', 'MAGINA BADIRI', '', '100'),
(656, '', 'Butalwa', '', '216', 'DEUSI MWANZALIMA', '', 'EZEKIELI MWANZALIMA', '', '101'),
(657, '', 'Butalwa A', '', '221', 'NUNGWANA MADIRISHA', '', 'JAMES LUBANDIKA', '', '101'),
(658, '', 'Nkoma kusini ', '', '594', 'GAMBASHULI KIHANDA', '', 'THOMAS DAUDI', '', '102'),
(659, '', 'Jitegemee', '', '66', 'RAFAELI NTOBO', '', 'DAUDI N. KADINDA', '', '124'),
(660, '', 'Ukombozi  group ', '', '819', 'NKINDA MALIGISI', '', 'MALISHA ELIASI', '', '125'),
(661, '', 'Amcs ', '', '333', 'KULWA DUTU', '', 'SHIJ A MILEMA', '', '132'),
(662, '', 'Uchumi na maendeleo', '', '105', 'TABU MADUKA', '', 'ELIZABELT GEORGE', '', '147'),
(663, '', 'Igembe sabo ', '', '187', 'SUNGI  MAYUNGA', '', 'JOSEPH CHARLES', '', '147'),
(664, '', 'Mwatambuka ''a''', '', '540', 'WILLISON MALELEMBA', '', 'CHARLES KIJIJA', '', '158'),
(665, '', 'Igembe sabo ', '', '59', 'SOLO MUYA', '', 'ERNEST MAHONGO', '', '179'),
(666, '', 'Tegemea mavuno mandela  ', '', '484', 'MILINGWA JULIAS', '', 'MACHAELI TAGALA', '', '183'),
(667, '', 'Ngwabayanda ', '', '752', 'SOSTENES LUGWISHA', '', 'MATAIFA GWANDU', '', '190'),
(668, '', 'Walala hoyi ', '', '391', 'CRISANT SALAMBA', '', 'GUMALIJA MADATA', '', '190'),
(669, '', 'Idetemyanzala', '', '39', 'REHEMA KISINZA', '', 'EMANUEL LONAS', '', '226'),
(670, '', 'Siasa ', '', '282', 'MAYILA KOLOBE', '', 'DANDA MONGO', '', '228'),
(671, '', 'Buluba sabo', '', '111', 'KANSOLATA JOHN', '', 'MAYUNGA LUNEGEJA', '', '229'),
(672, '', 'Upendo daima ', '', '533', 'YEGELA NGUSA', '', 'MHULI JILYABUGALI', '', '231'),
(673, '', 'Chapakazi', '', '299', 'BULANYI FUMBUKA', '', 'MANDELA KASEME', '', '233'),
(674, '', 'Simba group ', '', '211', 'MIDALA SIGILU', '', 'NYALINGWA MANDAGO', '', '238'),
(675, '', 'Wapendanao', '', '823', 'ELIAS SANDULI', '', 'SALOME HERY', '', '241'),
(676, '', 'Mkombozi', '', '155', 'GERVAS BUDUDE', '', 'ELIZABETH MASHAURI', '', '242'),
(677, '', 'Mlimani ', '', '190', 'MILEMBE MBOGO', '', 'NGUSA NZAGAMBAKI', '', '246'),
(678, '', 'Pamba group ', '', '730', 'BADILA P. LWEGE', '', 'ALFRED C.MITANGA', '', '253'),
(679, '', 'Mshikamano  malangale ', '', '222', 'BUBINZA SITTA HENGA', '', 'SAMWELI KIJA KASHELE', '', '252'),
(680, '', 'Umoja malangale ', '', '254', 'GWISU MADUHU', '', 'TUNGU  YEGELA', '', '252'),
(681, '', 'Bazili ', '', '150', 'KIJA PALILA', '', 'JOSIA S.LUCHANGW', '', '266'),
(682, '', 'Safina ', '', '195', 'JOHN MAJANJA', '', 'MATHIAS NG''HONOLI', '', '266'),
(683, '', 'Igembe sabo ', '', '340', 'MICHAELI L. SHILANGI', '', 'MACHEMBE NGWEJI', '', '271'),
(684, '', 'Tujikomboe ', '', '398', 'ELIAS NDALAMI', '', 'SITTA MAGUMBA', '', '290'),
(685, '', 'Pamba ni pesa ', '', '195', 'PETER MADUHU', '', 'JILISHA KIJA', '', '299'),
(686, '', 'Bukoboga ', '', '347', 'ELIAS BUBA', '', 'MBISHE BUCHAMBI', '', '304'),
(687, '', 'Mwabuki ', '', '192', 'SIMONI KALI FENG''HELE', '', 'KWIGEMA MAGIMA', '', '304'),
(688, '', 'Igembe sabo ', '', '300', 'TUNGO FALE', '', 'MASALA MALUGU', '', '306'),
(689, '', 'bugolo group', '', '669', 'JECHE GABBRIERY', '', 'MARCO GREGORY', '', '326'),
(690, '', 'Imala seko ', '', '176', 'SIMONI NTOMBI', '', 'SHIGELA ELIASI', '', '404'),
(691, '', 'A.m.c.s ', '', '803', 'SEKUNDA L. CHACHA', '', 'GEORGE P. NGASA', '', '407'),
(692, '', 'Muungano group', '', '513', 'NYANGE S MUHANDA', '', 'NICODEMIS NGASA', '', '407'),
(693, '', 'Kumalija  group', '', '353', 'JOSEPH ALPHONCE', '', 'JOSEPH MATHIAS', '', '409'),
(694, '', 'Ilomelo ', '', '388', 'SHILINDE SENI', '', 'MALIMI SENI', '', '418'),
(695, '', 'Ufundi group ', '', '395', 'JILUNGU NYAKAGI', '', 'ZACHALIA KULWA', '', '423'),
(696, '', 'Shangilieni ', '', '501', 'PAUL J KINGI', '', 'EMANUELI SENI', '', '423'),
(697, '', 'Mwaduyi ', '', '286', 'KALANI MWAKAMI', '', 'GABULI GIMBUYI', '', '429'),
(698, '', 'Igembe sabo ', '', '603', 'MARCO LUFUNGO', '', 'WILLIAMU I. ZENGO', '', '429'),
(699, '', 'Kabale camp ', '', '230', 'COSMAS JEREMIA', '', 'NASSIR SHAIBU', '', '432'),
(700, '', 'Muungano''b'' ', '', '211', 'ELIKANA LUBOJA', '', 'MUSSA YEMBA', '', '432'),
(701, '', 'Jembe bora ', '', '579', 'C.GAMYANZA', '', 'NDEMBI NGWIGULU', '', '432'),
(702, '', 'Winigeleja ', '', '165', 'MASANJA SALUM', '', 'MANDALU GAHINDI', '', '432'),
(703, '', 'Umoja ni nguvu ', '', '144', 'NHUMBILI NGONGOJI', '', 'NDAJI BUSENGWA', '', '71'),
(704, '', 'Mkombozi', '', '397', 'MAGUMBA NGIMBA', '', 'BUDODI MASUNGA', '', '87'),
(705, '', 'Ngamba ''a''', '', '380', 'KULIGA BUKOLO', '', 'NKUBA DEUSI', '', '91'),
(706, '', 'Ujamaa ', '', '223', 'CHARLES DUTU', '', 'AYUBU NKINDA', '', '98'),
(707, '', 'Upendo', '', '', 'MUSA KISONGO', '', 'MASUNGA MIANO', '', '161'),
(708, '', 'Mondo ', '', '339', 'MAGE MICHEMBE', '', 'NG''WIPAGI BUCHAMBI', '', '164'),
(709, '', 'Mashita', '', '', 'KUNDI NCHASA', '', 'LUGOGA KIJA', '', '180'),
(710, '', 'Mwamaguku ', '', '325', 'MAYENGA LANGULA ', '', 'NKINDA NJILE', '', '196'),
(711, '', 'Juhudi ', '', '201', 'MABULA NG''HABI', '', 'JACBO SAYEMA', '', '209'),
(712, '', 'Vumilia ''a''', '', '922', 'SIMON GAMBISHI', '', 'NTUNGA MBOJE', '', '237'),
(713, '', 'Mshikamano ', '', '481', 'HENGE MASUNGA', '', 'CHARLES EMANUEL', '', '239'),
(714, '', 'Tupendane ', '', '481', 'GAMA JILENGE', '', 'MASELE MBEMPA', '', '239'),
(715, '', 'Isabilo ', '', '589', 'NJILE MBOJE', '', 'CHARLES LINDO ', '', '245'),
(716, '', 'Badiba igembe ', '', '161', 'RAHEL IBRAHIM', '', 'FRANK BUSUMBA', '', '247'),
(717, '', 'Kigamboni ', '', '145', 'DAUD M. NDIMU', '', 'NYALUNBI SILLA', '', '248'),
(718, '', 'Tupendane ', '', '336', 'JOHN BUHIMA', '', 'DAUDI MBOGO', '', '256'),
(719, '', 'Igembe sabo ', '', '282', 'EDWARD K. SHIMBI', '', 'PETER LUSIBULA', '', '257'),
(720, '', 'Kisesa moto', '', '', 'GODFREY SAGANDA', '', 'TANO ZENGO', '', '275'),
(721, '', 'Isalala', '', '135', 'BUKANGALA MWIGULU', '', 'AMOS  MAGALA NTUNGWA', '', '285'),
(722, '', 'Maboresho ', '', '257', 'WAZIRI NDUHYA', '', 'EDWARD MAPINDA', '', '285'),
(723, '', 'Amani', '', '', 'GWALUNGWA LIMBU', '', 'PETRO NSULWA', '', '286'),
(724, '', 'Centa', '', '', 'KUYI MASHAURI', '', 'MASANJA NSIKILI', '', '293'),
(725, '', 'Wakulima group ', '', '223', 'SILAS SANYIWA', '', 'RUJA JOHN', '', '302'),
(726, '', 'Muungano ', '', '127', 'NJEHELA MITUMBA', '', 'MASUNGA SITOLO', '', '305'),
(727, '', 'Mwanhande ', '', '271', 'SALYA MBOGO', '', 'DONAD MBOJE', '', '310'),
(728, '', 'Sapia ', '', '387', 'BUYAMBA IHULA', '', 'MASUNGA NDAMO', '', '313'),
(729, '', 'Tumain magulya ng''hoboko ''B''', '', '300', 'MICHAEL LUTEMA', '', 'JOHN M. LUCHAGULA', '', '329'),
(730, '', 'Mshikamano ', '', '155', 'MABULA KIBUGU', '', 'NHANDI MALAMBI', '', '351'),
(731, '', 'Matale Ng''wazula', '', '250', 'DAUD KIJA', '', 'RIV MOLES RAMADHANI', '', '351'),
(732, '', 'Imalamakoye ', '', '386', 'TUMA BULUNJA', '', 'LUHENDE JISENA', '', '373'),
(733, '', 'Ntunzu group ', '', '357', 'SAYI MADUHU', '', 'NG''WIGULU MASANJA', '', '380'),
(734, '', 'Muungano ', '', '344', 'EMANUEL N. SIMON', '', 'JEREMIA MATANGO', '', '380'),
(735, '', 'Shauri moyo ', '', '131', 'GALANI JILEKA', '', 'MABULA JOSEPH', '', '388'),
(736, '', 'Arusha group ', '', '156', 'SENI MAYUNGA', '', 'ATHANAS JOSEPH', '', '403'),
(737, '', 'Majariwa', '', '128', 'SHILAYI GEORGE', '', 'THOBIA SHIBORA', '', '14'),
(738, '', 'Uwacha', '', '405', '', '', '', '', '20'),
(739, '', 'Umoja   ', '', '377', '', '', '', '', '89'),
(740, '', 'Mwashiwiwi jojiro', '', '189', ' PROJAS MASHAMBA', '', 'MATHIAS SLYVESTER', '', '105'),
(741, '', 'Jojiro mlimani Park', '', '90', 'FAUSTINE I KONZILE', '', 'SLYVESTER NCHULU', '', '105'),
(742, '', 'Manufaa kwetu', '', '42', 'DANIEL BUCHENYEKI', '', 'MOSES NSONGO', '', '105'),
(743, '', 'Lekatugeme', '', '157', 'MASELE MLYANZELA', '', 'MAUNGA SELEMANI', '', '112'),
(744, '', 'Maendeleo mbele ', '', '256', 'GERVAS J.MACHIBYA', '', 'HOJA KASONGI', '', '112'),
(745, '', 'Pendeza', '', '377', '', '', '', '', '123'),
(746, '', 'Mwashujaa kitunga ', '', '509', '', '', '', '', '145'),
(747, '', 'Igembesabo', '', '133', 'MASAYU MADUHU', '', 'ANNA MASHAULI', '', '168'),
(748, '', 'Washelisheli ', '', '250', 'RENATUS MABULA', '', 'SAMSONI MASANJA', '', '181'),
(749, '', 'Nyang''hingi ''b''', '', '123', 'NGWELELE MATHIAS', '', 'TIZIRA ELIAS', '', '187'),
(750, '', 'Senga chasang''ombe', '', '80', 'MAKOYE NKOMBA', '', 'YUDA LUBIMBI', '', '203'),
(751, '', 'Nanda', '', '56', 'KOMANYA C.MASHENJI', '', 'MATHIAS SITTA', '', '220'),
(752, '', 'Igulya ''a''', '', '293', '', '', '', '', '227'),
(753, '', 'Songambele', '', '268', 'PAUL W. LUPEMBA', '', 'SEMENI LUCAS', '', '227'),
(754, '', 'Mwabomba ''A''', '', '130', 'MARCO BUDUNDU', '', 'KULWA WILLIAM', '', '232'),
(755, '', 'Songa mbele ', '', '371', 'HADIJA J. BILAL', '', '', '', '263'),
(756, '', 'Mwadobana', '', '145', 'GERVAS MBUTA', '', 'FAUSTINE GERVAS', '', '279'),
(757, '', 'Nguvu kazi ', '', '164', 'JAMES SOSELA', '', 'MASHIKU PAUL', '', '279'),
(758, '', 'Mondo', '', '95', 'YOHANA SABINI', '', 'REGENA MALEKANA', '', '279'),
(759, '', 'Mwankuba  Wani', '', '165', 'BUJIKU MANYECHA', '', 'RICHER DIMABEJA', '', '295'),
(760, '', 'Ng''wabomba ''B''', '', '117', 'MARCO DUKWALA', '', 'JOHN M SASILA', '', '331'),
(761, '', 'Songa mbele ', '', '345', 'SENGA MASHERIA K', '', 'PHILIPO LAZIMA', '', '334'),
(762, '', 'Igembesabo', '', '', 'MARIA ONESMO', '', 'ATHONY CHARLE NHUNGO', '', '356'),
(763, '', 'Nguvu kazi ', '', '426', '', '', '', '', '376'),
(764, '', 'Malili Group', '', '', 'INOCENT PAUL', '', 'JOSEPH CLAUD', '', '416'),
(765, '', 'Jabuliho', '', '85', '', '', '', '', '419'),
(766, '', 'Nguvu kazi ', '', '431', '', '', '', '', '422'),
(767, '', 'Umoja ni mali ', '', '488', 'KULWA PASTORY', '', 'NICHOLAS M.MPEMBA', '', '428');

-- --------------------------------------------------------

--
-- Table structure for table `fbg_transactions`
--

CREATE TABLE IF NOT EXISTS `fbg_transactions` (
  `id` int(10) NOT NULL AUTO_INCREMENT,
  `sno` varchar(4) DEFAULT NULL,
  `group` varchar(26) DEFAULT NULL,
  `region` varchar(9) DEFAULT NULL,
  `ward` varchar(13) DEFAULT NULL,
  `village` varchar(16) DEFAULT NULL,
  `seed_invoice` varchar(19) DEFAULT NULL,
  `acreage` varchar(6) DEFAULT NULL,
  `seed_qty` varchar(9) DEFAULT NULL,
  `seed_unit_price` varchar(10) DEFAULT NULL,
  `seed_total` varchar(8) DEFAULT NULL,
  `chemical_invoice` varchar(24) DEFAULT NULL,
  `chemical_qty` varchar(9) DEFAULT NULL,
  `chemical_unit_price` varchar(10) DEFAULT NULL,
  `chemical_total` varchar(7) DEFAULT NULL,
  `pumps_amount` varchar(5) DEFAULT NULL,
  `pumps_total` varchar(9) DEFAULT NULL,
  PRIMARY KEY (`id`)
) ENGINE=InnoDB  DEFAULT CHARSET=utf8 AUTO_INCREMENT=720 ;

--
-- Dumping data for table `fbg_transactions`
--

INSERT INTO `fbg_transactions` (`id`, `sno`, `group`, `region`, `ward`, `village`, `seed_invoice`, `acreage`, `seed_qty`, `seed_unit_price`, `seed_total`, `chemical_invoice`, `chemical_qty`, `chemical_unit_price`, `chemical_total`, `pumps_amount`, `pumps_total`) VALUES
(2, '80', 'Amani', 'Bariadi', 'Kilalo', 'Kilalo', 'O243', '27', '1350', '250', '337500', '', '', '', ' -   ', '', ''),
(3, '85', 'Amani', 'Bariadi', 'I/bashashi', 'Mkuyuni', 'OO84', '133', '1064', '600', '638400', '1127', '196', '1500', '294000', '', ''),
(4, '520', 'Amani', 'Bariadi', 'Ikindilo', 'Ikindilo', '', '98.5', '', '', ' -   ', '1835/2529', '394', '1500', '591000', '1', '30000'),
(5, '431', 'Amani ', 'Bariadi', 'Nhobola', 'Nhobola', '', '299', '', '', ' -   ', '1152/2197', '897', '1500', '1345500', '', ''),
(6, '475', 'Amani group', 'Bariadi', 'Nkoma', 'Mwambagwa', '', '116', '', '', ' -   ', '1646', '232', '1500', '348000', '1', '30000'),
(7, '26', 'Amani na Maendeleo', 'Bariadi', 'Matongo', 'Ng''halita', '', '173', '1384', '600', '830400', '1433/2605/2637', '678', '1500', '1017000', '', ''),
(8, '35', 'Amani-Byuna', 'Bariadi', 'Mwadobana', 'Byuna', 'O554', '212', '2120', '250', '530000', '1954/1977/2703', '848', '1500', '1272000', '', ''),
(9, '315', 'Amka', 'Bariadi', 'Bumera', 'Bumera', 'O466', '366', '1830', '250', '457500', '', '', '', ' -   ', '', ''),
(10, '414', 'Amkeni', 'Bariadi', 'Bumera', 'Bumera', '1167', '134', '', '', ' -   ', '2531/1167', '402', '1500', '603000', '', ''),
(11, '413', 'Ari mpya', 'Bariadi', 'Bumera', 'Habiya', '1176', '156', '', '', ' -   ', '1176/2525', '468', '1500', '702000', '', ''),
(12, '638', 'Baba na Mama', 'Bariadi', 'mwanasubi', 'Mwamtani', '', '190', '', '', ' -   ', '1830', '380', '1500', '570000', '', ''),
(13, '296', 'Bagolole', 'Bariadi', 'Sakwe', 'Ibulyu', 'O342', '290', '2900', '250', '725000', '1963/1994/2552', '719', '1500', '1078500', '1', '30000'),
(14, '125', 'Bagosha kilimo', 'Bariadi', 'Kasoli', 'Kasoli', 'O562', '80', '640', '600', '384000', '1124', '86', '1500', '129000', '1', '30000'),
(15, '8', 'Balimi', 'Bariadi', 'Mwalushu', 'Mwamigagani', '', '273', '2184', '600', '1310400', '1621', '400', '1500', '600000', '1', '30000'),
(16, '28', 'Balimi', 'Bariadi', 'Luguru', 'Itubilo', '', '225', '2250', '250', '562500', '1173/2667', '222', '1500', '333000', '', ''),
(17, '59', 'Balimi', 'Bariadi', 'Kasoli', 'Nduha', 'O402', '95', '950', '250', '237500', '2578', '420', '1500', '630000', '3', '90000'),
(18, '106', 'Balimi', 'Bariadi', 'Guduwi', 'Yeya', 'O497', '220', '1760', '600', '1056000', '', '496', '1500', '744000', '3', '90000'),
(19, '439', 'Balimi', 'Bariadi', 'Langagabilili', 'Langagabilili', '1159', '136.5', '', '', ' -   ', '1159/2506', '410', '1500', '615000', '', ''),
(20, '462', 'Balimi Kilimanjaro', 'Bariadi', 'Mwamapalala', 'Ngeme', '', '81', '', '', ' -   ', '1556', '162', '1500', '243000', '1', '30000'),
(21, '516', 'Bufaco', 'Bariadi', 'Bumera', 'Habiya', '', '202', '', '', ' -   ', '1175/2526', '606', '1500', '909000', '', ''),
(22, '221', 'Bujingwa', 'Bariadi', 'Mwalushu', 'Mwanunui', 'O102', '166', '1664', '600', '998400', '1579', '422', '1500', '633000', '', ''),
(23, '428', 'Bulemela', 'Bariadi', 'Luguru', 'Mwainuzi', '1181', '147', '', '', ' -   ', '2199/1181', '441', '1500', '661500', '1', '30000'),
(24, '229', 'Bulongoni', 'Bariadi', 'Bunamhala', 'Bunamhala', 'O601', '160', '1600', '250', '400000', '1145/2468', '494', '1500', '741000', '2', '60000'),
(25, '31', 'Buludika Na Jembe', 'Bariadi', 'Kinang''weli', 'Lalang''ombe', 'O274', '210', '2100', '250', '525000', '1592', '438', '1500', '657000', '1', '30000'),
(26, '16', 'Busese Tuinuane', 'Bariadi', 'Kasoli', 'Kasoli', '', '125', '1250', '250', '312500', '2029', '164', '1500', '246000', '', ''),
(27, '491', 'Chake na Amani', 'Bariadi', 'Mwaubingi', 'Gasuma', '', '78', '', '', ' -   ', '2050/2634/2596', '314', '1500', '471000', '', ''),
(28, '498', 'Chogwa ni Kwetu', 'Bariadi', 'Sakwe', 'Pugu', '', '222.5', '', '', ' -   ', '1411', '445', '1500', '667500', '1', '30000'),
(29, '460', 'Dasina Farmers', 'Bariadi', 'Nkoma', 'Dasina', '', '99', '', '', ' -   ', '1162', '198', '1500', '297000', '', ''),
(30, '501', 'Faidika', 'Bariadi', 'Nyakabindi', 'Mwakibuga', '', '136', '', '', ' -   ', '1547', '272', '1500', '408000', '', ''),
(31, '569', 'Gilya mkataba Service', 'Bariadi', 'Gilya', 'Gilya', '', '85', '', '', ' -   ', '2019/2500/2628', '340', '1500', '510000', '', ''),
(32, '643', 'Haki na Amani', 'Bariadi', 'Mwadobana', 'Gasuma', '', '94', '', '', ' -   ', '2046/2595', '283', '1500', '424500', '', ''),
(33, '141', 'Heka heka', 'Bariadi', 'Nyangokolwa', 'Bipyai', 'O388', '91', '910', '250', '227500', '1996', '473', '1500', '709500', '', ''),
(34, '474', 'Hekaheka', 'Bariadi', 'Nkoma', 'Nkoma', '', '111', '', '', ' -   ', '1163', '222', '1500', '333000', '', ''),
(35, '227', 'Idoselo', 'Bariadi', 'Mwaswale', 'Ng''walali', 'O506', '315', '3150', '250', '787500', '1643/2171', '871', '1500', '1306500', '1', '30000'),
(36, '558', 'Idoselo Mbugani', 'Bariadi', 'Sawida', 'Isagala', '', '50', '', '', ' -   ', '2176', '100', '1500', '150000', '1', '30000'),
(37, '476', 'Igada', 'Bariadi', 'Ikindilo', 'Ntega', '', '141', '', '', ' -   ', '1833/2546', '473', '1500', '709500', '1', '30000'),
(38, '33', 'Igegu Magharibi', 'Bariadi', 'Sapiwi', 'Igegu', '', '209', '1672', '600', '1003200', '2614/1987/1440', '800', '1500', '1200000', '', ''),
(39, '423', 'Igembe sabo  A', 'Bariadi', 'Mbita', 'Sunzula', '1566', '144', '', '', ' -   ', '1566/2662', '387', '1500', '580500', '', ''),
(40, '471', 'Igembensabo', 'Bariadi', 'Budalabujiga', 'Budalabujiga', '', '212', '', '', ' -   ', '1151/1638', '848', '1500', '1272000', '', ''),
(41, '78', 'Igembesabo', 'Bariadi', 'Mwamapalala', 'Ngeme', 'O521', '44', '2200', '250', '550000', '1555', '328', '1500', '492000', '1', '30000'),
(42, '81', 'Igembesabo', 'Bariadi', 'I/bashashi', 'I/bashashi', 'OO86', '94', '752', '600', '451200', '2023', '261', '1500', '391500', '1', '30000'),
(43, '154', 'Igembesabo', 'Bariadi', 'Chinamili', 'Chinamili', 'O507/0611', '220', '4200', '250', '1050000', '2167/1558/1553/2167', '801', '1500', '1201500', '1', '30000'),
(44, '274', 'Igembesabo', 'Bariadi', 'Kasoli', 'Mwamlapa', 'O486', '195', '1950', '250', '487500', '1107/1129', '318', '1500', '477000', '3', '90000'),
(45, '332', 'Igembesabo', 'Bariadi', 'Sapiwi', 'Masewa', '2041', '96', '', '', ' -   ', '2623', '288', '1500', '432000', '', ''),
(46, '495', 'Igembesabo', 'Bariadi', 'Bariadi', 'Kidinda', '', '360', '', '', ' -   ', '1412', '720', '1500', '1080000', '1', '30000'),
(47, '451', 'Igembesabo ', 'Bariadi', 'Sawida', 'Isagala', '', '203', '', '', ' -   ', '1843', '406', '1500', '609000', '1', '30000'),
(48, '12', 'Igembesabo ''''A''''', 'Bariadi', 'Mwalushu', 'Mwalushu', 'O329/O525', '200', '1600', '600', '960000', '2183/1815', '492', '1500', '738000', '1', '30000'),
(49, '75', 'Igembesabo ''''A''''', 'Bariadi', 'Zagayu', 'Sasago', 'O292', '24', '1200', '250', '300000', '1636', '846', '1500', '1269000', '1', '30000'),
(50, '76', 'Igembesabo ''''B''''', 'Bariadi', 'Zagayu', 'Sasago', 'O100', '61', '3050', '250', '762500', '', '', '', ' -   ', '', ''),
(51, '222', 'Igembesabo ''''B''''', 'Bariadi', 'Mwalushu', 'Mwanunui', 'O105', '102', '1024', '600', '614400', '1590', '348', '1500', '522000', '', ''),
(52, '64', 'Igembesabo CT', 'Bariadi', 'Mwalushu', 'Mwamigagani', '1008', '82', '656', '600', '393600', '1617/2187', '182', '1500', '273000', '1', '30000'),
(53, '300', 'Igembesabo -Nyamalapa', 'Bariadi', 'Nyamalapa', 'Nyamalapa', 'O133', '150', '1500', '250', '375000', '2511/1190', '456', '1500', '684000', '', ''),
(54, '314', 'Igembesabo-Gaswa', 'Bariadi', 'Sagata', 'Gaswa', 'O348', '320', '1600', '250', '400000', '2521/1168', '344', '1500', '516000', '', ''),
(55, '636', 'Igembesabo-Ikindilo', 'Bariadi', 'Ikindilo', 'Ikindilo', '', '209', '', '250', ' -   ', '1834', '418', '1500', '627000', '1', '30000'),
(56, '333', 'Igembesabo-kilulu', 'Bariadi', 'Bunamhala', 'Kilulu', '1402', '124', '', '', ' -   ', '2467', '348', '1500', '522000', '1', '30000'),
(57, '335', 'Igembesabo-Mhango', 'Bariadi', 'Mhango', 'Mhango', '1499', '132', '', '', ' -   ', '', '264', '1500', '396000', '', ''),
(58, '339', 'Igembesabo-Nduha', 'Bariadi', 'Kasoli', 'Nduha', '1113', '119', '', '', ' -   ', '', '238', '1500', '357000', '3', '90000'),
(59, '7', 'Igubabahabi', 'Bariadi', 'Mwalushu', 'Mwamigagani', '', '145', '1160', '600', '696000', '1607', '200', '1500', '300000', '', ''),
(60, '150', 'Iguna kilalo', 'Bariadi', 'Kilalo', 'Kilalo', 'O279', '122', '1220', '250', '305000', '1494/1529', '384', '1500', '576000', '1', '30000'),
(61, '60', 'Igulya ''''A''''', '8', '154', 'Mwabaraturu', 'O336', '59', '2020', '250', '505000', '1740', '400', '1500', '600000', '', ''),
(62, '61', 'Songa mbele', '8', '165', 'Ng''waswehele', 'O314', '69', '1884', '250', '471000', '', '', '', ' -   ', '', ''),
(63, '62', 'Washelisheli', '8', '156', 'Malya', 'O313', '50', '1800', '250', '450000', '', '', '', ' -   ', '', ''),
(64, '63', 'Nguvu kazi', '8', '165', 'Nyashana', 'O316', '85', '1850', '250', '462500', '', '', '', ' -   ', '', ''),
(65, '5', 'Igunabalimi', 'Bariadi', 'Mwalushu', 'Ng''omango', 'O116', '291', '2328', '600', '1396800', '1619/2186', '828', '1500', '1242000', '1', '30000'),
(66, '71', 'Igunabasabi', 'Bariadi', 'Mwalushu', 'Mwamigagani', '1010', '95', '760', '600', '456000', '', '', '', ' -   ', '', ''),
(67, '83', 'Ihojo', 'Bariadi', 'I/bashashi', 'I/bashashi', 'O538', '126', '1008', '600', '604800', '2022/1988', '129', '1500', '193500', '1', '30000'),
(68, '480', 'Ihojo Madukani', 'Bariadi', 'Kasoli', 'Nduha', '', '117', '', '', ' -   ', '1106/1130', '234', '1500', '351000', '3', '90000'),
(69, '420', 'Iloga nzala', 'Bariadi', 'Mbita', 'Sunzula', '1568', '169', '', '', ' -   ', '1568/2662', '507', '1500', '760500', '', ''),
(70, '189', 'Imalabuluhi', 'Bariadi', 'Ngulyati', 'Nyanguge', 'O341', '170', '1700', '250', '425000', '2580', '274', '1500', '411000', '1', '30000'),
(71, '3', 'Imalamakoye ''''A''''', 'Bariadi', 'Mwalushu', 'Ng''omango', '', '186', '1488', '600', '892800', '1612/2181', '347', '1500', '520500', '1', '30000'),
(72, '112', 'Imalanota', 'Bariadi', 'Sapiwi', 'Nyamikoma', 'OO59', '278', '2224', '600', '1334400', '1960/2472', '832', '1500', '1248000', '', ''),
(73, '240', 'Imalanota', 'Bariadi', 'Kasoli', 'Mwamlapa', 'O519', '79', '790', '250', '197500', '1139/1136', '178', '1500', '267000', '3', '90000'),
(74, '523', 'Inuka', 'Bariadi', 'Kinamweli', 'Mwagimagi', '', '201', '', '', ' -   ', '1832/2542', '603', '1500', '904500', '', ''),
(75, '27', 'Itubilo', 'Bariadi', 'Luguru', 'Itubilo', '', '267', '2670', '250', '667500', '1177/2536', '783', '1500', '1174500', '', ''),
(76, '116', 'Jalala', 'Bariadi', 'Sapiwi', 'Sapiwi', 'OO52', '169', '1352', '600', '811200', '1486/2618/2493', '632', '1500', '948000', '', ''),
(77, '452', 'Jembe mkombozi', 'Bariadi', '', 'Isengwa', '', '163', '', '', ' -   ', '2156', '326', '1500', '489000', '1', '30000'),
(78, '425', 'Jembe ni mali', 'Bariadi', 'Nhobola', 'Ngw''abuyunge', '1179', '95', '', '', ' -   ', '1179', '190', '1500', '285000', '', ''),
(79, '449', 'Jembe ni mali', 'Bariadi', 'Sawida', 'Isagala', '', '175', '', '', ' -   ', '1583', '350', '1500', '525000', '1', '30000'),
(80, '416', 'Jikomboe', 'Bariadi', 'Sagata', 'Sagata', '', '141', '', '', ' -   ', '1171/2549', '564', '1500', '846000', '', ''),
(81, '524', 'Jikomboe', 'Bariadi', 'Nyamalapa', 'Isakang''wale', '', '240', '', '', ' -   ', '1197/2517', '720', '1500', '1080000', '', ''),
(82, '478', 'Jikomboe Samu', 'Bariadi', 'Mwaswale', 'Ng''walali', '', '86', '', '', ' -   ', '1641/2173', '2349', '1500', '3523500', '1', '30000'),
(83, '82', 'Igembesabo', '6', '115', 'Mwamashindike', 'O583', '68', '3400', '250', '850000', '1890', '791', '1500', '1186500', '2', '40000'),
(84, '430', 'Juhudi', 'Bariadi', 'Nhobola', 'Mwamishali', '1180', '86', '', '', ' -   ', '1180', '172', '1500', '258000', '', ''),
(85, '434', 'Juhudi', 'Bariadi', 'Mwamapalala', 'Mwamapalala', '1200', '180.5', '', '', ' -   ', '', '361', '1500', '541500', '1', '30000'),
(86, '153', 'Juhudi ''''A''''', 'Bariadi', 'Chinamili', 'Chinamili', 'O511/O612', '195', '2950', '250', '737500', '1557/1554/2200', '192', '1500', '288000', '1', '30000'),
(87, '39', 'Juhudi Maarifa', 'Bariadi', 'Mwadobana', 'Ikungulyandili', '', '136', '1360', '250', '340000', '1983/2708', '544', '1500', '816000', '', ''),
(88, '595', 'Juhudi-Mwaswale', 'Bariadi', 'Mwaswale', 'Mwaswale', '', '314', '', '', ' -   ', '2153', '628', '1500', '942000', '', ''),
(89, '302', 'Kabasa', 'Bariadi', 'Nyamalapa', 'Nyamalapa', '1001', '103', '1030', '250', '257500', '1187/2514', '432', '1500', '648000', '1', '30000'),
(90, '188', 'Kadoto ''''A''''', 'Bariadi', 'Ngulyati', 'Ngulyati', 'O563', '70', '700', '250', '175000', '2582', '256', '1500', '384000', '1', '30000'),
(91, '90', 'Mapongo ''''B''''', '6', '124', 'Isangenghe', 'O584', '54', '2700', '250', '675000', '1364', '484', '1500', '726000', '', ''),
(92, '91', 'Njia Panda', '6', '117', 'Bushashi', 'O578', '44', '2200', '250', '550000', '', '920', '1500', '1380000', '', ''),
(93, '92', 'Ntuzu Group', '7', '150', 'Nzanza', 'O424', '71', '3550', '250', '887500', '2104/2146', '721', '1500', '1081500', '', ''),
(94, '93', 'Isalala  ''''A''''', '7', '138', 'Mwandu-itinje', 'O418', '37', '1850', '250', '462500', '', '555', '1500', '832500', '', ''),
(95, '94', 'Muungano', '7', '150', 'Nzanza', 'O404', '28', '1400', '250', '350000', '2103/2147', '582', '1500', '873000', '', ''),
(96, '95', 'Umoja ', '5', '108', 'Igaga ''''B''''', 'O371', '69', '3450', '250', '862500', '1285', '698', '1500', '1047000', '', ''),
(97, '96', 'Liwa', '6', '117', 'Bushashi', 'O579', '52.4', '2620', '250', '655000', '579', '1152', '1500', '1728000', '', ''),
(98, '97', 'Mshikamano ', '5', '108', 'Igaga ''''B''''', 'O370', '68', '3400', '250', '850000', '', '', '', ' -   ', '', ''),
(99, '98', 'Korogwe group', '5', '107', 'Iboja', 'O359', '102', '5100', '250', '1275000', '1651', '1020', '1500', '1530000', '2', '50000'),
(100, '72', 'Kalunde''s', 'Bariadi', 'Mwalushu', 'Ng''omango', '1012', '181', '1448', '600', '868800', '', '', '', ' -   ', '', ''),
(101, '50', 'Kati ''''B'''' Mondo', 'Bariadi', 'Guduwi', 'Mbugani', '', '241', '1928', '600', '1156800', '', '600', '1500', '900000', '1', '30000'),
(102, '51', 'Katu ''''A'''' Mondo', 'Bariadi', 'Guduwi', 'Mbugani', '1447', '245', '1960', '600', '1176000', '', '600', '1500', '900000', '1', '30000'),
(103, '17', 'Kaza moyo', 'Bariadi', 'Matongo', 'Matongo', '', '208', '1664', '600', '998400', '1437/2639/2496', '800', '1500', '1200000', '', ''),
(104, '277', 'Kazana Group', 'Bariadi', 'Nyamalapa', 'Nyamalapa', '1002', '176', '1760', '250', '440000', '1191/2510', '350', '1500', '525000', '', ''),
(105, '159', 'Kazi  Malengo', 'Bariadi', 'Kasoli', 'Nduha', 'O151', '60', '600', '250', '150000', '1109/1132/2577', '326', '1500', '489000', '3', '90000'),
(106, '496', 'Kazi kwanza', 'Bariadi', 'Ngulyati', 'Ngalla', '', '222', '', '', ' -   ', '1104/2561', '644', '1500', '966000', '1', '30000'),
(107, '32', 'Kazi na Malengo', 'Bariadi', 'Nkindwabiye', 'Songambele', '', '109', '1090', '250', '272500', '2004/2008/2588/2711/2711', '1195', '1500', '1792500', '', ''),
(108, '135', 'Kidamleda', 'Bariadi', 'Nkindwabiye', 'Nkindwabiye', 'O553', '379', '3790', '250', '947500', '', '758', '1500', '1137000', '', ''),
(109, '89', 'Kilimo Bora', 'Bariadi', 'I/bashashi', 'I/bashashi', 'OO85', '151', '1208', '600', '724800', '1991', '162', '1500', '243000', '', ''),
(110, '133', 'Kilimo Bora', 'Bariadi', 'Mwadobana', 'Byuna', 'O548', '239', '2390', '250', '597500', '1951', '206', '1500', '309000', '', ''),
(111, '37', 'Kilimo cha Mkombozi', 'Bariadi', 'Mwadobana', 'Byuna', '', '177', '1770', '250', '442500', '2011/1981/2707', '708', '1500', '1062000', '', ''),
(112, '453', 'Kilimo kwanza', 'Bariadi', 'Sawida', 'Mahembe', '', '324', '', '', ' -   ', '1571', '648', '1500', '972000', '', ''),
(113, '667', 'Kilimo kwanza-Isagala', 'Bariadi', 'Zagayu', 'Isagala', '', '136', '', '', ' -   ', '2666', '272', '1500', '408000', '', ''),
(114, '34', 'Kilimo ni Mali', 'Bariadi', 'Kinang''weli', 'Lalang''ombe', 'O273', '165', '1650', '250', '412500', '1591', '234', '1500', '351000', '1', '30000'),
(115, '647', 'Kilimo ni Mali-Mwakatale', 'Bariadi', 'Budabujiga', 'Mwakatale', '', '113', '', '', ' -   ', '2159/2152', '452', '1500', '678000', '1', '30000'),
(116, '646', 'Kilimo ni Mkombozi', 'Bariadi', 'Budabujiga', 'Mwakatale', '', '247', '', '', ' -   ', '2161', '494', '1500', '741000', '1', '30000'),
(117, '463', 'Kilimo Ni Uhai', 'Bariadi', 'Sagata', 'Sagata', '', '67.5', '', '', ' -   ', '1564/63/2528', '405', '1500', '607500', '1', '30000'),
(118, '492', 'Kilimo Ni Uhai', 'Bariadi', 'Mwaubingi', 'Gasuma', '', '163', '', '', ' -   ', '2010/2632/2594/2721', '889', '1500', '1333500', '', ''),
(119, '519', 'Kilombero', 'Bariadi', 'Ikindilo', 'Nyang''ombe', '', '34', '', '', ' -   ', '1587', '68', '1500', '102000', '1', '30000'),
(120, '424', 'Kilugala kijiweni', 'Bariadi', 'Nhobola', 'Kilugala', '1154', '137', '', '', ' -   ', '1154/2198', '411', '1500', '616500', '', ''),
(121, '66', 'Kipamu', 'Bariadi', 'Mwalushu', 'Mwamigagani', '1007', '309', '2472', '600', '1483200', '2185', '309', '1500', '463500', '', ''),
(122, '320', 'Kishada', 'Bariadi', 'Kilalo', 'Kilalo', '1490', '', '', '', ' -   ', '2559', '230', '1500', '345000', '1', '30000'),
(123, '497', 'Kisiwani', 'Bariadi', 'Ngulyati', 'Ngalla', '', '218', '', '', ' -   ', '1103/1409/2563', '636', '1500', '954000', '1', '30000'),
(124, '415', 'Kombora', 'Bariadi', 'Sagata', 'Gaswa', '', '75', '', '', ' -   ', '1170/2523', '300', '1500', '450000', '', ''),
(125, '345', 'Kujikomboa', 'Bariadi', 'Dutwa', 'Sengerema', '1441', '125', '', '', ' -   ', '2716/1985', '598', '1500', '897000', '', ''),
(126, '337', 'Kujitegemea', 'Bariadi', 'Bunamhala', 'Giriku', '1517/2028', '439', '', '', ' -   ', '2459', '1128', '1500', '1692000', '1', '30000'),
(127, '10', 'Lubugu', 'Bariadi', 'Mwalushu', 'Ng''omango', '', '326', '2608', '600', '1564800', '1610/2177', '826', '1500', '1239000', '1', '30000'),
(128, '417', 'Luguli Mlimani', 'Bariadi', 'Mbita', 'Sunzula', '1560', '201', '', '', ' -   ', '1560/2664', '603', '1500', '904500', '', ''),
(129, '128', 'Umoja wa Wazee', '4', '88', 'Ng''haya', 'O203', '104', '5200', '250', '1300000', '1201/1944', '700', '1500', '1050000', '1', '30000'),
(130, '129', 'Wakulima mwabashola A&B', '4', 'Lumeji', 'Sukuma', 'O218', '77', '3850', '250', '962500', '1231', '300', '1500', '450000', '', ''),
(131, '130', 'Buluba', '4', '88', 'Bugatu', 'O202', '148', '7400', '250', '1850000', '1202/1945/1938', '600', '1500', '900000', '1', '30000'),
(132, '19', 'Luguru Maendeleo', 'Bariadi', 'Luguru', 'Luguru', '', '215', '2150', '250', '537500', '2193', '627', '1500', '940500', '', ''),
(133, '47', 'Madukani ', 'Bariadi', 'Guduwi', 'Guduwi', '', '244', '1952', '600', '1171200', '1443', '488', '1500', '732000', '1', '30000'),
(134, '100', 'Madukani ''''A''''', 'Bariadi', 'Guduwi', 'Ditima', 'O697', '200', '1600', '600', '960000', '2590', '556', '1500', '834000', '3', '90000'),
(135, '46', 'Madukani ''''B''''', 'Bariadi', 'Guduwi', 'Nkuli', '', '284', '2840', '250', '710000', '1957/2591/2554', '1517', '1500', '2275500', '4', '120000'),
(136, '99', 'Madukani ''''B''''', 'Bariadi', 'I/bashashi', 'Ditima', 'O398', '248', '1984', '600', '1190400', '', '', '', ' -   ', '', ''),
(137, '136', 'Mkombozi', '3', '60', 'Hunyari', 'O973', '165', '1650', '250', '412500', '', '286', '1700', '486200', '', ''),
(138, '137', 'Juhudi ', '3', '60', 'Mariwanda', 'O969', '200', '2000', '250', '500000', '1307/2418/2408', '668', '1700', '1135600', '', ''),
(139, '138', 'Tupambane', '3', '60', 'Hunyari', 'O972', '185', '1850', '250', '462500', '2412', '568', '1700', '965600', '', ''),
(140, '139', 'Tupendane', '3', '60', 'Mariwanda', 'O970', '235', '2350', '250', '587500', '1308', '416', '1700', '707200', '', ''),
(141, '441', 'Madukani-Migato', 'Bariadi', 'Migato', 'Migato', '1821', '319', '', '', ' -   ', '1821/2501', '957', '1500', '1435500', '1', '30000'),
(142, '479', 'Maelewano', 'Bariadi', 'Mwaswale', 'Ng''walali', '', '148', '', '', ' -   ', '1644', '936', '1500', '1404000', '1', '30000'),
(143, '147', 'Maendeleo', 'Bariadi', 'Kilalo', 'Ikungulyambeshi', 'O242', '285', '2850', '250', '712500', '', '572', '1500', '858000', '3', '90000'),
(144, '143', 'Matumaini', '3', '50', 'Kabasa', 'O955', '135', '1350', '250', '337500', 'O976', '272', '1700', '462400', '', ''),
(145, '144', 'Jikomboe', '3', '55', 'Nyamatoke', 'O962', '285', '2850', '250', '712500', '', '466', '1700', '792200', '', ''),
(146, '490', 'Maendeleo', 'Bariadi', 'Nkololo', 'Mwamoto', '', '129', '', '', ' -   ', '1542/2553', '418', '1500', '627000', '1', '30000'),
(147, '526', 'Maendeleo', 'Bariadi', 'Ndoleleji', 'Nangale', '', '119', '', '', ' -   ', '1806/2168', '476', '1500', '714000', '1', '30000'),
(148, '567', 'Maendeleo', 'Bariadi', 'Gambosi', 'Gambosi', '', '127.5', '', '', ' -   ', '1482/2566', '387', '1500', '580500', '', ''),
(149, '568', 'Mafanikio Kilimo', 'Bariadi', 'Mwalushu', 'Ng''omango', '', '271', '2168', '600', '1300800', '1618', '600', '1500', '900000', '1', '30,000.00'),
(150, '38', 'Mahusiano Kilimo', 'Bariadi', 'Mwadobana', 'Byuna', '', '395', '3950', '250', '987500', '1979/2706', '1544', '1500', '2316000', '', ''),
(151, '233', 'Maisha Bora', 'Bariadi', 'Kilalo', 'Kilalo', 'O391', '60', '600', '250', '150000', '1489/1524', '122', '1500', '183000', '1', '30000'),
(152, '113', 'Majengo', 'Bariadi', 'Sapiwi', 'Sapiwi', 'OO53', '208', '1664', '600', '998400', '2620/2492', '808', '1500', '1212000', '', ''),
(153, '489', 'Maji maji', 'Bariadi', 'Gilya', 'Mwauchumu', '', '126', '', '', ' -   ', '2017/2603/2649', '504', '1500', '756000', '', ''),
(154, '301', 'Maji moto ', 'Bariadi', 'Nyamalapa', 'Bunamhala', '1003', '117', '1170', '250', '292500', '1194/2508', '297', '1500', '445500', '', ''),
(155, '68', 'Majiji', 'Bariadi', 'Mwalushu', 'Ng''omango', '1013', '115', '920', '600', '552000', '1618', '200', '1500', '300000', '1', '30000'),
(156, '155', 'Wachapakazi', '3', '50', 'Kabasa', 'O957', '175', '1750', '250', '437500', 'O977', '262', '1700', '445400', '', ''),
(157, '156', 'Mshikamano ', '3', '50', 'Kabasa', 'O956', '210', '2100', '250', '525000', 'O975/2401', '610', '1700', '1037000', '', ''),
(158, '157', 'Uamsho', '3', '53', 'Bukole', 'O961', '195', '1950', '250', '487500', '', '', '', ' -   ', '', ''),
(159, '158', 'Kambarage', '3', '63', 'Kamkega', 'O958', '70', '700', '250', '175000', '', '', '', ' -   ', '', ''),
(160, '152', 'Makutano', 'Bariadi', 'Bumera', 'Bulolambeshi', 'O510', '220', '2200', '250', '550000', '1560', '1450', '1500', '2175000', '1', '30000'),
(161, '160', 'Umoja mawasiliano', '3', '62', 'Nyiberekera', 'O851', '125', '1000', '600', '600000', '858/2280', '662', '1500', '993000', '', ''),
(162, '161', 'Tujikombowe', '3', '68', 'Kitaramaka', 'O964', '135', '1350', '250', '337500', '1319/0996/2319', '640', '1700', '1088000', '', ''),
(163, '162', 'Miembeni', '3', '55', 'Mcharo', 'O966', '145', '1450', '250', '362500', '2406', '494', '1700', '839800', '', ''),
(164, '163', 'Kisaga maji', '3', '74', 'Sanzte', 'O751', '150', '1500', '250', '375000', '', '', '', ' -   ', '', ''),
(165, '164', 'Mwanzo mgumu', '3', '55', 'Kisangwa', 'O967', '235', '2350', '250', '587500', '1316', '408', '1700', '693600', '', ''),
(166, '165', 'Muungano vicoba', '3', '68', 'Sazira', 'O951', '165', '1650', '250', '412500', 'O987/2316', '300', '1700', '510000', '', ''),
(167, '166', 'Nyashashi', '3', '55', 'Mihale', 'O963', '380', '3800', '250', '950000', '2404', '854', '1700', '1451800', '', ''),
(168, '167', 'Nyambogo', '3', '53', 'Kunzugu', 'O960', '295', '2950', '250', '737500', '', '460', '1700', '782000', '', ''),
(169, '442', 'Mamboleo', 'Bariadi', 'Mwamapalala', 'Ngeme', '1576', '145', '', '', ' -   ', '1576', '290', '1500', '435000', '1', '30000'),
(170, '132', 'Mambosasa', 'Bariadi', 'Mwadobana', 'Byuna', 'O549', '144', '1440', '250', '360000', '2096/1978/2705', '296', '1500', '444000', '', ''),
(171, '21', 'Mapambano', 'Bariadi', 'Sapiwi', 'Igegu', '', '248', '1984', '600', '1190400', '2613/1999', '950', '1500', '1425000', '', ''),
(172, '171', 'Bukore', '3', '68', 'Ligamba ''''A''''', 'O952', '155', '1550', '250', '387500', '1322/1779', '202', '1700', '343400', '2', '60000'),
(173, '172', 'Songa mbele', '8', '162', 'Mwamajila', 'O663', '370', '2990', '250', '747500', '', '', '', ' -   ', '', ''),
(174, '173', 'Olonja hang''wakwe', '4', '98', 'Mwasamba', 'O214', '320', '3200', '250', '800000', '1217', '300', '1500', '450000', '', ''),
(175, '174', 'Buloswa', '3', '68', 'Misisi', 'O958', '295', '2950', '250', '737500', 'O990/O995/2414/1324', '748', '1700', '1271600', '', ''),
(176, '175', 'Igembesabo (tuinuane)', '4', '90', 'Mkula', 'O710', '200', '470', '250', '117500', '1228/1748/2235', '500', '1500', '750000', '', ''),
(177, '178', 'Bishugulish II', '4', '86', 'Mwabujose', 'O686', '255', '2550', '250', '637500', '', '', '', ' -   ', '', ''),
(178, '179', 'Uwabuchama Saccos', '4', '86', 'Kalemela', 'O687', '645', '6450', '250', '1612500', '1930/2223/2244/1218', '700', '1500', '1050000', '1', '30000'),
(179, '180', 'Masangani ''''B'''' Kilimo', '4', '90', 'Kijereshi', 'O210', '56', '560', '250', '140000', '1932/2236', '700', '1500', '1050000', '1', '30000'),
(180, '181', 'Tulisawa', '4', '87', 'Badugu', 'O206', '350', '3500', '250', '875000', '1734/1734/2246/2240/1943', '1000', '1500', '1500000', '2', '60000'),
(181, '182', 'Mizwale ''''A''''', '4', '87', 'Mizwale', 'O207', '250', '2500', '250', '625000', '1208/2226', '450', '1500', '675000', '', ''),
(182, '183', 'Busami Centre', '4', '87', 'Busami', 'O208', '350', '3500', '250', '875000', '1209', '500', '1500', '750000', '', ''),
(183, '184', 'Nyabusalu', '4', '87', 'Manala', 'O704', '230', '2300', '250', '575000', '', '', '', ' -   ', '', ''),
(184, '185', 'Mwema ''''A''''', '4', '87', 'Manala', 'O703', '225', '2250', '250', '562500', '1211', '240', '1500', '360000', '', ''),
(185, '186', 'Wachapakazi', '4', '87', 'Manala', 'O705', '145', '1450', '250', '362500', '', '', '', ' -   ', '', ''),
(186, '187', 'Yerodan', '4', '99', 'Shigala', 'O147', '300', '3000', '250', '750000', '1213/1920', '400', '1500', '600000', '', ''),
(187, '487', 'Mapambano', 'Bariadi', 'Gilya', 'Mwauchumu', '', '231', '', '', ' -   ', '2018/2604/2715', '924', '1500', '1386000', '', ''),
(188, '25', 'Masaka', 'Bariadi', 'Luguru', 'Luguru', '', '130', '1300', '250', '325000', '2195', '384', '1500', '576000', '', ''),
(189, '190', 'Juhudi', '6', '115', 'Budekwa', 'OO29', '455', '4550', '250', '1137500', '1889', '910', '1500', '1365000', '2', '40000'),
(190, '191', 'Kumalinja', '6', '136', 'Shanwa', 'O595', '350', '3500', '250', '875000', '1677', '574', '1500', '861000', '1', '30000'),
(191, '192', 'Mlimani', '6', '117', 'Mwakabeya', 'O582', '185', '1850', '250', '462500', '1674', '214', '1500', '321000', '', ''),
(192, '193', 'Subira ', '6', '115', 'Budekwa', 'O594', '320', '3200', '250', '800000', '', '680', '1500', '1020000', '2', '50000'),
(193, '194', 'Safina', '6', '125', 'Mwamanenge', 'O356', '215', '2150', '250', '537500', '', '780', '1500', '1170000', '', ''),
(194, '195', 'Bazili', '6', '125', 'Mwamanenge', 'O355', '220', '2200', '250', '550000', '', '600', '1500', '900000', '1', '30000'),
(195, '196', 'Tujikomboe', '6', '125', 'Ng''wang''holo', 'O357', '630', '6300', '250', '1575000', '', '600', '1500', '900000', '', ''),
(196, '197', 'Imalamakoye', '7', '137', 'Nyanza', 'O410', '385', '3850', '250', '962500', '1280', '368', '1500', '552000', '', ''),
(197, '198', 'Mkombozi', '7', '137', 'Inonelwa', 'O415', '395', '3950', '250', '987500', '1272/2131', '481', '1500', '721500', '', ''),
(198, '199', 'Badima igembe', '7', '137', 'Mwakaluba', 'O428', '165', '1650', '250', '412500', '1273/2130', '443', '1500', '664500', '', ''),
(199, '200', 'Pamba Dhahabu', '4', '99', 'Nyamatembe', 'O688', '155', '1550', '250', '387500', '1212/2209', '300', '1500', '450000', '', ''),
(200, '201', 'Isabilo', '7', '143', 'Mwajidalala', 'O419', '590', '5900', '250', '1475000', '2114', '1302', '1500', '1953000', '', ''),
(201, '123', 'Masanga ''''A'''' Igembesabo', 'Bariadi', 'Sapiwi', 'Masewa', 'O225', '111', '888', '600', '532800', '2469', '96', '1500', '144000', '', ''),
(202, '203', 'Juhudi', '3', '60', 'Kihumbu', 'O971', '200', '2000', '250', '500000', '1325', '848', '1700', '1441600', '', ''),
(203, '204', 'Muungano', '3', '64', 'Ragata', '1758', '340', '3400', '250', '850000', '2303/2315', '1040', '1700', '1768000', '', ''),
(204, '205', 'KKT Umoja', '3', '51', 'Bugoji', 'O432', '75', '750', '250', '187500', '2358', '614', '1500', '921000', '3', '90000'),
(205, '206', 'Kawangara', '3', '74', 'Sanzate', 'O752', '100', '1000', '250', '250000', '2402', '679', '1700', '1154300', '', ''),
(206, '207', 'Pamba ni Uchumi ', '3', '63', 'Kamkega', 'O950', '200', '2000', '250', '500000', '981', '254', '1700', '431800', '', ''),
(207, '208', 'Nyamwiru', '3', '78', 'Maneke', 'O297', '130', '1300', '250', '325000', 'O841', '179', '1500', '268500', '', ''),
(208, '209', 'Nyiendo Cotton', '3', '68', 'Ligamba ''''A''''', 'O965', '165', '1650', '250', '412500', '', '178', '1700', '302600', '2', '60000'),
(209, '418', 'Matunda', 'Bariadi', 'Mbita', 'Sunzula', '1565', '293', '', '', ' -   ', '1565/2660', '879', '1500', '1318500', '', ''),
(210, '525', 'Maweni', 'Bariadi', 'Mwaswale', 'Mwaswale', '', '375', '', '', ' -   ', '1831', '750', '1500', '1125000', '', ''),
(211, '212', 'Mlimani Farmer', '3', '48', 'Balili', 'O974', '270', '2700', '250', '675000', 'O979', '1030', '1700', '1751000', '2', '60000'),
(212, '213', 'Upendo', '3', '56', 'Chingurubila', '1754/O804', '550', '5500', '250', '1375000', '1337', '1354', '1700', '2301800', '3', '90000'),
(213, '214', 'Ukombozi', '3', '64', 'Kabainja', 'O817', '515', '5150', '250', '1287500', '2311', '1238', '1700', '2104600', '', ''),
(214, '215', 'Muungano', '3', '56', 'Namhula', '1751', '270', '2700', '250', '675000', 'O873', '558', '1700', '948600', '', ''),
(215, '216', 'Kandelema', '3', '56', 'Muranda', '1752', '40', '400', '250', '100000', '880', '890', '1700', '1513000', '', ''),
(216, '217', 'Umoja', '3', '66', 'Guta', '1755', '380', '3800', '250', '950000', 'O885/O884/2310/2317/2318', '1014', '1700', '1723800', '3', '90000'),
(217, '218', 'Kukalenge', '3', '56', 'Namhula', '1750', '200', '2000', '250', '500000', '', '', '', ' -   ', '', ''),
(218, '219', 'Misisi Centre', '3', '68', 'Misisi', 'O968', '200', '2000', '250', '500000', 'O994', '652', '1700', '1108400', '', ''),
(219, '642', 'Mbapa', 'Bariadi', 'I/bashashi', 'I/bashashi', '', '172', '', '', ' -   ', '1120/2024', '344', '1500', '516000', '1', '30000'),
(220, '484', 'Mhuli', 'Bariadi', 'Bunamhala', 'Majahida', '', '86', '', '', ' -   ', '1414/2571', '344', '1500', '516000', '1', '30000'),
(221, '168', 'Miembeni', 'Bariadi', 'Kilalo', 'Kilalo', 'O392', '80', '800', '250', '200000', '', '', '', ' -   ', '', ''),
(222, '502', 'Miembeni', 'Bariadi', 'Nyakabindi', 'Mwakibuga', '', '108', '', '', ' -   ', '1548', '216', '1500', '324000', '', ''),
(223, '517', 'Mkachamchaka', 'Bariadi', 'Mwamtani', 'Mwamtani', '', '11', '', '', ' -   ', '1561', '22', '1500', '33000', '1', '30000'),
(224, '211', 'Mkombozi', 'Bariadi', 'Mhango', 'Mbiti', 'O516', '135', '1350', '250', '337500', '1459', '638', '1500', '957000', '', ''),
(225, '220', 'Mkombozi', 'Bariadi', 'Bulolambeshi', 'Bulolambeshi', 'O346', '210', '2100', '250', '525000', '1172/2547', '591', '1500', '886500', '', ''),
(226, '241', 'Mkombozi', 'Bariadi', 'Nyamalapa', 'Bunamhala', 'O138', '190', '1900', '250', '475000', '1808/2509', '978', '1500', '1467000', '1', '30000'),
(227, '228', 'Igembesabo', '5', '113', 'Mwanulu', 'O358', '545', '5450', '250', '1362500', '1851', '1264', '1500', '1896000', '2', '50000'),
(228, '272', 'Mkombozi', 'Bariadi', 'Sapiwi', 'Nyamikoma', 'OO56', '176', '1760', '600', '1056000', '2033/2646/2473', '880', '1500', '1320000', '', ''),
(229, '468', 'Mkombozi', 'Bariadi', 'lagangabilili', 'Ng''hesha ', '', '262', '', '', ' -   ', '1160', '524', '1500', '786000', '', ''),
(230, '486', 'Mkombozi', 'Bariadi', 'Guduwi', 'Mbugani', '', '346', '', '', ' -   ', '2001', '692', '1500', '1038000', '1', '30000'),
(231, '554', 'Mkombozi', 'Bariadi', 'Ikindilo', 'Mwabuki', 'O475', '109.5', '900', '250', '225000', '1588/2188', '219', '1500', '328500', '1', '30000'),
(232, '20', 'Mkombozi ''''A''''', 'Bariadi', 'Zagayu', 'Mlimani', '', '230', '2300', '250', '575000', '1183/2539/2656', '904', '1500', '1356000', '', ''),
(233, '223', 'Mkombozi ''''A''''', 'Bariadi', 'Mwalushu', 'Mwanunui', 'O101', '72', '720', '600', '432000', '1589', '206', '1500', '309000', '', ''),
(234, '298', 'Mkombozi ''''A''''', 'Bariadi', 'Mwamapalala ', 'Mwamunhu', 'O542', '260', '2600', '250', '650000', '1573', '538', '1500', '807000', '1', '30000'),
(235, '237', 'Kidumu', '3', '56', 'Karukekere', 'O803', '400', '4000', '250', '1000000', '2305/2312', '4126', '1700', '7014200', '3', '90000'),
(236, '238', 'Juhudi', '3', '56', 'Karukekere', 'O802', '405', '4050', '250', '1012500', 'O869', '820', '1700', '1394000', '2', '60000'),
(237, '239', 'Muungano', '3', '56', 'Karukekere', 'O801', '300', '3000', '250', '750000', '', '618', '1700', '1050600', '2', '60000'),
(238, '70', 'Mkombozi ''''C''''', 'Bariadi', 'Mwalushu', 'Mwamigagani', '1014', '225', '1800', '600', '1080000', '', '', '', ' -   ', '', ''),
(239, '115', 'Mkombozi -Sapiwi', 'Bariadi', 'Sapiwi', 'Sapiwi', 'OO66', '170', '1360', '600', '816000', '1485/2487/2617', '644', '1500', '966000', '', ''),
(240, '242', 'Mshikamano ', '3', '169', 'Wagete', 'O764', '93', '936', '600', '561600', '', '', '', ' -   ', '', ''),
(241, '243', 'Tuleane', '3', '169', 'Wagete', 'O763', '56', '560', '600', '336000', '2287', '350', '1500', '525000', '', ''),
(242, '244', 'Tujiimarishe Kang''usa', '3', '79', 'Nyamatoke', 'O784', '200', '2000', '600', '1200000', 'O883', '873', '1500', '1309500', '', ''),
(243, '245', 'Kaaraga', '3', '75', 'Musanja', 'O440', '255', '2550', '250', '637500', 'O829', '386', '1500', '579000', '', ''),
(244, '246', 'Terita mlimani', '3', '80', 'Mwibangi', 'O450', '270', '2700', '250', '675000', '2360/1784', '926', '1500', '1389000', '', ''),
(245, '247', 'Umoja Group', '3', '51', 'Saragana', 'O436', '195', '1950', '250', '487500', '1793', '824', '1500', '1236000', '3', '90000'),
(246, '248', 'Mayani', '3', '78', 'Mayani', 'O818', '50', '400', '250', '100000', '1349', '833', '1500', '1249500', '2', '30000'),
(247, '249', 'Mlimani', '3', '75', 'Msanja', 'O439', '195', '1950', '250', '487500', 'O848/O828', '321', '1500', '481500', '2', '60000'),
(248, '250', 'Gomora kulima', '3', '75', 'Msanja', 'O438', '110', '1100', '250', '275000', 'O830', '212', '1500', '318000', '', ''),
(249, '251', 'Tupendane', '3', '51', 'Saragana', 'O437', '125', '1250', '250', '312500', '1794', '612', '1500', '918000', '2', '60000'),
(250, '648', 'Mkombozi-Ikindilo', 'Bariadi', 'Ikindilo', 'Ikindilo', '', '121', '', '', ' -   ', '1829', '242', '1500', '363000', '1', '30000'),
(251, '253', 'Kilimo kwanza', '3', '54', 'Bulendabufe', '1735', '540', '5400', '250', '1350000', '1343', '900', '1700', '1530000', '', ''),
(252, '254', 'Umoja ni Nguvu', '3', 'Mhingo ', 'Mhingo', 'O761', '50', '500', '250', '125000', '2254/2269', '328', '1700', '557600', '', ''),
(253, '255', 'Sedeco', '3', '74', 'Mugeta', 'O750', '100', '1000', '250', '250000', '2256', '268', '1700', '455600', '', ''),
(254, '256', 'Kilimo kwanza', '3', '74', 'Mugeta', 'O757', '150', '1500', '250', '375000', '2257', '460', '1700', '782000', '', ''),
(255, '257', 'Umoja', '3', '74', 'Sanzate', 'O753', '100', '1000', '250', '250000', '', '', '', ' -   ', '', ''),
(256, '258', 'Ushirikiano', '3', '79', 'Mosongo', 'O778', '100', '1000', '600', '600000', 'O894/O893/2291', '420', '1500', '630000', '1', '30000'),
(257, '259', 'Umoja ni Nguvu shuleni', '3', '79', 'Mosongo', 'O777/0853', '100', '2000', '600', '1200000', '2290', '150', '1500', '225000', '', ''),
(258, '261', 'Mshikamano ', '3', '58', 'Maburi', 'O770', '200', '2000', '600', '1200000', '2295', '1276', '1500', '1914000', '3', '90000'),
(259, '262', 'Tushirikiane', '3', '58', 'Nyambureti', 'O771', '200', '2000', '600', '1200000', '2296', '300', '1500', '450000', '', ''),
(260, '263', 'Nguvu kazi', '3', '58', 'Gusuhi', 'O767', '100', '1000', '600', '600000', '2262/O989', '1484', '1500', '2226000', '3', '90000'),
(261, '264', 'Nyankune', '3', '58', 'Gusuhi', 'O768', '100', '1000', '600', '600000', '2260', '283', '1500', '424500', '', ''),
(262, '265', 'Faidika', '3', '58', 'Nyambureti', 'O766', '200', '2000', '600', '1200000', '2261', '309', '1500', '463500', '', ''),
(263, '266', 'Mafanikio  Ndio Malengo', '3', '58', 'Monuna', 'O779', '277', '2776', '600', '1665600', 'O891/O892', '756', '1500', '1134000', '2', '60000'),
(264, '267', 'Chapakazi-Nyaisese', '3', '79', 'Mosongo', 'O854/O790', '200', '2000', '600', '1200000', '2288/O898/O897', '756', '1500', '1134000', '2', '60000'),
(265, '268', 'Watalam Mondo', '4', '89', 'Buhumbi', 'O496', '615', '6150', '250', '1537500', '1923/1235', '900', '1500', '1350000', '1', '30000'),
(266, '269', 'Susuma', '4', '89', 'Buhumbi', 'O493', '120', '1200', '250', '300000', '', '', '', ' -   ', '', ''),
(267, '270', 'Tuje', '4', '89', 'Buhumbi', 'O494', '340', '3400', '250', '850000', '1240', '200', '1500', '300000', '', ''),
(268, '271', 'Pamba Safi', '4', '89', 'Buhumbi', 'O495', '145', '1450', '250', '362500', '', '', '', ' -   ', '', ''),
(269, '330', 'Mkombozi-Ilalambuli', 'Bariadi', 'Nyangokolwa', 'Ng''wang''wali', '1474', '187', '', '', ' -   ', '', '374', '1500', '561000', '', ''),
(270, '111', 'Mkombozi-Mwandama', 'Bariadi', 'Sapiwi', 'Mwandama', 'O227', '240', '1920', '600', '1152000', '2488/2616', '960', '1500', '1440000', '', ''),
(271, '327', 'Mkombozi-Mwasinasi', 'Bariadi', 'Mwaumatondo', 'Mwasinasi', '1545', '200', '', '', ' -   ', '2463/2609', '764', '1500', '1146000', '', ''),
(272, '121', 'Mkombozi-Mwatimba', 'Bariadi', 'Matongo', 'Mwantimba', 'O235', '195', '1560', '600', '936000', '1959/2495', '585', '1500', '877500', '', ''),
(273, '341', 'Mkombozi-Pugu', 'Bariadi', 'Sakwe', 'Pugu', '1512', '131', '', '', ' -   ', '', '262', '1500', '393000', '', ''),
(274, '54', 'Mkombzi ''''B''''', 'Bariadi', 'Mwalushu', 'Mwalushu', 'O513', '178', '1424', '600', '854400', '1623', '320', '1500', '480000', '1', '30000'),
(275, '49', 'Mkommbozi', 'Bariadi', 'Guduwi', 'Mbugani', '', '346', '2768', '600', '1660800', '', '', '', ' -   ', '', ''),
(276, '279', 'Mkombozi', '3', 'Namalebe', 'Chitengule', '1756', '450', '4500', '250', '1125000', '2309', '906', '1700', '1540200', '', ''),
(277, '6', 'Mkunazini', 'Bariadi', 'Mwalushu', 'Mwalushu', '', '133', '1064', '600', '638400', '1616/1586', '183', '1500', '274500', '1', '30000'),
(278, '281', 'Mkombozi ', '3', '169', 'Rigicha', 'O786', '170', '1704', '600', '1022400', '2265', '410', '1500', '615000', '', ''),
(279, '282', 'Maongezeko', '3', '169', 'Wagete', 'O765', '40', '400', '600', '240000', '2276/2285', '530', '1500', '795000', '', ''),
(280, '18', 'Mkuyuni', 'Bariadi', 'Zagayu', 'Zanzui', 'OO96', '360', '3600', '250', '900000', '1182/2538/2655', '1440', '1500', '2160000', '', ''),
(281, '284', 'Gusa unate', '3', '51', 'Bugoji', 'O222', '195', '1950', '250', '487500', '2357', '622', '1500', '933000', '2', '60000'),
(282, '285', 'Kabulabula', '3', '51', 'Kabulabula', 'O434', '295', '2950', '250', '737500', '2361', '394', '1500', '591000', '2', '60000'),
(283, '286', 'Ujamaa', '3', '51', 'Bugoji', 'O433', '205', '2050', '250', '512500', '2354', '918', '1500', '1377000', '3', '90000'),
(284, '287', 'Kigamboni', '3', '60', 'Mariwanda', 'O954', '295', '2950', '250', '737500', '1326', '476', '1700', '809200', '', ''),
(285, '288', 'Kilimo kwanza', '3', '74', 'Kyandenge', 'O760', '150', '1500', '250', '375000', '2255/2281', '853', '1700', '1450100', '', ''),
(286, '289', 'Kuleli', '3', '66', 'Kunanga', '1760', '195', '1950', '250', '487500', 'O889/O888', '898', '1700', '1526600', '3', '90000'),
(287, '290', 'Tuinuane', '3', '54', 'Igundu', 'O814', '155', '1550', '250', '387500', '1345', '266', '1700', '452200', '', ''),
(288, '292', 'Umoja ni Nguvu', '3', '52', 'Muhoji', 'O815/O857/O816', '618', '4992', '600', '2995200', 'O839/2362', '660', '1500', '990000', '', ''),
(289, '294', 'Nyamisisi', '3', '62', 'Iharara', 'O787', '200', '2000', '600', '1200000', '2297/2298', '300', '1500', '450000', '', ''),
(290, '295', 'Inyentero one', '3', 'Nyamatare', 'Kemkesi', 'O791', '237', '2376', '600', '1425600', '2299', '1226', '1500', '1839000', '', ''),
(291, '275', 'Mlimani', 'Bariadi', 'Kasoli', 'Mwamlapa', 'O485', '230', '2300', '250', '575000', '1112/1138/2453', '705', '1500', '1057500', '3', '90000'),
(292, '299', 'Mlimani', 'Bariadi', 'Mwamapalala ', 'Mwamunhu', 'O544', '150', '1500', '250', '375000', '', '', '', ' -   ', '', ''),
(293, '465', 'Mlimani', 'Bariadi', 'Bumera', 'Mwanzimbi', '', '31.5', '', '', ' -   ', '1639/2184/2550', '189', '1500', '283500', '', ''),
(294, '500', 'Mlimani ''''A''''', 'Bariadi', 'Gilya', 'Mwauchumu', '', '186', '', '', ' -   ', '2016/2601/2650', '744', '1500', '1116000', '', ''),
(295, '427', 'Mlimani Humu', 'Bariadi', 'Mwamapalala', 'Mwamunhu', '1572', '156', '', '', ' -   ', '1572', '312', '1500', '468000', '', ''),
(296, '22', 'Mlimani Kazi', 'Bariadi', 'Sapiwi', 'Nyamikoma', 'OO72', '256', '2048', '600', '1228800', '2038/2647/2475', '1024', '1500', '1536000', '', ''),
(297, '24', 'Mnyonge Ainuke', 'Bariadi', 'Matongo', 'Ng''halita', '', '185', '1480', '600', '888000', '1432/2606', '525', '1500', '787500', '', ''),
(298, '303', 'Amka', '4', '97', 'Lubugu', 'O217', '160', '1600', '250', '400000', '1733/1206', '150', '1500', '225000', '1', '30000'),
(299, '304', 'Inyentero Two', '3', 'Nyamatare', 'Kemkesi', 'O792', '62', '624', '600', '374400', '', '450', '1500', '675000', '', ''),
(300, '305', 'Upendo', '3', '74', 'Rakana', 'O754', '100', '1000', '250', '250000', '2252', '385', '1500', '577500', '', ''),
(301, '306', 'Kilimo ''''A'''' Hulela', '3', '62', 'Singisi', 'O775', '62', '624', '600', '374400', 'O861', '188', '1500', '282000', '', ''),
(302, '307', 'Tuinuane', '3', 'Isenye', 'Singisi', 'O788', '62', '624', '600', '374400', 'O860', '472', '1500', '708000', '2', '60000'),
(303, '308', 'Wisalilo', '3', '74', 'Rakana', 'O755', '50', '500', '250', '125000', '2253', '926', '1700', '1574200', '', ''),
(304, '309', 'Umoja kono', '3', '70', 'Kono', 'O776', '190', '1904', '600', '1142400', '794', '696', '1500', '1044000', '2', '60000'),
(305, '514', 'Mnyonge Anyanyuke', 'Bariadi', 'Nkindwabiye', 'Nkindwabiye', '', '423', '', '', ' -   ', '2049/2587/2709', '1692', '1500', '2538000', '', ''),
(306, '312', 'Kulwilwi', '3', '54', 'Igundu', 'O813', '375', '3750', '250', '937500', '', '', '', ' -   ', '', ''),
(307, '313', 'Jembe Bora', '4', '103', 'Nyamahaga', 'O219', '167', '1670', '250', '417500', '', '', '', ' -   ', '', ''),
(308, '53', 'Mpumla', 'Bariadi', 'Mwalushu', 'Mwalushu', 'O514', '83', '664', '600', '398400', '2179', '100', '1500', '150000', '', ''),
(309, '466', 'Mshikamano', 'Bariadi', 'Mwamapalala', 'Idoselo', '', '298', '', '', ' -   ', '1575/2545', '894', '1500', '1341000', '1', '30000'),
(310, '494', 'Mshikamano', 'Bariadi', 'Bunamhala', 'Kidalimanda', '', '218', '', '', ' -   ', '1403', '436', '1500', '654000', '', ''),
(311, '592', 'Mshikamano', 'Bariadi', 'Budabujiga', 'Mwabasabi', '', '83', '', '', ' -   ', '2158', '166', '1500', '249000', '1', '30000'),
(312, '2', 'Mshikamano ', 'Bariadi', 'Mwalushu', 'Ng''omango', '', '151', '1208', '600', '724800', '1622', '300', '1500', '450000', '1', '30000'),
(313, '107', 'Mshikamano ', 'Bariadi', 'Matongo', 'Matongo', 'O337', '60', '480', '600', '288000', '2641/2635/2724', '354', '1500', '531000', '', ''),
(314, '225', 'Mshikamano ', 'Bariadi', 'Mwalushu', 'Mwanunui', 'O103', '89', '896', '600', '537600', '1809', '206', '1500', '309000', '1', '30000'),
(315, '325', 'Mshikamano Isanga', 'Bariadi', 'Bariadi', 'Isanga', '1515/1521', '204', '', '', ' -   ', '', '408', '1500', '612000', '2', '60000'),
(316, '323', 'Kilimo Bora', '5', '106', 'Ndoleleji', 'O366', '864', '4320', '250', '1080000', '1859', '864', '1500', '1296000', '1', '20000'),
(317, '435', 'Mshikamano-Mwamunhu', 'Bariadi', 'Mwamapalala', 'Mwamunhu', '1574', '146', '', '', ' -   ', '', '292', '1500', '438000', '1', '30000'),
(318, '280', 'Mukawau', 'Bariadi', 'Bumera', 'Bumera', 'O344/O465/2519/1584', '250', '4566', '250', '1141500', '1165', '651', '1500', '976500', '1', '30000'),
(319, '87', 'Muungano', 'Bariadi', 'I/bashashi', 'I/bashashi', 'OO88', '232', '1856', '600', '1113600', '1967', '396', '1500', '594000', '', ''),
(320, '321', 'Muungano', 'Bariadi', 'Ngulyati', 'Ngalla', '1431/1101', '374', '', '', ' -   ', '2562', '574', '1500', '861000', '1', '30000'),
(321, '457', 'Muungano ', 'Bariadi', 'Mhunze', 'Mhunze', '', '150', '', '', ' -   ', '1595/2504', '450', '1500', '675000', '1', '30,000.00'),
(322, '483', 'Muungano Kingo', 'Bariadi', 'Bunamhala', 'Majahida', '', '142', '', '', ' -   ', '1413', '284', '1500', '426000', '1', '30000'),
(323, '421', 'Muungano -Sunzula', 'Bariadi', 'Mbita', 'Sunzula', '1587', '278', '', '', ' -   ', '1567/2663', '834', '1500', '1251000', '', ''),
(324, '640', 'Muungano-Gibeshi', 'Bariadi', 'Gibeshi', 'Mwaubingi', '', '135', '', '', ' -   ', '1971', '270', '1500', '405000', '', ''),
(325, '340', 'Muungano-Mwabadimi', 'Bariadi', 'Nkololo', 'Mwabadimi', '1543', '156', '', '', ' -   ', '1975/2555', '468', '1500', '702000', '', ''),
(326, '148', 'Mwabagalo', 'Bariadi', 'Kilalo', 'Ikungulyambeshi', 'O560', '320', '3200', '250', '800000', '', '642', '1500', '963000', '3', '90000'),
(327, '105', 'Mwabalimi', 'Bariadi', 'I/bashashi', 'Lulayu', 'O330', '168', '1344', '600', '806400', '1965', '336', '1500', '504000', '', ''),
(328, '42', 'Mwabashi', 'Bariadi', 'Guduwi', 'Guduwi', '', '196', '1960', '250', '490000', '1445', '392', '1500', '588000', '1', '30000'),
(329, '120', 'Mwabayanda', 'Bariadi', 'Sapiwi', 'Nyamikoma', 'O480/OO57', '222', '1776', '600', '1065600', '2043/2644/2477', '888', '1500', '1332000', '', ''),
(330, '593', 'Mwabugenge', 'Bariadi', 'lagangabilili', 'Ng''hesha ', '', '63', '', '', ' -   ', '1161', '126', '1500', '189000', '', ''),
(331, '45', 'Mwabuki', 'Bariadi', 'Guduwi', 'Guduwi', '', '319', '3190', '250', '797500', '', '638', '1500', '957000', '1', '30000'),
(332, '493', 'Mwabulugobi', 'Bariadi', 'Gambosi', 'Gambosi', '', '255.5', '', '', ' -   ', '1481/2567', '1022', '1500', '1533000', '', ''),
(333, '124', 'Mwabutundulu', 'Bariadi', 'Sapiwi', 'Nyamikoma', 'O229', '270', '2160', '600', '1296000', '2034/2643/2476', '1080', '1500', '1620000', '', ''),
(334, '119', 'Mwakiduta ''''B''''', 'Bariadi', 'Matongo', 'Salaria', 'O340', '200', '1600', '600', '960000', '1962/2642/2608', '800', '1500', '1200000', '', ''),
(335, '456', 'Mwakonya ''''B''''', 'Bariadi', 'Mwamapalala', 'Nkololo Itilima', '', '230', '', '', ' -   ', '1812', '460', '1500', '690000', '1', '30000'),
(336, '4', 'Mwakulima Bora', 'Bariadi', 'Mwalushu', 'Mwamigagani', '', '169', '1352', '600', '811200', '1627/2180', '339', '1500', '508500', '1', '30000'),
(337, '645', 'Mwaloni', 'Bariadi', 'Bunamhala', 'Mahaha', '', '121', '', '', ' -   ', '1979', '242', '1500', '363000', '', ''),
(338, '65', 'Mwalushu One', 'Bariadi', 'Mwalushu', 'Mwalushu', '1005', '142', '1136', '600', '681600', '1609/2178', '490', '1500', '735000', '1', '30000'),
(339, '346', 'Pamba ni Mali', '3', '66', 'Kinyambwiga', 'O886', '279', '', '', ' -   ', '', '558', '1700', '948600', '2', '60000'),
(340, '347', 'Mwatinini Group', '3', '51', 'Nyambono', 'O435', '127', '1350', '250', '337500', '1777', '254', '1500', '381000', '1', '30000'),
(341, '348', 'Nyamawe', '3', '55', 'Mcharo', '1312', '163', '', '', ' -   ', '2405', '526', '1700', '894200', '', ''),
(342, '349', 'Kilimo Hai Tegeruka', '3', '78', 'Tegeruka', '820', '213.5', '', '', ' -   ', '1359', '853', '1500', '1279500', '', ''),
(343, '350', 'Nyaruga', '3', '68', 'Ligamba ''''A''''', '1321', '121', '', '', ' -   ', '', '242', '1700', '411400', '1', '30000'),
(344, '351', 'Uamsho', '3', '53', 'Bukore', '1329', '121', '', '', ' -   ', '', '390', '1700', '663000', '', ''),
(345, '352', 'Rubana-Bukore', '3', '53', 'Bukore', '1328', '194', '', '', ' -   ', '', '388', '1700', '659600', '', ''),
(346, '353', 'Jembe Bora', '6', '123', 'Zebeya', '1399', '304.5', '', '', ' -   ', '', '609', '1500', '913500', '1', '30000'),
(347, '354', 'Ukombozi-Kidaganda', '6', '121', 'Kidaganda', '1363', '353.5', '', '', ' -   ', '', '707', '1500', '1060500', '', ''),
(348, '355', 'Hekima', '6', '121', 'Igumangobo', '1358', '252', '', '', ' -   ', '', '504', '1500', '756000', '', ''),
(349, '356', 'Ilomelo', '6', '117', 'Songambele', '1383', '396', '', '', ' -   ', '', '792', '1500', '1188000', '', ''),
(350, '357', 'Mwatambuka ''''A''''', '6', '129', 'Lalago', '1284', '287', '', '', ' -   ', '', '574', '1500', '861000', '', ''),
(351, '358', 'Mitimrefu', '6', '117', 'Ipililo', '1354', '252', '', '', ' -   ', '1679', '704', '1500', '1056000', '', ''),
(352, '359', 'Buluba', '6', '119', 'Chugambuli', '1351', '256', '', '', ' -   ', '', '512', '1500', '768000', '', ''),
(353, '360', 'Imalaseko', '6', '123', 'Senani', '1396', '352', '', '', ' -   ', '', '704', '1500', '1056000', '', ''),
(354, '361', 'Igembesabo', '6', '119', 'Mwashegeshi', '1657', '220.5', '', '', ' -   ', '', '441', '1500', '661500', '', ''),
(355, '362', 'Mwadoyi', '6', '132', 'Wigelekelo', '1387', '238', '', '', ' -   ', '', '476', '1500', '714000', '', ''),
(356, '364', 'Upendo Daima', '6', 'Seng''wa', 'Mwambomba', '1376', '216', '', '', ' -   ', '', '432', '1500', '648000', '', ''),
(357, '365', 'A.m.c.s Seng''wa', '6', 'Seng''wa', 'Seng''wa', '1375', '666', '', '', ' -   ', '', '1332', '1500', '1998000', '', ''),
(358, '366', 'Funika', '6', '120', 'Upendo Bulemela', '1384', '294', '', '', ' -   ', '', '588', '1500', '882000', '', ''),
(359, '367', 'Ufundi', '6', '121', 'Tamanu', '1366', '234.5', '', '', ' -   ', '', '469', '1500', '703500', '', ''),
(360, '368', 'Igembesabo', '6', '132', 'Wigelekelo', '1388', '350', '', '', ' -   ', '', '700', '1500', '1050000', '', ''),
(361, '369', 'Buchela', '6', '116', 'Buhungukila', '1874', '266', '', '', ' -   ', '', '532', '1500', '798000', '', '');
INSERT INTO `fbg_transactions` (`id`, `sno`, `group`, `region`, `ward`, `village`, `seed_invoice`, `acreage`, `seed_qty`, `seed_unit_price`, `seed_total`, `chemical_invoice`, `chemical_qty`, `chemical_unit_price`, `chemical_total`, `pumps_amount`, `pumps_total`) VALUES
(362, '370', 'A.m.c.s ', '6', '115', 'Kiloli', '1655', '301', '', '', ' -   ', '', '602', '1500', '903000', '', ''),
(363, '371', 'Umoja-Malangale', '6', '119', 'Nguliguli', '1368', '222', '', '', ' -   ', '', '444', '1500', '666000', '', ''),
(364, '372', 'Igembesabo', '6', '128', 'Kizungu', '1294', '187', '', '', ' -   ', '', '374', '1500', '561000', '', ''),
(365, '373', 'Mshikamano-Malangale', '6', '119', 'Nguliguli', '1367', '315', '', '', ' -   ', '', '630', '1500', '945000', '', ''),
(366, '374', 'Igembesabo', '6', '119', 'Chugambuli', '1352', '302', '', '', ' -   ', '', '604', '1500', '906000', '', ''),
(367, '375', 'Shangilieni', '6', '121', 'Tamanu', '1365', '234.5', '', '', ' -   ', '', '469', '1500', '703500', '', ''),
(368, '376', 'Igembe sabo ', '7', '145', 'Mwakisandu', '2123', '150', '', '', ' -   ', '2143', '621', '1500', '931500', '1', '20000'),
(369, '377', 'Shauri moyo', '7', '141', 'Sakasaka', '2126', '150', '', '', ' -   ', '2053/2140/1275', '685', '1500', '1027500', '', ''),
(370, '378', 'Umoja ni Nguvu', '7', '137', 'Igobe', '1279', '66', '', '', ' -   ', '2145', '232', '1500', '348000', '', ''),
(371, '379', 'Tupendane', '7', '150', 'Mwakipungila', '1283', '155.5', '', '', ' -   ', '', '311', '1500', '466500', '', ''),
(372, '380', 'Matale mwazula', '7', '147', 'Ntobo', '1268', '32', '', '', ' -   ', '2134/2120', '414', '1500', '621000', '', ''),
(373, '381', 'Tupendane', '7', '139', 'Mwagayi', '1261', '131.5', '', '', ' -   ', '2110', '363', '1500', '544500', '1', '20000'),
(374, '382', 'Sapia', '7', '147', 'Mwaukoli', '1267', '111.5', '', '', ' -   ', '2133', '723', '1500', '1084500', '', ''),
(375, '383', 'Amani', '7', '147', 'Mwandu-kisesa', '1266', '101.5', '', '', ' -   ', '2116', '403', '1500', '604500', '', ''),
(376, '384', 'Mwamamhande', '7', '139', 'Mwasungura', '1254', '167.5', '', '', ' -   ', '', '335', '1500', '502500', '', ''),
(377, '385', 'Ujamaa', '7', '139', 'Itinje', '1259', '111.5', '', '', ' -   ', '2111', '473', '1500', '709500', '', ''),
(378, '386', 'Muungano', '7', '144', 'Mwashata', '1271', '67.5', '', '', ' -   ', '2137', '535', '1500', '802500', '2', '40000'),
(379, '387', 'Maboresho', '7', '138', 'Mwandu-itinje', '2105', '150', '', '', ' -   ', '1263', '593', '1500', '889500', '', ''),
(380, '388', 'Mshikamano', '7', '147', 'Ntobo', '2119', '125', '', '', ' -   ', '2135/2119', '512', '1500', '768000', '', ''),
(381, '389', 'Tumaini Magulya', '7', '142', 'Ng''hoboko', '1257', '159', '', '', ' -   ', '', '318', '1500', '477000', '', ''),
(382, '390', 'Mwamaguku', '7', '138', 'Mbalagane', '1264', '159', '', '', ' -   ', '2115', '518', '1500', '777000', '', ''),
(383, '391', 'Mondo', '7', '138', 'Lubiga', '1265', '121', '', '', ' -   ', '2102', '442', '1500', '663000', '', ''),
(384, '392', 'Ngamba ''''A''''', '7', '138', 'Isangijo', '1255', '216.5', '', '', ' -   ', '2107/2129', '933', '1500', '1399500', '', ''),
(385, '393', 'Mshikamano', '7', '139', 'Mwagayi', '1260', '206.5', '', '', ' -   ', '2108', '563', '1500', '844500', '1', '30000'),
(386, '395', 'Kisesa moto', '7', '146', 'Mwamishali', '1256', '133', '', '', ' -   ', '2149', '366', '1500', '549000', '', ''),
(387, '396', 'Mashita', '7', '141', 'Malwilo', '1277', '69.5', '', '', ' -   ', '2127/2142/2139', '539', '1500', '808500', '', ''),
(388, '397', 'Bulyang''huru', '5', '106', 'Gimagi', '1860', '271', '', '', ' -   ', '', '542', '1500', '813000', '1', '30000'),
(389, '398', 'Igunabuhayi', '5', '106', 'Ndoleleji', '1300', '650', '', '', ' -   ', '', '650', '1500', '975000', '1', '20000'),
(390, '399', 'Bulyanzobe', '5', '112', 'Mihama', '1287', '727', '', '', ' -   ', '1883', '1454', '1500', '2181000', '2', '50000'),
(391, '400', 'Mwangozo mpya', '5', '112', 'Mwamadulu', '1878', '348', '', '', ' -   ', '1878', '696', '1500', '1044000', '2', '50000'),
(392, '402', 'Lagana Centre', '5', '112', 'Lagana', '1881', '231', '', '', ' -   ', '1882', '462', '1500', '693000', '3', '70000'),
(393, '403', 'Igembesabo', '5', '106', 'Mwalata', '1862/63', '370', '', '', ' -   ', '1661', '740', '1500', '1110000', '2', '50000'),
(394, '404', 'Masololo', '5', '106', 'Mangu', '1854', '311', '', '', ' -   ', '', '622', '1500', '933000', '1', '30000'),
(395, '405', 'Mwamatiliga', '5', '105', 'Mwajidalala', '1298', '338', '', '', ' -   ', '', '676', '1500', '1014000', '2', '40000'),
(396, '406', 'Nguvu kazi', '5', '106', 'Shagihilu', '1292', '155', '', '', ' -   ', '', '310', '1500', '465000', '', ''),
(397, '408', 'Kilimo Bulekela', '5', '105', 'Bulekela', '1297', '527', '', '', ' -   ', '1664', '1054', '1500', '1581000', '1', '20000'),
(398, '409', 'Uzalishaji mali Mbegu', '5', '105', 'Masanga', '1288', '548', '', '', ' -   ', '', '1096', '1500', '1644000', '2', '40000'),
(399, '410', 'Mwamwene', '5', '110', 'Mwamashimba', '', '442', '', '', ' -   ', '1295/1654', '884', '1500', '1326000', '2', '50000'),
(400, '411', 'Songa mbele', '5', '105', 'Masanga', '1290', '266', '', '', ' -   ', '', '532', '1500', '798000', '2', '40000'),
(401, '412', 'Ng''wang''halanga Amcos', '5', '105', 'Ng''wang''halanga', '1291', '528', '', '', ' -   ', '', '1056', '1500', '1584000', '2', '40000'),
(402, '56', 'Mwamakanga Imalilo', 'Bariadi', 'Kasoli', 'Nduha', 'O401', '52', '520', '250', '130000', '2579', '360', '1500', '540000', '3', '90000'),
(403, '104', 'Mwamalwilo', 'Bariadi', 'I/bashashi', 'Lulayu', 'O331', '184', '1472', '600', '883200', '1969/2593', '536', '1500', '804000', '', ''),
(404, '555', 'Mwamile', 'Bariadi', 'Ikindilo', 'Ntega', '', '166', '', '', ' -   ', '2175', '332', '1500', '498000', '', ''),
(405, '344', 'Mwanchimu', 'Bariadi', 'Nyakabindi', 'Nyakabindi', '1550', '28', '', '', ' -   ', '', '56', '1500', '84000', '', ''),
(406, '317', 'Mwangaza', 'Bariadi', 'Gambosi', 'Nyamswa', 'O321', '350', '1750', '250', '437500', '1409/2569', '624', '1500', '936000', '2', '60000'),
(407, '86', 'Mwantongilo', 'Bariadi', 'I/bashashi', 'Mkuyuni', 'OO87', '123', '984', '600', '590400', '1125', '238', '1500', '357000', '', ''),
(408, '521', 'Mwanunuda ''''B''''', 'Bariadi', 'Mwamapalala', 'Nkololo Itilima', '', '208', '', '', ' -   ', '1811', '416', '1500', '624000', '1', '30000'),
(409, '151', 'Mwanzo mgumu', 'Bariadi', 'Kilalo', 'Kilalo', 'O389', '71', '710', '250', '177500', '2583', '200', '1500', '300000', '', ''),
(410, '644', 'Mwanzoya Madukani', 'Bariadi', 'Sakwe', 'Mwanzoya', '', '353', '', '', ' -   ', '1506', '706', '1500', '1059000', '', ''),
(411, '67', 'Mwembeni', 'Bariadi', 'Mwalushu', 'Mwalushu', '1006', '190', '1520', '600', '912000', '1611', '400', '1500', '600000', '1', '30000'),
(412, '318', 'Mzalendo', 'Bariadi', 'Gambosi', 'Nyamswa', 'O323', '460', '2300', '250', '575000', '2568', '526', '1500', '789000', '', ''),
(413, '437', 'Mzalendo', 'Bariadi', 'Migato', 'Longalombogo', '1600', '259', '', '', ' -   ', '', '518', '1500', '777000', '1', '30000'),
(414, '343', 'Neema', 'Bariadi', 'Sakwe', 'Pugu', '1513', '122', '', '', ' -   ', '', '244', '1500', '366000', '', ''),
(415, '278', 'Ngemelo', 'Bariadi', 'Nyamalapa', 'Nyamalapa', 'O131', '180', '1800', '250', '450000', '2512/1188', '429', '1500', '643500', '', ''),
(416, '590', 'Ngeng''wambuli', 'Bariadi', 'Mwalushu', 'Mwamanyangu', '', '260', '', '', ' -   ', '1580', '520', '1500', '780000', '', ''),
(417, '283', 'Ng''hanga mayuli', 'Bariadi', 'Nyamalapa', 'Nyamalapa', 'O134', '105', '1050', '250', '262500', '2513/1189', '282', '1500', '423000', '', ''),
(418, '30', 'Nguvu kazi', 'Bariadi', 'Luguru', 'Luguru', '', '115', '1150', '250', '287500', '2194', '330', '1500', '495000', '', ''),
(419, '84', 'Nguvu kazi', 'Bariadi', 'I/bashashi', 'I/bashashi', 'OO93', '126', '1008', '600', '604800', '1989', '360', '1500', '540000', '1', '30000'),
(420, '131', 'Nguvu kazi', 'Bariadi', 'Sapiwi', 'Nyamikoma', 'OO76', '220', '1760', '600', '1056000', '2040/2645/2474', '880', '1500', '1320000', '', ''),
(421, '134', 'Nguvu kazi', 'Bariadi', 'Nkindwabiye', 'Halawa', 'O555', '80', '800', '250', '200000', '2095/2612/2713', '320', '1500', '480000', '', ''),
(422, '467', 'Nguvu kazi', 'Bariadi', 'Nhobola', 'Tagawi', '', '155', '', '', ' -   ', '2157', '310', '1500', '465000', '1', '30000'),
(423, '503', 'Nguvu kazi', 'Bariadi', 'Nyakabindi', 'Wala', '', '228', '', '', ' -   ', '1549', '456', '1500', '684000', '', ''),
(424, '512', 'Nguvu kazi', 'Bariadi', 'Bunamhala', 'Giriku', '', '199', '', '', ' -   ', '1516/1450/2460', '548', '1500', '822000', '2', '60000'),
(425, '557', 'Nguvu kazi', 'Bariadi', 'Bumera', 'Mwandulu', '', '175', '', '', ' -   ', '1645/2522', '588', '1500', '882000', '1', '30000'),
(426, '568', 'Nguvu kazi', 'Bariadi', 'Nkindwabiye', 'Nkindwabiye', '', '249', '', '', ' -   ', '2014/2586', '747', '1500', '1120500', '', ''),
(427, '623', 'Nguvu kazi', 'Bariadi', 'Somanda', 'Sanungu', '', '204', '', '', ' -   ', '1956/2718', '708', '1500', '1062000', '', ''),
(428, '637', 'Nguvu kazi-Ikindilo', 'Bariadi', 'Ikindilo', 'Ikindilo', '', '161', '', '', ' -   ', '1836', '322', '1500', '483000', '1', '30000'),
(429, '297', 'Ngwagabate', 'Bariadi', 'Sakwe', 'Ibulyu', 'O343', '265', '2650', '250', '662500', '1964/1935/2551', '1081', '1500', '1621500', '1', '30000'),
(430, '515', 'Ng''wahoho', 'Bariadi', 'Somanda', 'Nyaumata', '', '330', '', '', ' -   ', '2042', '660', '1500', '990000', '1', '30000'),
(431, '443', 'Miembesita', '3', '50', 'Kung''ombe', '', '', '', '', ' -   ', 'O983', '54', '1700', '91800', '', ''),
(432, '444', 'Nufaika', '3', '52', 'Masinono', '', '', '', '', ' -   ', 'O833', '277', '1500', '415500', '2', '60000'),
(433, '445', 'Kilimo kwanza', '3', '60', 'Kihumbu', '', '', '', '', ' -   ', '1327', '178', '1700', '302600', '', ''),
(434, '446', 'Kiwapaki', '3', 'Nyamang''uta', 'Kiloli', '', '', '', '', ' -   ', '1335', '492', '1700', '836400', '2', '60000'),
(435, '170', 'Ngwandu', 'Bariadi', 'Kilalo', 'Kilalo', 'O393', '42', '420', '250', '105000', '1538/1534', '238', '1500', '357000', '1', '30000'),
(436, '102', 'Ngwanghingo', 'Bariadi', 'Guduwi', 'Ditima', 'O698', '227', '1816', '600', '1089600', '2589', '654', '1500', '981000', '1', '30000'),
(437, '103', 'Ngwenda mkono', 'Bariadi', 'Guduwi', 'Lulayu', 'O696', '101', '808', '600', '484800', '1968/2592', '298', '1500', '447000', '', ''),
(438, '88', 'Ng''wenge', 'Bariadi', 'I/bashashi', 'I/bashashi', 'O530', '165', '1320', '600', '792000', '', '270', '1500', '405000', '', ''),
(439, '9', 'Njia Panda', 'Bariadi', 'Mwalushu', 'Ng''omango', '', '146', '1168', '600', '700800', '1614', '200', '1500', '300000', '1', '30000'),
(440, '316', 'Njia Panda', 'Bariadi', 'Gambosi', 'Nyamswa', 'O322', '390', '1950', '250', '487500', '2570', '76', '1500', '114000', '', ''),
(441, '342', 'Njia Panda -Pugu', 'Bariadi', 'Sakwe', 'Pugu', '1511', '150', '', '', ' -   ', '', '300', '1500', '450000', '', ''),
(442, '118', 'Nkindwabiye', 'Bariadi', 'Sapiwi', 'Sapiwi', 'OO54', '132', '1056', '600', '633600', '2558/2491', '524', '1500', '786000', '', ''),
(443, '448', 'Nselya Maendeleo', 'Bariadi', 'Mwamtani', 'Mbogo', '', '128', '', '', ' -   ', '1585', '256', '1500', '384000', '1', '30000'),
(444, '230', 'Nufaika na Kilimo Pamba', 'Bariadi', 'Mhango', 'Shimbale', 'O500', '370', '3700', '250', '925000', '1144', '482', '1500', '723000', '', ''),
(445, '101', 'Nuya-mlimani', 'Bariadi', 'Guduwi', 'Ditima', 'O694', '111', '888', '600', '532800', '', '336', '1500', '504000', '3', '90000'),
(446, '422', 'Nyaluyeyey', 'Bariadi', 'Nhobola', 'Nhobola', '1153', '183', '', '', ' -   ', '1158/2196', '549', '1500', '823500', '', ''),
(447, '15', 'Nyamagana Farmer', 'Bariadi', 'Kasoli', 'Busese', '', '205', '2050', '250', '512500', '1114/2027', '492', '1500', '738000', '', ''),
(448, '126', 'Nyamagana shule ya msingi', 'Bariadi', 'Kasoli', 'Kasoli', 'O683', '47', '376', '600', '225600', '1456/2452', '88', '1500', '132000', '1', '30000'),
(449, '40', 'Nyamigunga', 'Bariadi', 'Mwadobana', 'Byuna', 'O551', '144', '1440', '250', '360000', '1980/2704', '576', '1500', '864000', '', ''),
(450, '14', 'Nyamilama ''''B''''', 'Bariadi', 'Zagayu', 'Kashishi', 'O232', '190', '2050', '250', '512500', '1649/2535', '640', '1500', '960000', '1', '30000'),
(451, '48', 'Nyanza', 'Bariadi', 'Guduwi', 'Guduwi', '', '228', '2280', '600', '1368000', '1406', '300', '1500', '450000', '', ''),
(452, '624', 'Nyasosi ''''B''''', 'Bariadi', 'Somanda', 'Sanungu', '', '135', '', '', ' -   ', '1955/2719', '540', '1500', '810000', '', ''),
(453, '69', 'Nyasubi', 'Bariadi', 'Mwalushu', 'Ng''omango', '1011', '403', '3224', '600', '1934400', '1624', '300', '1500', '450000', '1', '30000'),
(454, '232', 'Nyerere', 'Bariadi', 'Kilalo', 'Kilalo', 'O395', '101', '1015', '250', '253750', '1488/1523/2576', '486', '1500', '729000', '1', '30000'),
(455, '11', 'Nyerere road', 'Bariadi', 'Mwalushu', 'Mwamigagani', '', '102', '816', '600', '489600', '1626/2668', '400', '1500', '600000', '1', '30000'),
(456, '169', 'Nyeyere', 'Bariadi', 'Kilalo', 'Kilalo', 'O395', '135', '1350', '250', '337500', '', '', '', ' -   ', '', ''),
(457, '231', 'Pamba ni Dhahabu Nyeupe', 'Bariadi', 'Mhango', 'Mbiti', 'O517', '145', '1450', '250', '362500', '1461', '392', '1500', '588000', '2', '60000'),
(458, '470', 'Pumula', 'Bariadi', 'Mwalushu', 'Mwalushu', '', '50', '', '', ' -   ', '1602', '100', '1500', '150000', '1', '30000'),
(459, '224', 'Safina ''''B''''', 'Bariadi', 'Mwalushu', 'Mwanunui', 'O104', '120', '1200', '600', '720000', '1578', '338', '1500', '507000', '', ''),
(460, '319', 'Sanjo Group', 'Bariadi', 'Kilalo', 'Kilalo', '1492', '216', '', '', ' -   ', '2560', '316', '1500', '474000', '1', '30000'),
(461, '668', 'Sasago ''''A''''', 'Bariadi', 'Zagayu', 'Sasago', '', '180', '', '', ' -   ', '2665', '360', '1500', '540000', '', ''),
(462, '117', 'Segese Farm', 'Bariadi', 'Sapiwi', 'Sapiwi', 'OO70', '166', '1328', '600', '796800', '1417/2490/2619', '700', '1500', '1050000', '', ''),
(463, '43', 'Senta mbugani', 'Bariadi', 'Guduwi', 'Mbugani', '', '458', '4580', '250', '1145000', '1404', '400', '1500', '600000', '', ''),
(464, '122', 'Senta-Masewa', 'Bariadi', 'Sapiwi', 'Masewa', 'OO65', '241', '1928', '600', '1156800', '2624/2470', '964', '1500', '1446000', '', ''),
(465, '110', 'Senta-Mwandama', 'Bariadi', 'Sapiwi', 'Mwandama', 'OO68', '215', '1720', '600', '1032000', '2621/2694', '860', '1500', '1290000', '', ''),
(466, '641', 'Serengeti', 'Bariadi', 'Gibeshi', 'Mwaubingi', '', '300', '', '', ' -   ', '1972', '600', '1500', '900000', '', ''),
(467, '513', 'Shabita Migunga Saba', 'Bariadi', 'Gilya', 'Mwauchumu', '', '168', '', '', ' -   ', '2015/2602/2648', '672', '1500', '1008000', '', ''),
(468, '432', 'Shuleni migato', 'Bariadi', 'Migato', 'Migato', '1822', '131', '', '', ' -   ', '1822/2593', '393', '1500', '589500', '1', '30000'),
(469, '331', 'Sidabala', 'Bariadi', 'Nyakabindi', 'Bupandangila', '1477', '165', '', '', ' -   ', '', '330', '1500', '495000', '1', '30000'),
(470, '44', 'Simiu', 'Bariadi', 'Nyakabindi', 'Old-Maswa', '', '222', '2220', '250', '555000', '', '254', '1500', '381000', '1', '30000'),
(471, '334', 'Sisa', 'Bariadi', 'Nyangokolwa', 'Nyangokolwa', '1470', '223', '', '', ' -   ', '', '446', '1500', '669000', '1', '30000'),
(472, '440', 'Small Shishani', 'Bariadi', 'Migato', 'Shishani', '1597', '241', '', '', ' -   ', '1597/2502', '723', '1500', '1084500', '1', '30000'),
(473, '511', 'Songa mbele', 'Bariadi', 'Gambosi', 'Mwasubuya', '', '327', '', '', ' -   ', '1466/2466', '904', '1500', '1356000', '2', '60000'),
(474, '553', 'Songambele', 'Bariadi', 'Ikindilo', 'Mwamungesha', '', '86.5', '', '', ' -   ', '1640', '173', '1500', '259500', '1', '30000'),
(475, '328', 'Sumbida', 'Bariadi', 'Nyangokolwa', 'Mwagululi', '1471', '190', '', '', ' -   ', '1976', '570', '1500', '855000', '', ''),
(476, '450', 'Tazama Shamba', 'Bariadi', 'Kinamweli', 'Isengwa', '', '332', '', '', ' -   ', '2155', '664', '1500', '996000', '1', '30000'),
(477, '57', 'Tegemeo Bumera', 'Bariadi', 'Bumera', 'Bumera', 'O474', '208', '1040', '250', '260000', '1166/2520', '543', '1500', '814500', '', ''),
(478, '273', 'Tembo', 'Bariadi', 'Sapiwi', 'Masewa', 'O487', '265', '2656', '600', '1593600', '2038/2471', '996', '1500', '1494000', '', ''),
(479, '518', 'Tendawema', 'Bariadi', 'Mwamtani', 'Mwamakili', '', '18', '', '', ' -   ', '1562/2192', '144', '1500', '216000', '1', '30000'),
(480, '109', 'Tuamke', 'Bariadi', 'Sapiwi', 'Mwandama', 'OO69', '178', '1424', '600', '854400', '2486/2615', '706', '1500', '1059000', '', ''),
(481, '438', 'Tuhangaike', 'Bariadi', 'Langagabilili', 'Langagabilili', '1158', '55.5', '', '', ' -   ', '1158/2505', '167', '1500', '250500', '', ''),
(482, '419', 'Tuinuke', 'Bariadi', 'Kinamweli', 'Kinamweli', '1593', '113', '', '', ' -   ', '1593/2541', '339', '1500', '508500', '1', '30000'),
(483, '145', 'Tukombolewe', 'Bariadi', 'Kilalo', 'Nyamisagusa', 'O246', '124', '1240', '250', '310000', '1497', '254', '1500', '381000', '1', '30000'),
(484, '565', 'Tumaini', 'Bariadi', 'Gambosi', 'Gambosi', '', '81', '', '', ' -   ', '1480/2565', '301', '1500', '451500', '', ''),
(485, '504', 'Maendeleo', '3', '61', 'Nyamitwebili', '1782', '40', '2000', '250', '500000', '2314', '300', '1700', '510000', '', ''),
(486, '505', 'Mshikamano', '3', '61', 'Namibu', '1781', '67', '3350', '250', '837500', '2313', '300', '1700', '510000', '', ''),
(487, '506', 'Tupendane', '3', '57', 'Wanyere', '', '172', '', '', ' -   ', '2356', '644', '1500', '966000', '', ''),
(488, '508', 'Inuka', '3', '70', 'Makundusi', '1764', '250', '1240', '600', '744000', '865', '520', '1500', '780000', '', ''),
(489, '509', 'Tupendane-Seka', '3', '85', 'Seka', 'O446', '248', '1600', '250', '400000', 'O840/2359', '596', '1500', '894000', '', ''),
(490, '149', 'Tupendane', 'Bariadi', 'Kilalo', 'Ikungulyambeshi', 'O244', '110', '1100', '250', '275000', '', '232', '1500', '348000', '3', '90000'),
(491, '481', 'Tupendane', 'Bariadi', 'Bunamhala', 'Kidalimanda', '', '319', '', '', ' -   ', '1401', '638', '1500', '957000', '', ''),
(492, '324', 'Tupendane Isanga', 'Bariadi', 'Isanga', 'Isanga', '1514/1520', '492', '', '', ' -   ', '2456', '1234', '1500', '1851000', '2', '60000'),
(493, '329', 'Tupendane-Banemhi', 'Bariadi', 'Mwadobana', 'Banemhi', '2002', '113', '', '', ' -   ', '2607/2701', '486', '1500', '729000', '1', '30000'),
(494, '522', 'Tusaidiane', 'Bariadi', 'Nkoma', 'Mwamwita', '', '160', '', '', ' -   ', '1581', '320', '1500', '480000', '1', '30000'),
(495, '202', 'Tushikamane', 'Bariadi', 'Kasoli', 'Mwamlapa', 'O484', '150', '1500', '250', '375000', '1111/1137/1998', '365', '1500', '547500', '3', '90000'),
(496, '426', 'Tushikamane', 'Bariadi', 'Mbita', 'Ng''hesha itilima', '1570', '208', '', '', ' -   ', '1570/2658', '624', '1500', '936000', '', ''),
(497, '276', 'Twiga', 'Bariadi', 'Nyamalapa', 'Kimali', 'O132', '140', '1400', '250', '350000', '2516/1193/1628', '372', '1500', '558000', '1', '30000'),
(498, '29', 'Uboreshaji', 'Bariadi', 'Zagayu', 'Mlimani', '', '125', '1250', '250', '312500', '1184/2540/2657', '496', '1500', '744000', '', ''),
(499, '336', 'Uhuru ''''A''''', 'Bariadi', 'Bunamhala', 'Imalilo', '1469', '337', '', '', ' -   ', '2465', '974', '1500', '1461000', '1', '30000'),
(500, '23', 'Ujamaa-Nyamikoma', 'Bariadi', 'Sapiwi', 'Nyamikoma', '', '315', '2520', '600', '1512000', '1961/2625', '969', '1500', '1453500', '', ''),
(501, '52', 'Ujilani Mwema', 'Bariadi', 'Kasoli', 'Kasoli', 'O518', '84', '672', '600', '403200', '', '', '', ' -   ', '', ''),
(502, '482', 'Ujirani Mwema', 'Bariadi', 'Kasoli', 'Kasoli', '', '43', '', '', ' -   ', '1458/2455', '172', '1500', '258000', '1', '30000'),
(503, '499', 'Ukakamavu Isanga', 'Bariadi', 'Mwaubingi', 'Gasuma', '', '116.5', '', '', ' -   ', '1952/2633/2597/2722', '633', '1500', '949500', '', ''),
(504, '226', 'Ukombozi', 'Bariadi', 'Bumera', 'Ng''wandulu', 'O345/1839', '350', '6880', '250', '1720000', '1171/2527', '930', '1500', '1395000', '', ''),
(505, '461', 'Umoja', 'Bariadi', 'Isakang''wale', 'Nyamalapa', '', '263', '', '', ' -   ', '1196/2518', '789', '1500', '1183500', '', ''),
(506, '527', 'Alliabita', '3', '50', 'Bitaraguru', '', '143', '', '', ' -   ', 'O985/0997/2407', '566', '1700', '962200', '', ''),
(507, '528', 'Kilimo Biashara,Ufundi', '3', '71', 'Kurusanga', '', '442', '', '', ' -   ', '1317', '884', '1700', '1502800', '2', '60000'),
(508, '529', 'Nyamamba', '3', '63', 'Kiwasi', '', '130', '', '', ' -   ', 'O986', '260', '1700', '442000', '', ''),
(509, '530', 'Imani', '3', 'Musoma', 'Bugwema', '', '912', '', '', ' -   ', 'O834', '456', '1500', '684000', '3', '90000'),
(510, '531', 'Maendeleo', '3', '80', 'Mwibagi', 'O267', '250', '4250', '250', '1062500', 'O819', '500', '1500', '750000', '', ''),
(511, '532', 'Kidakamaji', '3', '74', 'Sanzate', '', '210', '', '', ' -   ', '2251', '420', '1700', '714000', '', ''),
(512, '533', 'Nguvu kazi', '3', '76', 'Manchimweru', '', '175', '', '', ' -   ', '2304/2270/2278', '988', '1700', '1679600', '', ''),
(513, '534', 'Mwalinha', '3', 'Sanzira', 'Ligamba ''''A''''', '', '75', '', '', ' -   ', 'O991/O998', '350', '1700', '595000', '', ''),
(514, '535', 'Igembesabo', '3', '50', 'Kabasa', '', '135', '', '', ' -   ', 'O978', '270', '1700', '459000', '', ''),
(515, '536', 'Kasuguti kikundi cha Stoo', '3', '64', 'Kasuguti', '', '257', '', '', ' -   ', '2301', '514', '1700', '873800', '', ''),
(516, '537', 'Igembesabo', '4', '93', 'Igombe', '', '200', '', '', ' -   ', '1234', '400', '1500', '600000', '', ''),
(517, '538', 'Songambele', '4', '93', 'Kabila', '', '250', '', '', ' -   ', '1232', '500', '1500', '750000', '', ''),
(518, '539', 'Wazito', '4', '88', 'Chanduru', '', '150', '', '', ' -   ', '1215', '300', '1500', '450000', '', ''),
(519, '540', 'Mwamabula ''''A''''', '4', '95', 'Jinjimili', '', '200', '', '', ' -   ', '1250', '400', '1500', '600000', '', ''),
(520, '541', 'Malili Centre', '4', '91', 'Malili', '', '55', '', '', ' -   ', '1220/1925', '210', '1500', '315000', '', ''),
(521, '542', 'Mwamabanza 1', '4', '101', 'Mwamabanza', '', '100', '', '', ' -   ', '1727/1246', '600', '1500', '900000', '1', '30000'),
(522, '543', 'Igembesabo', '4', 'Ngassamo', 'jisesa', '', '150', '', '', ' -   ', '1221', '300', '1500', '450000', '', ''),
(523, '544', 'Umoja ni Nguvu', '4', '95', 'Nyasato', '', '200', '', '', ' -   ', '1701', '400', '1500', '600000', '', ''),
(524, '545', 'Jisesa Duma', '4', 'Ngassamo', 'jisesa', '', '75', '', '', ' -   ', '1222', '150', '1500', '225000', '', ''),
(525, '546', 'Igembesabo', '4', '101', 'Salong''we', '', '150', '', '', ' -   ', '1241', '300', '1500', '450000', '', ''),
(526, '547', 'Jijenge', '4', '170', 'Kipeja', '', '75', '', '', ' -   ', '1719/1230/1924', '750', '1500', '1125000', '1', '30000'),
(527, '548', 'Mshikamano (Jijenge)', '4', '98', 'Lutubiga', '', '150', '', '', ' -   ', '1709/2238/1746', '500', '1500', '750000', '1', '30000'),
(528, '549', 'Ipililo ''''A'''' Amcs', '4', '98', 'Sayaka', '', '225', '', '', ' -   ', '1242/1729', '450', '1500', '675000', '1', '30000'),
(529, '550', 'Kujikomboa', '4', '101', 'Salong''we', '', '200', '', '', ' -   ', '1219/1720', '400', '1500', '600000', '1', '30000'),
(530, '551', 'Wachapakazi', '4', 'Ngassamo', 'Imalamate', '', '50', '', '', ' -   ', '1224/1928', '240', '1500', '360000', '', ''),
(531, '552', 'Upendo', '7', '140', 'Lingeka', '', '125', '', '', ' -   ', '2128/1278/2138', '467', '1500', '700500', '', ''),
(532, '464', 'Umoja', 'Bariadi', 'Ikindilo', 'Ikindilo', '', '32.5', '', '', ' -   ', '1552/2174/2530', '260', '1500', '390000', '1', '30000'),
(533, '472', 'umoja ''''B''''', 'Bariadi', 'Nkoma', 'Gambasingu', '', '179', '', '', ' -   ', '1803/2164', '792', '1500', '1188000', '2', '60000'),
(534, '588', 'Umoja Itilima', 'Bariadi', 'Nyamalapa', 'Itilima', '', '44', '', '', ' -   ', '2515/1192', '264', '1500', '396000', '', ''),
(535, '142', 'Umoja ni Mali', 'Bariadi', 'Iseni', 'Wayi', 'O317', '490', '1080', '250', '270000', '1741/2230', '600', '1500', '900000', '1', '30000'),
(536, '13', 'Umoja -Nyamilama', 'Bariadi', 'Zagayu', 'Kashishi', 'O231', '190', '2050', '250', '512500', '1650/2534', '508', '1500', '762000', '1', '30000'),
(537, '559', 'Umoja Sagida', 'Bariadi', 'Nkoma', 'Sagida', '', '218', '', '', ' -   ', '2170', '436', '1500', '654000', '1', '30000'),
(538, '560', 'Ipililo ''''B'''' Amcs', '4', '97', 'Sayaka', '', '175', '', '', ' -   ', '1243', '350', '1500', '525000', '', ''),
(539, '561', 'Balili Ilula', '4', 'Ngassamo', 'Imalamate', '', '70', '', '', ' -   ', '1223/1927', '270', '1500', '405000', '', ''),
(540, '562', 'Ujamaa', '4', '94', 'Shishani', '', '150', '', '', ' -   ', '1248', '300', '1500', '450000', '', ''),
(541, '563', 'Tujengane', '4', '93', 'Mwashepi', '', '100', '', '', ' -   ', '1216', '200', '1500', '300000', '', ''),
(542, '564', 'Jembe ni mali', '4', '103', 'Nyamahanga', '', '200', '', '', ' -   ', '1710', '400', '1500', '600000', '2', '60000'),
(543, '433', 'Umoja-Itilima', 'Bariadi', 'Nyamalapa', 'Itilima', '1192', '88', '', '', ' -   ', '', '176', '1500', '264000', '', ''),
(544, '74', 'Upendo', 'Bariadi', 'Zagayu', 'Bukingwaminzi', 'OO99', '421', '2100', '250', '525000', '1635/2533', '630', '1500', '945000', '1', '30000'),
(545, '236', 'Upendo', 'Bariadi', 'Kilalo', 'Kilalo', 'O377', '240', '2400', '250', '600000', '1491/1526', '298', '1500', '447000', '1', '30000'),
(546, '73', 'Upendo- Bushosha', 'Bariadi', 'Zagayu', 'Kabale-Mlimani', 'O293', '25', '1250', '250', '312500', '1199', '344', '1500', '516000', '1', '30000'),
(547, '252', 'Upendo madukani', 'Bariadi', 'Nyamalapa', 'Bunamhala', 'O135', '135', '1350', '250', '337500', '2597', '210', '1500', '315000', '', ''),
(548, '570', 'Tegemea mavuno', '6', 'Seng''wa', 'Mandela', '', '187.5', '', '', ' -   ', '1672', '375', '1500', '562500', '', ''),
(549, '571', 'Kabale Camp', '6', '123', 'Zebeya', '', '168', '', '', ' -   ', '1400', '336', '1500', '504000', '1', '20000'),
(550, '572', 'Muungano ''''B''''', '6', '123', 'Zebeya', '', '192.5', '', '', ' -   ', '1395', '385', '1500', '577500', '1', '40000'),
(551, '573', 'Uchumi na Maendeleo', '6', '128', 'Kizungu', '', '105', '', '', ' -   ', '1293', '210', '1500', '315000', '', ''),
(552, '574', 'Mwabuki', '6', '132', 'Mwasayi', '', '255.5', '', '', ' -   ', '1382', '511', '1500', '766500', '', ''),
(553, '575', 'Simba ', '6', '121', 'Mwafumbuka', '', '220.5', '', '', ' -   ', '1877', '411', '1500', '616500', '2', '40000'),
(554, '576', 'Buluba Sabo', '6', 'Mwigwa', 'Mwabayanda', '', '55.5', '', '', ' -   ', '1669', '111', '1500', '166500', '1', '20000'),
(555, '577', 'Nkoma kusini', '6', '123', 'Jilago', '', '245', '', '', ' -   ', '1656', '490', '1500', '735000', '3', '60000'),
(556, '578', 'Igembesabo', '6', '130', 'Malita', '', '109', '', '', ' -   ', '1665', '218', '1500', '327000', '1', '20000'),
(557, '579', 'Igembesabo', '6', '116', 'Bugarama', '', '199.5', '', '', ' -   ', '1370', '399', '1500', '598500', '', ''),
(558, '580', 'Nuru ''''B''''', '6', '116', 'Bushitara', '', '252', '', '', ' -   ', '1875', '504', '1500', '756000', '', ''),
(559, '581', 'Chapakazi', '6', '130', 'Mwabujiku', '', '199', '', '', ' -   ', '1666', '398', '1500', '597000', '1', '20000'),
(560, '582', 'Mwatabuka ''''A''''', '6', '129', 'Lalago', '', '200', '', '', ' -   ', '1668', '400', '1500', '600000', '', ''),
(561, '583', 'Butalwa ''''A''''', '6', '126', 'Jija', '', '325.5', '', '', ' -   ', '1253', '651', '1500', '976500', '', ''),
(562, '584', 'Ng''wabayanda', '6', '132', 'Masela', '', '350', '', '', ' -   ', '1884', '700', '1500', '1050000', '', ''),
(563, '585', 'Mushikamano', '5', '113', 'Igaga ''''B''''', '', '340', '', '', ' -   ', '1286', '680', '1500', '1020000', '', ''),
(564, '586', 'Arusha', '7', '139', 'Semu', '', '92.5', '', '', ' -   ', '1282/2148/2051', '485', '1500', '727500', '', ''),
(565, '587', 'Centre-Mwanidwa', '7', '145', 'Mwanidwa', '', '175', '', '', ' -   ', '2124/2144', '500', '1500', '750000', '', ''),
(566, '77', 'Upendo -Ngeme', 'Bariadi', 'Mwamapalala', 'Ngeme', 'O522', '61', '3050', '250', '762500', '1571', '334', '1500', '501000', '1', '30000'),
(567, '146', 'Upendo Saccos', 'Bariadi', 'Kilalo', 'Ikungulyambeshi', 'O245', '250', '2500', '250', '625000', '', '514', '1500', '771000', '3', '90,000.00'),
(568, '41', 'Upendo-Madukani', 'Bariadi', 'Guduwi', 'Guduwi', '', '424', '4240', '250', '1060000', '1446', '848', '1500', '1272000', '1', '30000'),
(569, '591', 'Tupendane-Nyakiswa', '3', '80', 'Nyakiswa', '', '234', '', '', ' -   ', '1787/2355', '868', '1500', '1302000', '', ''),
(570, '210', 'Urafiki', 'Bariadi', 'Mhango', 'Mbiti', 'O561', '260', '2600', '250', '650000', '', '', '', ' -   ', '', ''),
(571, '589', 'Urafiki', 'Bariadi', 'Chinamili', 'Senani', '', '34', '', '', ' -   ', '1804/2548/1805', '204', '1500', '306000', '1', '30000'),
(572, '594', 'Isanju-Iramba', '3', '81', 'Isanju', '', '2050', '4100', '250', '1025000', '', '', '', ' -   ', '', ''),
(573, '108', 'Ushirika', 'Bariadi', 'Matongo', 'Matongo', 'O338', '160', '1600', '600', '960000', '1438/2497/2291', '760', '1500', '1140000', '', ''),
(574, '596', 'Mashujaa kitunga', '8', '156', 'Kitunga', '', '200', '', '', ' -   ', '1744', '400', '1500', '600000', '', ''),
(575, '597', 'Uwacha', '8', '152', 'Bujingwa', '', '200', '', '', ' -   ', '1726', '450', '1500', '675000', '', ''),
(576, '598', 'Sega Group', '8', '166', 'Mhulya', '', '80', '', '', ' -   ', '1903', '160', '1500', '240000', '', ''),
(577, '599', 'Nguvu kazi-Nyashana', '8', '165', 'Nyashana', '', '150', '', '', ' -   ', '1721', '300', '1500', '450000', '', ''),
(578, '600', 'Ujamaa-Kitunga', '8', '156', 'Kitunga', '', '150', '', '', ' -   ', '1918', '300', '1500', '450000', '', ''),
(579, '601', 'Mwankuba 1', '8', '163', 'Mwankuba', '', '125', '', '', ' -   ', '1722/1941', '350', '1500', '525000', '', ''),
(580, '602', 'Shilabela', '8', '154', 'Kadashi', '', '250', '', '', ' -   ', '1723', '500', '1500', '750000', '', ''),
(581, '603', 'Malili Group', '8', '163', 'Solwe', '', '145', '', '', ' -   ', '1904', '290', '1500', '435000', '', ''),
(582, '604', 'Songambele-Mwamajira', '8', '162', 'Mwamajira', '', '200', '', '', ' -   ', '1725', '400', '1500', '600000', '', ''),
(583, '605', 'Songambele-Ng''wasweng''hele', '8', '165', 'Ng''wasweng''hele', '', '250', '', '', ' -   ', '1724', '500', '1500', '750000', '', ''),
(584, '606', 'Nguvu kazi-Talaga', '8', '156', 'Talaga', '', '150', '', '', ' -   ', '1743', '300', '1500', '450000', '', ''),
(585, '607', 'Mwabomba ''''B''''', '8', '161', 'Mwabomba', '', '100', '', '', ' -   ', '1902', '200', '1500', '300000', '', ''),
(586, '608', 'Mwabomba ''''A''''', '8', '161', 'Mwabomba', '', '125', '', '', ' -   ', '1901', '250', '1500', '375000', '', ''),
(587, '609', 'Tumaini-Chamva', '8', '161', 'Chamva', '', '79', '', '', ' -   ', '1907/2220', '208', '1500', '312000', '', ''),
(588, '610', 'Chapakazi', '8', '161', 'Chamva', '', '143', '', '', ' -   ', '1905/2219', '336', '1500', '504000', '', ''),
(589, '611', 'Igembesabo-Chamva', '8', '161', 'Chamva', '', '76', '', '', ' -   ', '1908', '152', '1500', '228000', '', ''),
(590, '612', 'Nguvu mali', '8', '161', 'Chamva', '', '165', '', '', ' -   ', '1906/2218', '380', '1500', '570000', '', ''),
(591, '613', 'Mwashiwiwi', '8', '153', 'Jojiro', '', '100', '', '', ' -   ', '1909', '200', '1500', '300000', '', ''),
(592, '614', 'Nguvu kazi-Manawa', '3', '79', 'Mosongo', '', '190', '', '', ' -   ', '899/8289', '734', '1500', '1101000', '2', '60000'),
(593, '615', 'Ondoa Umasikini', '3', '169', 'Rigicha', 'O785', '367', '2936', '600', '1761600', '2274/2267/2283', '1220', '1500', '1830000', '', ''),
(594, '616', 'Boresha maisha', '3', '63', 'Kangetutya', '', '72', '', '', ' -   ', '984', '144', '1700', '244800', '', ''),
(595, '617', 'Umoja wa wakulima-Sanzate', '3', '74', 'Sanzate', '', '238.5', '', '', ' -   ', 'O867', '477', '1700', '810900', '', ''),
(596, '618', 'Bunamibara', '3', '55', 'Changuge', '', '145', '', '', ' -   ', '1315', '290', '1700', '493000', '', ''),
(597, '619', 'Imalamate-Balimi', '4', 'Ngassamo', 'Imalamate', '', '62', '', '', ' -   ', '1927/1223', '290', '1500', '435000', '', ''),
(598, '620', 'Jikomboe-Mariwanda', '3', '60', 'Mariwanda', '', '169', '', '', ' -   ', '1309', '338', '1700', '574600', '', ''),
(599, '621', 'Juhudi-Namhula', '3', '56', 'Namhula', '', '299', '', '', ' -   ', '872', '598', '1700', '1016600', '', ''),
(600, '622', 'Amani-Neruma', '3', '61', 'Neruma', '', '385.5', '', '', ' -   ', '1346', '771', '1700', '1310700', '', ''),
(601, '566', 'Ushirika Nyagudi', 'Bariadi', 'Gilya', 'Ikinabushu', '', '235', '', '', ' -   ', '2020/2499/2627', '940', '1500', '1410000', '', ''),
(602, '36', 'Ushirikiano', 'Bariadi', 'Nkindwabiye', 'Halawa', '', '226', '2260', '250', '565000', '2611/2012/2714', '898', '1500', '1347000', '', ''),
(603, '326', 'Ushirikiano', 'Bariadi', 'Mwaumatondo', 'Mwasinasi', '1544', '150', '', '', ' -   ', '2464/2610', '664', '1500', '996000', '', ''),
(604, '626', 'Muungano-nyankomogo', '3', '169', 'Nyankomogo', 'O773', '242.5', '3880', '600', '2328000', '', '', '', ' -   ', '', ''),
(605, '627', 'Igembesabo-Nyiberekera', '3', '62', 'Nyiberekera', 'O789', '59.5', '952', '600', '571200', '2275', '798', '1500', '1197000', '', ''),
(606, '628', 'Tunaweza group', '3', '62', 'Singisi', 'O774', '32.5', '520', '600', '312000', 'O862', '300', '1500', '450000', '', ''),
(607, '629', 'Amani-Nyambureti', '3', '58', 'Nyambureti', 'O780', '250', '2000', '600', '1200000', '2279', '556', '1500', '834000', '', ''),
(608, '630', 'Shuleni ''''A''''', '3', '169', 'Kitembere', 'O781', '60', '480', '600', '288000', '2272', '447', '1500', '670500', '', ''),
(609, '631', 'Nguvu kazi-Kitembere', '3', '169', 'Kitembere', 'O782', '90', '720', '600', '432000', '2273', '469', '1500', '703500', '', ''),
(610, '632', 'Tupendane-Kitembere', '3', '169', 'Kitembere', 'O783', '95', '760', '600', '456000', 'O797', '375', '1500', '562500', '', ''),
(611, '633', 'Biafura kati', '3', '74', 'Nyang''aranga', 'O756', '20', '1000', '250', '250000', '2258', '154', '1500', '231000', '', ''),
(612, '634', 'Nyarufu -mabui', '3', '75', 'Mabui', 'O441', '66', '3300', '250', '825000', '', '', '', ' -   ', '', ''),
(613, '635', 'Kachinyara', '3', '85', 'Seka', 'O447', '26', '1300', '250', '325000', '', '', '', ' -   ', '', ''),
(614, '639', 'Ushirikiano-Matongo', 'Bariadi', 'Matongo', 'Matongo', '', '100', '', '', ' -   ', '2640', '200', '1500', '300000', '', ''),
(615, '485', 'Utandawazi mkuyuni', 'Bariadi', 'Mwaubingi', 'Gasuma', '', '233', '', '', ' -   ', '2048/2599/2630', '959', '1500', '1438500', '', ''),
(616, '429', 'Vumilia', 'Bariadi', 'Mbita', 'Ng''hesha itilima', '1846', '115', '', '', ' -   ', '1848/2659', '345', '1500', '517500', '1', '30000'),
(617, '55', 'Wachapakazi', 'Bariadi', 'Kasoli', 'Kasoli', 'O532', '134', '1072', '600', '643200', '1457/1974', '406', '1500', '609000', '2', '60000'),
(618, '114', 'Wachapakazi', 'Bariadi', 'Sapiwi', 'Sapiwi', 'OO51/0479', '160', '2392', '600', '1435200', '2030/2489/2622', '1106', '1500', '1659000', '', ''),
(619, '625', 'Wachapakazi-Isanga', 'Bariadi', 'Mwaubingi', 'Gasuma', '', '201', '', '', ' -   ', '2047/2723', '602', '1500', '903000', '', ''),
(620, '234', 'Wachimba Ngobi', 'Bariadi', 'Mhango', 'Ngogote', 'O523', '155', '1550', '250', '387500', '1487', '378', '1500', '567000', '', ''),
(621, '657', 'Wakombokela', 'Bariadi', 'Bunamhala', 'Giriku', '', '50', '', '', ' -   ', '2458', '100', '1500', '150000', '', ''),
(622, '454', 'Wakulima Chuli', 'Bariadi', 'Luguru', 'Itubilo', '', '318', '', '', ' -   ', '2151', '636', '1500', '954000', '', ''),
(623, '140', 'Wakulima Safi', 'Bariadi', 'Mwaumatondo', 'Ihusi', 'O385', '237', '2370', '250', '592500', '1966', '436', '1500', '654000', '', ''),
(624, '79', 'Walimi kilimanjaro', 'Bariadi', 'Mwamapalala', 'Ngeme', 'O581', '30', '1500', '250', '375000', '', '', '', ' -   ', '', ''),
(625, '235', 'Wapendanao', 'Bariadi', 'Kilalo', 'Kilalo mashariki', 'O394', '235', '2350', '250', '587500', '1493/1528', '322', '1500', '483000', '1', '30000'),
(626, '338', 'Wapendanao-Mkombozi No2', 'Bariadi', 'Mhango', 'Mhango', '1462', '91', '', '', ' -   ', '2482', '364', '1500', '546000', '1', '30000'),
(627, '649', 'Mshikamano', '4', '90', 'Mkula', '', '100', '', '', ' -   ', '1747/1227/2234', '700', '1500', '1050000', '', ''),
(628, '650', 'Vijana Maendeleo', '4', '91', 'Gininiga', '', '120', '', '', ' -   ', '1707/2206', '440', '1500', '660000', '', ''),
(629, '651', 'Igembesabo-Nhobola', '4', '93', 'Nhobola', '', '250', '', '', ' -   ', '1704', '500', '1500', '750000', '', ''),
(630, '652', 'Wachapakazi-Ihayabu', '4', '99', 'Ihayabuyaga', '', '125', '', '', ' -   ', '1714/2210/2231/2241', '570', '1500', '855000', '', ''),
(631, '653', 'Igembesabo-Nyang''hanga', '4', '89', 'Nyang''hanga', '', '150', '', '', ' -   ', '1739', '300', '1500', '450000', '1', '30000'),
(632, '654', 'Imalamate-Centre', '4', 'Ngassamo', 'Imalamate', '', '65', '', '', ' -   ', '1929', '130', '1500', '195000', '', ''),
(633, '655', 'Upendo-Isolo', '4', '94', 'Isolo', '', '150', '', '', ' -   ', '1247', '300', '1500', '450000', '', ''),
(634, '656', 'Ipililo ''''c'''' Amcs', '4', '97', 'Sayaka', '', '200', '', '', ' -   ', '1244', '400', '1500', '600000', '', ''),
(635, '58', 'Wichamoyo', 'Bariadi', 'Kasoli', 'Mwamlapa', 'O247', '296', '2960', '250', '740000', '1110/1135/2451', '1212', '1500', '1818000', '3', '90000'),
(636, '658', 'Kiginga', '3', '55', 'Changuge', '', '162', '', '', ' -   ', '1314', '324', '1700', '550800', '', ''),
(637, '659', 'Nyamazwele', '3', '60', 'Kihumbu', '', '50', '', '', ' -   ', 'O988/2411', '300', '1700', '510000', '', ''),
(638, '660', 'Mwabasabi', '3', '55', 'Mcharo', '', '56', '', '', ' -   ', '1310', '112', '1700', '190400', '', ''),
(639, '661', 'Changuge Centre', '3', '55', 'Changuge', '', '223', '', '', ' -   ', '1313', '446', '1700', '758200', '', ''),
(640, '662', 'Kazi Ipo', '3', '70', 'Kono', '', '364', '', '', ' -   ', 'O796', '729', '1500', '1093500', '', ''),
(641, '663', 'Jiendeleze', '3', '71', 'Salama', '', '300', '', '', ' -   ', '1767/2416', '700', '1700', '1190000', '2', '60000'),
(642, '664', 'Matokeo', '3', '63', 'Kangetutya', '', '107', '', '', ' -   ', 'O982', '214', '1700', '363800', '', ''),
(643, '665', 'Chapakazi', '3', '76', 'Manchimweru', '', '200', '', '', ' -   ', '2277', '400', '1700', '680000', '', ''),
(644, '666', 'Mkombozi-Sarawe', '3', 'Nyamang''uta', 'Sarawe', '', '130', '', '', ' -   ', '1332/2417/2413', '510', '1700', '867000', '2', '60000'),
(645, '127', 'Zanzibar', 'Bariadi', 'Kasoli', 'Kasoli', 'O524', '79', '632', '600', '379200', '1455/2564', '296', '1500', '444000', '1', '30000'),
(646, '311', 'Zinduka', 'Bariadi', 'Sagata', 'Gaswa', 'O347', '130', '1300', '250', '325000', '2524/2524', '350', '1500', '525000', '', ''),
(647, '669', 'Chawasurwa', '3', '60', 'Hunyari', '', '125', '', '', ' -   ', 'O992/2415', '450', '1700', '765000', '', ''),
(648, '670', 'Bukoboga', '6', 'Masala', 'Mwasayi', '', '241.5', '', '', ' -   ', '1381/1671', '483', '1500', '724500', '2', '40000'),
(649, '671', 'Igembesabo-Ng''wahalanga', '5', '105', 'Ng''wahalanga', '', '', '', '', ' -   ', '1662/1373', '826', '1500', '1239000', '2', '40000'),
(650, '672', 'Mwongozo mpya', '5', '110', 'Mwamalasa', '', '', '', '', ' -   ', '1652/1296/1880/1879', '1350', '1500', '2025000', '2', '50000'),
(651, '673', 'Nhedegese ''''B''''', '5', '110', 'Mwandoma', '', '', '', '', ' -   ', '1653/1299', '970', '1500', '1455000', '1', '30000'),
(652, '674', 'Mwamhande', '7', '139', 'Mwasungura', '', '75', '', '', ' -   ', '2113', '150', '1500', '225000', '', ''),
(653, '675', 'Bugozo Group', '6', '136', 'Ng''hami', '', '75', '', '', ' -   ', '1886', '150', '1500', '225000', '', ''),
(654, '676', 'Mtakuja-lwelimo', '6', '125', 'Lwelimo', '', '100', '', '', ' -   ', '1678', '200', '1500', '300000', '', ''),
(655, '677', 'Umoja-Mranda', '3', '56', 'Muranda', '', '331', '', '', ' -   ', 'O879', '662', '1700', '1125400', '', ''),
(656, '678', 'Masanga-Amcos', '5', '105', 'Masanga', '', '741', '', '', ' -   ', '1289', '1482', '1500', '2223000', '', ''),
(657, '679', 'Vumilia ''''A''''', '7', '142', 'Mwafukuji', '', '191', '', '', ' -   ', '1258', '382', '1500', '573000', '', ''),
(658, '680', 'Juhudi-Ming''ongwa', '7', '141', 'Ming''ongwa', '', '108', '', '', ' -   ', '1276/2150/2052/2125', '766', '1500', '1149000', '', ''),
(659, '681', 'Kigamboni-Mwakasumbi', '7', '144', 'Mwakasumbi', '', '59', '', '', ' -   ', '1270/2121', '218', '1500', '327000', '', ''),
(660, '682', 'Jinang''wigulu', '6', '116', 'Buhungukila', '', '276', '', '', ' -   ', '1873', '552', '1500', '828000', '1', '30000'),
(661, '683', 'Igembesabo-Dodoma', '6', '128', 'Dodoma', '', '98', '', '', ' -   ', '1885', '196', '1500', '294000', '1', '30000'),
(662, '684', 'Balimi-Ngunga', '4', '91', 'Ngunga', '', '100', '', '', ' -   ', '2237', '200', '1500', '300000', '1', '30000'),
(663, '685', 'Manufaa Kwetu', '8', '153', 'Jojiro', '', '43', '', '', ' -   ', '1911', '86', '1500', '129000', '', ''),
(664, '686', 'Muungano group', '8', '153', 'Jojiro', '', '25', '', '', ' -   ', '1912', '50', '1500', '75000', '', ''),
(665, '687', 'Kilimo kwanza-Mwabaluhi', '4', '91', 'Gininiga', '', '130', '', '', ' -   ', '1708/2207', '460', '1500', '690000', '', ''),
(666, '688', 'Igembesabo-Nyamatara', '8', '166', 'Nyamatara', '', '220', '', '', ' -   ', '1913', '440', '1500', '660000', '', ''),
(667, '689', 'Mondo-Mwamapulu', '8', '160', 'Mwampulu', '', '3', '', '', ' -   ', '1917', '6', '1500', '9000', '', ''),
(668, '690', 'Nanda', '8', '160', 'Mwampulu', '', '47', '', '', ' -   ', '1915', '94', '1500', '141000', '', ''),
(669, '691', 'Nguvu kazi-Mwampulu', '8', '160', 'Mwampulu', '', '100', '', '', ' -   ', '1916', '200', '1500', '300000', '', ''),
(670, '692', 'Mlimani park', '8', '153', 'Jojiro', '', '25.5', '', '', ' -   ', '1910', '51', '1500', '76500', '', ''),
(671, '693', 'Juhudi-Manchimweru', '3', '76', 'Manchimweru', '', '175', '', '', ' -   ', '2308', '350', '1700', '595000', '', ''),
(672, '694', 'Twiyeze', '3', 'Nyamang''uta', 'Nyangere', '', '121', '', '', ' -   ', '1330/1331', '242', '1700', '411400', '2', '60000'),
(673, '695', 'Jipemoyo', '3', '81', 'Mwiruruma', '', '94', '', '', ' -   ', 'O875', '188', '1700', '319600', '', ''),
(674, '696', 'Jaribu group', '3', '81', 'Mwiruruma', '', '205', '', '', ' -   ', 'O876', '410', '1700', '697000', '', ''),
(675, '697', 'Shamba ni Mali-Neruma', '3', '61', 'Neruma', '', '313', '', '', ' -   ', '1347', '626', '1700', '1064200', '', ''),
(676, '698', 'Ipililo ''''D'''' AMCS', '4', '97', 'Sayaka', '', '150', '', '', ' -   ', '1245', '300', '1500', '450000', '', ''),
(677, '699', 'Ipililo ''''D'''' AMCS', '4', '97', 'Sayaka', '', '50', '', '', ' -   ', '2239', '100', '1500', '150000', '', ''),
(678, '700', 'Ipililo ''''D'''' AMCS', '4', '97', 'Sayaka', '', '75', '', '', ' -   ', '1949', '150', '1500', '225000', '', ''),
(679, '701', 'Wajasilian Mali', '4', '99', 'Lwangwe', '', '95', '', '', ' -   ', '1214/2214', '290', '1500', '435000', '', ''),
(680, '702', 'Igembesabo Igesha', '4', '88', 'Salama', '', '50', '', '', ' -   ', '2202/1204/2201', '400', '1500', '600000', '1', '30000'),
(681, '703', 'Igembesabo Igesha', '4', '88', 'Salama', '', '60', '', '', ' -   ', '1205', '120', '1500', '180000', '', ''),
(682, '704', 'Iloga nzala-Sumve', '8', 'Sumve', 'Sumve', '', '50', '', '', ' -   ', '2217', '100', '1500', '150000', '', ''),
(683, '705', 'Iloga nzala-Sumve', '8', 'Sumve', 'Sumve', '', '100', '', '', ' -   ', '1926', '200', '1500', '300000', '1', '30000'),
(684, '706', 'Igembesabo - Jisesa', '4', 'Ngassamo', 'Jisesa', '', '50', '', '', ' -   ', '2212', '100', '1500', '150000', '', ''),
(685, '707', 'Igembesabo - Jisesa', '4', 'Ngassamo', 'Jisesa', '', '50', '', '', ' -   ', '2215', '100', '1500', '150000', '', ''),
(686, '708', 'Kilimo ni uti wa Mgongo', '4', 'Mwamanga', 'Kisesa ''''B''''', '', '100', '', '', ' -   ', '2247', '200', '1500', '300000', '2', '60000'),
(687, '709', 'Simba wa Tsavo', '4', '102', 'Mwamjulila', '', '50', '', '', ' -   ', '2242', '100', '1500', '150000', '', ''),
(688, '710', 'Simba wa Tsavo', '4', '102', 'Mwamjulila', '', '175', '', '', ' -   ', '1718', '350', '1500', '525000', '', ''),
(689, '711', 'Mwabaraturu', '4', '89', 'Kitong', '', '125', '', '', ' -   ', '1711', '250', '1500', '375000', '', ''),
(690, '712', 'Nyamigunga ''''A''''', '4', '87', 'Busami', '', '300', '', '', ' -   ', '1706', '600', '1500', '900000', '', ''),
(691, '713', 'Nyamigunga ''''A''''', '4', '87', 'Busami', '', '50', '', '', ' -   ', '2228', '100', '1500', '150000', '1', '30000'),
(692, '714', 'Igembesabo-Kabale', '4', '95', 'Kabale', '', '100', '', '', ' -   ', '1737', '200', '1500', '300000', '', ''),
(693, '715', 'Jamhuri', '4', '90', 'Chabutwa', '', '100', '', '', ' -   ', '1730/1931', '400', '1500', '600000', '', ''),
(694, '716', 'Upendo-Mwagindi', '4', 'Nyaruhande', 'Mwagindi', '', '200', '', '', ' -   ', '1738/2243', '425', '1500', '637500', '', ''),
(695, '717', 'Basimbangobi', '4', '88', 'Salama', '', '200', '', '', ' -   ', '1203/2203', '600', '1500', '900000', '', ''),
(696, '718', 'Mkombozi namba one', '5', '107', 'Mwangogo', '', '679', '', '', ' -   ', '1380', '1358', '1500', '2037000', '1', '20000'),
(697, '719', 'Utajiri', '5', '107', 'Mwangogo', '', '314', '', '', ' -   ', '1379', '628', '1500', '942000', '', ''),
(698, '720', 'Ukombozi-Kurusanga', '3', '71', 'Kurusanga', '', '268', '', '', ' -   ', '1318/1333', '536', '1700', '911200', '2', '60000'),
(699, '721', 'Muungano-Rwabu', '3', '63', 'Rwabu', '', '134', '', '', ' -   ', '1785/1786', '268', '1700', '455600', '2', '60000'),
(700, '722', 'Ujamaa-Nyasana', '3', '50', 'Nyasana', '', '222', '', '', ' -   ', 'O980', '444', '1700', '754800', '', ''),
(701, '724', 'Serengeti-Mbiso', '3', '70', 'Mbiso', '', '499', '', '', ' -   ', 'O864/2268', '1198', '1500', '1797000', '', ''),
(702, '725', 'Motomoto', '3', '54', 'Bulendabufe', '', '333.5', '', '', ' -   ', '1344', '667', '1700', '1133900', '', ''),
(703, '726', 'Songambele-Namhula', '3', '56', 'Namhula', '', '84.5', '', '', ' -   ', 'O874', '164', '1700', '278800', '', ''),
(704, '727', 'Mapambano ya Maisha', '4', '94', 'Shishani', '', '200', '', '', ' -   ', '1249', '400', '1500', '600000', '', ''),
(705, '728', 'Kuweka na kukopa', '4', 'Nyasato', 'Jinjimili', '', '200', '', '', ' -   ', '1702', '400', '1500', '600000', '', ''),
(706, '729', 'Tujikomboe', '4', '93', 'Ndagalu', '', '150', '', '', ' -   ', '1233', '300', '1500', '450000', '', ''),
(707, '730', 'Shikoloshoi', '4', '87', 'Mwaniga', '', '100', '', '', ' -   ', '1745/1946', '300', '1500', '450000', '1', '30000'),
(708, '731', 'Wakulima bushingwamhala', '4', '86', 'Bushingwamhala', '', '50', '', '', ' -   ', '1942', '100', '1500', '150000', '', ''),
(709, '732', 'Mwakulwa ''''B''''', '4', '99', 'Ihayabuyaga', '', '50', '', '', ' -   ', '2232/2208/1718', '500', '1500', '750000', '', ''),
(710, '733', 'Ilula-Balimi', '4', '95', 'Nyasato', '', '100', '', '', ' -   ', '2250', '200', '1500', '300000', '', ''),
(711, '734', 'Nguvu kazi-Sanga', '4', 'Ngassamo', 'Sanga', '', '100', '', '', ' -   ', '2213/1717/1921', '800', '1500', '1200000', '', ''),
(712, '735', 'Mlimani-Masinono', '3', '52', 'Masinono', '', '146', '', '', ' -   ', 'O847/O846', '292', '1500', '438000', '2', '60000'),
(713, '737', 'Chimbuko', '4', 'Ngassamo', 'Ng''wangwenge', '', '175', '', '', ' -   ', '1226/2211', '550', '1500', '825000', '', ''),
(714, '738', 'Bugota na Masala AMCS', '4', '', 'Ilumya', '', '50', '', '', ' -   ', '2245', '100', '1500', '150000', '', ''),
(715, '739', 'Wachapakazi-Nyashoshi', '4', '89', 'Nyashoshi', '', '50', '', '', ' -   ', '1933/1239', '500', '1500', '750000', '1', '30000'),
(716, '740', 'Mapambazuko-Mwamagigisi', '4', '102', 'Mwamagigisi', '', '100', '', '', ' -   ', '1716/2205/2233', '550', '1500', '825000', '1', '30000'),
(717, '741', 'Igembesabo-Nyaruhande', '4', 'Nyaruhande', 'Nyaruhande', '', '50', '', '', ' -   ', '1937', '100', '1500', '150000', '', ''),
(718, '742', 'Igembesabo-Bugatu', '4', '88', 'Bugatu', '', '200', '', '', ' -   ', '1728', '400', '1500', '600000', '1', '30000'),
(719, '743', 'Hawana Wivu', '4', 'Kungulu', 'Kayenze', '', '200', '', '', ' -   ', '1736', '400', '1500', '600000', '', '');

-- --------------------------------------------------------

--
-- Table structure for table `field_cashier`
--

CREATE TABLE IF NOT EXISTS `field_cashier` (
  `id` int(10) NOT NULL AUTO_INCREMENT,
  `field_cashier_code` varchar(20) NOT NULL,
  `field_cashier_name` varchar(100) NOT NULL,
  `national_id` varchar(30) NOT NULL,
  `phone_number` varchar(30) NOT NULL,
  PRIMARY KEY (`id`)
) ENGINE=InnoDB DEFAULT CHARSET=latin1 AUTO_INCREMENT=1 ;

-- --------------------------------------------------------

--
-- Table structure for table `field_cash_disbursement`
--

CREATE TABLE IF NOT EXISTS `field_cash_disbursement` (
  `id` int(10) NOT NULL AUTO_INCREMENT,
  `cih` varchar(20) NOT NULL,
  `receipt` varchar(20) NOT NULL,
  `field_cashier` varchar(10) NOT NULL,
  `depot` varchar(10) NOT NULL,
  `amount` varchar(20) NOT NULL,
  `date` varchar(20) NOT NULL,
  `details` text NOT NULL,
  `batch` varchar(10) NOT NULL,
  `batch_status` varchar(5) NOT NULL DEFAULT '0',
  PRIMARY KEY (`id`),
  KEY `field_disbursement_depot_index` (`depot`)
) ENGINE=InnoDB DEFAULT CHARSET=latin1 AUTO_INCREMENT=1 ;

-- --------------------------------------------------------

--
-- Table structure for table `field_officer`
--

CREATE TABLE IF NOT EXISTS `field_officer` (
  `id` int(10) NOT NULL AUTO_INCREMENT,
  `officer_code` varchar(100) NOT NULL,
  `officer_name` varchar(100) NOT NULL,
  `national_id` varchar(20) NOT NULL,
  `region` varchar(10) NOT NULL,
  PRIMARY KEY (`id`)
) ENGINE=InnoDB DEFAULT CHARSET=latin1 AUTO_INCREMENT=1 ;

-- --------------------------------------------------------

--
-- Table structure for table `input_price`
--

CREATE TABLE IF NOT EXISTS `input_price` (
  `id` int(10) NOT NULL AUTO_INCREMENT,
  `farm_input` varchar(10) NOT NULL,
  `timestamp` varchar(32) NOT NULL,
  `price` varchar(10) NOT NULL,
  PRIMARY KEY (`id`)
) ENGINE=InnoDB DEFAULT CHARSET=latin1 AUTO_INCREMENT=1 ;

-- --------------------------------------------------------

--
-- Table structure for table `menu`
--

CREATE TABLE IF NOT EXISTS `menu` (
  `id` int(11) NOT NULL AUTO_INCREMENT,
  `menu_text` varchar(50) NOT NULL,
  `menu_url` varchar(100) NOT NULL,
  `description` text NOT NULL,
  `parent` varchar(10) NOT NULL DEFAULT '0',
  PRIMARY KEY (`id`)
) ENGINE=InnoDB  DEFAULT CHARSET=latin1 AUTO_INCREMENT=29 ;

--
-- Dumping data for table `menu`
--

INSERT INTO `menu` (`id`, `menu_text`, `menu_url`, `description`, `parent`) VALUES
(1, 'FBGs', 'fbg_management', '', '0'),
(2, 'Areas', 'area_management', '', '0'),
(3, 'Users', 'user_management', '', '0'),
(4, 'Zones', 'region_management', '', '0'),
(5, 'Branches', 'branch_management', '', '0'),
(6, 'Routes', 'route_management', '', '0'),
(7, 'Transporters', 'transporter_management', '', '0'),
(8, 'Buyers', 'buyer_management', '', '0'),
(9, 'Villages', 'village_management', '', '0'),
(10, 'Trucks', 'truck_management', '', '0'),
(11, 'Logs', 'log_management', '', '0'),
(12, 'Inputs', 'farm_input_management', '', '0'),
(13, 'Centers', 'depot_management', '', '0'),
(14, 'FEOs', 'field_officer_management', '', '0'),
(15, 'Agents', 'agent_management', '', '0'),
(16, 'Disbursements', 'disbursement_management', '', '0'),
(17, 'Buyers', 'buyer_management', '', '0'),
(18, 'Purchases', 'purchase_management', '', '0'),
(19, 'Cash Disbursements', 'cash_management', '', '0'),
(21, 'Cashiers', 'field_cashier_management', '', '0'),
(22, 'Agent Disbursements', 'agent_input_issue_management', '', '0'),
(23, 'Region Disbursements', 'region_input_issue_management', '', '0'),
(24, 'Field Payments', 'field_cash_management', '', '0'),
(25, 'Prices', 'price_management', '', '0'),
(26, 'Batches', 'batch_management', '', '0'),
(27, 'Geography', 'geography_management', '', '0'),
(28, 'Reports', 'report_management', '', '0');

-- --------------------------------------------------------

--
-- Table structure for table `mopping_payment`
--

CREATE TABLE IF NOT EXISTS `mopping_payment` (
  `id` int(10) NOT NULL AUTO_INCREMENT,
  `voucher_number` varchar(50) NOT NULL,
  `date` varchar(20) NOT NULL,
  `depot` varchar(10) NOT NULL,
  `amount` varchar(20) NOT NULL,
  `batch` varchar(10) NOT NULL,
  `batch_status` varchar(5) NOT NULL DEFAULT '0',
  PRIMARY KEY (`id`),
  KEY `mopping_payment_depot_index` (`depot`)
) ENGINE=InnoDB DEFAULT CHARSET=latin1 AUTO_INCREMENT=1 ;

-- --------------------------------------------------------

--
-- Table structure for table `purchase`
--

CREATE TABLE IF NOT EXISTS `purchase` (
  `id` int(20) NOT NULL AUTO_INCREMENT,
  `fbg` varchar(10) NOT NULL,
  `dpn` varchar(20) NOT NULL,
  `date` varchar(20) NOT NULL,
  `depot` varchar(10) NOT NULL,
  `quantity` varchar(20) NOT NULL,
  `unit_price` varchar(20) NOT NULL,
  `season` varchar(10) NOT NULL,
  `loan_recovery` varchar(20) NOT NULL,
  `farmer_reg_fee` varchar(20) NOT NULL,
  `other_recoveries` varchar(20) NOT NULL,
  `buyer` varchar(10) NOT NULL,
  `net_value` varchar(20) NOT NULL,
  `timestamp` varchar(32) NOT NULL,
  `gross_value` varchar(20) NOT NULL,
  `batch` varchar(20) NOT NULL,
  `batch_status` varchar(5) NOT NULL DEFAULT '0',
  PRIMARY KEY (`id`),
  KEY `depot_id_index` (`depot`)
) ENGINE=InnoDB DEFAULT CHARSET=latin1 AUTO_INCREMENT=1 ;

-- --------------------------------------------------------

--
-- Table structure for table `quick_menu`
--

CREATE TABLE IF NOT EXISTS `quick_menu` (
  `id` int(10) NOT NULL AUTO_INCREMENT,
  `menu_text` varchar(30) NOT NULL,
  `menu_url` varchar(50) NOT NULL,
  `description` varchar(100) NOT NULL,
  `indicator` varchar(100) NOT NULL,
  `report` varchar(1) NOT NULL DEFAULT '0',
  PRIMARY KEY (`id`)
) ENGINE=InnoDB  DEFAULT CHARSET=latin1 AUTO_INCREMENT=70 ;

--
-- Dumping data for table `quick_menu`
--

INSERT INTO `quick_menu` (`id`, `menu_text`, `menu_url`, `description`, `indicator`, `report`) VALUES
(1, 'Add Buying Center', 'depot_management/new_depot', '', 'add_depot', '0'),
(2, 'Register FBG', 'fbg_management/new_fbg', '', 'add_fbg', '0'),
(3, 'Add Agent', 'agent_management/new_agent', '', 'add_agent', '0'),
(5, 'Add Area', 'area_management/new_area', '', 'add_area', '0'),
(6, 'Add User', 'user_management/new_user', '', 'add_user', '0'),
(7, 'Add User Group', 'user_group_management/new_group', '', 'add_user_group', '0'),
(8, 'Add Farm Input', 'farm_input_management/new_input', '', 'add_farm_input', '0'),
(9, 'Add Cotton Type', 'cotton_management/new_type', '', 'add_cotton_type', '0'),
(10, 'Add Transporter', 'transporter_management/new_transporter', '', 'add_transporter', '0'),
(11, 'Add Branch', 'branch_management/new_branch', '', 'add_branch', '0'),
(12, 'Add Field Officer', 'field_officer_management/new_officer', '', 'add_field_officer', '0'),
(13, 'Add Buyer', 'buyer_management/new_buyer', '', 'add_buyer', '0'),
(14, 'Add Zone', 'region_management/new_region', '', 'add_region', '0'),
(15, 'Add Cotton Grades', 'cotton_management/new_grade', '', 'add_cotton_grades', '0'),
(16, 'View Daily Report', 'report_management/view_daily_report', '', 'view_daily_report', '0'),
(17, 'Search FBG', 'fbg_management/search_fbg', '', 'search_fbg', '0'),
(18, 'Help', 'help_management', '', 'help', '0'),
(19, 'Search Route', 'route_management/search_route', '', 'search_route', '0'),
(20, 'Search Buyer', 'buyer_management/search_buyer', '', 'search_buyer', '0'),
(21, 'Search Inwards Weigh', 'weighbridge_management/search_inwards_weigh', '', 'search_inwards_weigh', '0'),
(22, 'New Ticket', 'ticket_management/new_ticket', '', 'new_ticket', '0'),
(23, 'Total Area Inputs', 'input_management/total_area_inputs', '', 'total_area_inputs', '0'),
(24, 'Total Inputs By Region', 'input_management/total_inputs_by_region', '', 'total_inputs_by_regi', '0'),
(25, 'Area Loan Balance', 'input_management/area_loan_balance', '', 'area_loan_balance', '0'),
(26, 'Area Purchases Summary', 'purchase_management/area_purchases_management', '', 'area_purchases_summary', '0'),
(27, 'Depot Dispatches Summary', 'purchase_management/depot_dispatches_summary', '', 'depot_dispatches_summary', '0'),
(28, 'Area Product Balances', 'product_management/area_product_balances', '', 'area_product_balance', '0'),
(29, 'Farmer Purchases Summary', 'farmer_management/farmer_purchases_summary', '', 'farmer_purchases_summary', '0'),
(30, 'Cash Requirements', 'cash_management/cash_requirements', '', 'cash_requirements', '0'),
(31, 'Daily Tonnage', 'tonnage_management/daily_tonnage', '', 'daily_tonnage', '0'),
(32, 'Search Area', 'area_management/search_area', '', 'search_area', '0'),
(33, 'Issue Inputs to Agent', 'agent_input_issue_management/new_issue', '', 'new_agent_issue', '0'),
(35, 'Add Route', 'route_management/new_route', '', 'new_route', '0'),
(36, 'Add Free Farmer Purchase', 'purchase_management/free_farmer_purchase', '', 'free_farmer_purchase', '0'),
(37, 'Add Truck', 'truck_management/new_truck', '', 'new_truck', '0'),
(38, 'Add Transporter', 'transporter_management/new_transporter', '', 'new_transporter', '0'),
(39, 'Issue Cash to Field Cashier', 'cash_management/issue_cash', '', 'issue_cash', '0'),
(40, 'Add Field Cashier', 'field_cashier_management/new_field_cashier', '', 'add_field_cashier', '0'),
(41, 'Issue Inputs to Zone', 'region_input_issue_management/new_issue', '', 'new_region_issue', '0'),
(42, 'Record Field Payment', 'field_cash_management/new_payment', '', 'new_payment', '0'),
(43, 'New Disbursement', 'disbursement_management/search_fbg', '', 'add_disbursement', '0'),
(44, 'New Purchase', 'purchase_management/search_depot', '', 'new_purchase', '0'),
(45, 'Buying Center Summaries', 'regional_summaries/view_interface', '', 'view_interface', '0'),
(46, 'New Batch', 'batch_management/new_batch', '', 'new_batch', '0'),
(47, 'View Batches', 'batch_management', '', 'batch_management', '0'),
(48, 'New Buying Center Expense', 'mopping_payment_management/new_payment', '', 'add_mopping_payment', '0'),
(49, 'New Buying Center Receipt', 'buying_center_receipt_management/new_receipt', '', 'new_buying_center_receipt', '0'),
(50, 'New Field Cash Receipt', 'cash_receipt_management/new_receipt', '', 'new_cash_receipt', '0'),
(51, 'Buying Center Transactions', 'depot_reports/view_transactions_interface', '', 'depot_transactions', '1'),
(52, 'Route Collection Report', 'route_reports/view_collections_interface', '', 'collections_interface', '0'),
(53, 'Search Center', 'depot_management/search_depot', '', 'search_depot', '0'),
(54, 'Debtors Aged Analysis', 'fbg_reports/aged_analysis', '', 'aged_analysis', '1'),
(55, 'Inputs Disbursement Report', 'inputs_disbursement_report/inputs_disbursement', '', 'inputs_disbursement', '1'),
(56, 'Deliveries Report', 'deliveries_report', '', 'deliveries_report', '1'),
(57, 'Add Ward', 'ward_management/new_ward', '', 'add_ward', '0'),
(58, 'Add Village', 'village_management/new_village', '', 'add_village', '0'),
(59, 'BC Purchases', 'buying_center_purchases', '', 'buying_center_purchases', '1'),
(60, 'Field Cashier Transactions', 'field_cashier_transactions', '', 'field_cashier_transactions', '1'),
(61, 'Field Cashier Summaries', 'field_cashier_summaries', '', 'field_cashier_summaries', '1'),
(62, 'Dormant Buying Centers', 'dormant_buying_centers', '', 'dormant_buying_centers', '1'),
(63, 'Dispatch Recommendation', 'dispatch_recommendation', '', 'dispatch_recommendation', '1'),
(64, 'Petty Cash Payments', 'petty_cash_payments', '', 'petty_cash_payments', '1'),
(65, 'Truck Transactions', 'truck_transactions', '', 'truck_transactions', '1'),
(66, 'Truck Summaries', 'truck_summaries', '', 'truck_summaries', '1'),
(67, 'BC Funding', 'buying_center_funding', '', 'buying_center_funding', '1'),
(68, 'Field Cashier Funding', 'field_cashier_funding', '', 'field_cashier_funding', '1'),
(69, 'Missing DPNs', 'missing_dpn', '', 'missing_dpn', '1');

-- --------------------------------------------------------

--
-- Table structure for table `quick_menu_user_right`
--

CREATE TABLE IF NOT EXISTS `quick_menu_user_right` (
  `id` int(10) NOT NULL AUTO_INCREMENT,
  `access_level` varchar(10) NOT NULL,
  `menu` varchar(10) NOT NULL,
  `access_type` varchar(10) NOT NULL,
  PRIMARY KEY (`id`)
) ENGINE=InnoDB  DEFAULT CHARSET=latin1 AUTO_INCREMENT=109 ;

--
-- Dumping data for table `quick_menu_user_right`
--

INSERT INTO `quick_menu_user_right` (`id`, `access_level`, `menu`, `access_type`) VALUES
(2, '2', '2', ''),
(3, '7', '3', ''),
(8, '7', '8', ''),
(12, '7', '12', ''),
(13, '7', '13', ''),
(14, '7', '14', ''),
(17, '2', '17', ''),
(24, '5', '22', ''),
(25, '5', '18', ''),
(36, '5', '33', ''),
(38, '7', '35', ''),
(40, '3', '37', ''),
(41, '3', '38', ''),
(42, '2', '39', ''),
(43, '7', '1', ''),
(44, '7', '40', ''),
(45, '7', '6', ''),
(46, '2', '41', ''),
(47, '2', '42', ''),
(48, '2', '43', ''),
(49, '2', '44', ''),
(50, '6', '45', ''),
(51, '2', '46', ''),
(52, '8', '47', ''),
(53, '9', '47', ''),
(54, '10', '47', ''),
(55, '11', '47', ''),
(56, '2', '48', ''),
(57, '2', '33', ''),
(58, '2', '49', ''),
(59, '2', '50', ''),
(60, '2', '18', ''),
(62, '6', '52', ''),
(63, '7', '53', ''),
(67, '7', '57', ''),
(68, '7', '58', ''),
(86, '12', '51', ''),
(87, '12', '59', ''),
(88, '12', '60', ''),
(89, '12', '61', ''),
(90, '12', '64', ''),
(91, '12', '67', ''),
(92, '12', '68', ''),
(93, '12', '69', ''),
(94, '6', '51', ''),
(95, '6', '54', ''),
(96, '6', '55', ''),
(97, '6', '56', ''),
(98, '6', '59', ''),
(99, '6', '60', ''),
(100, '6', '61', ''),
(101, '6', '62', ''),
(102, '6', '63', ''),
(103, '6', '64', ''),
(104, '6', '65', ''),
(105, '6', '66', ''),
(106, '6', '67', ''),
(107, '6', '68', ''),
(108, '6', '69', '');

-- --------------------------------------------------------

--
-- Table structure for table `region`
--

CREATE TABLE IF NOT EXISTS `region` (
  `id` int(10) NOT NULL AUTO_INCREMENT,
  `region_code` varchar(100) NOT NULL,
  `region_name` varchar(100) NOT NULL,
  PRIMARY KEY (`id`)
) ENGINE=InnoDB  DEFAULT CHARSET=latin1 AUTO_INCREMENT=9 ;

--
-- Dumping data for table `region`
--

INSERT INTO `region` (`id`, `region_code`, `region_name`) VALUES
(1, 'BW', 'Bariadi west  '),
(2, 'BE', 'Bariadi east  '),
(3, 'MR', 'Mara '),
(4, 'MG', 'Magu '),
(5, 'KS', 'Kishapu'),
(6, 'MS', 'Maswa'),
(7, 'ME', 'Meatu'),
(8, 'KW', 'Kwimba');

-- --------------------------------------------------------

--
-- Table structure for table `region_input_issue`
--

CREATE TABLE IF NOT EXISTS `region_input_issue` (
  `Id` int(10) NOT NULL AUTO_INCREMENT,
  `delivery_note_number` varchar(100) NOT NULL,
  `date` varchar(15) NOT NULL,
  `farm_input` varchar(10) NOT NULL,
  `quantity` varchar(10) NOT NULL,
  `total_value` varchar(15) NOT NULL,
  `season` varchar(10) NOT NULL,
  `timestamp` varchar(32) NOT NULL,
  `agent` varchar(10) NOT NULL,
  `region` varchar(10) NOT NULL,
  `batch` varchar(10) NOT NULL,
  `batch_status` varchar(5) NOT NULL DEFAULT '0',
  PRIMARY KEY (`Id`)
) ENGINE=InnoDB DEFAULT CHARSET=latin1 AUTO_INCREMENT=1 ;

-- --------------------------------------------------------

--
-- Table structure for table `route`
--

CREATE TABLE IF NOT EXISTS `route` (
  `id` int(10) NOT NULL AUTO_INCREMENT,
  `route_code` varchar(20) NOT NULL,
  `route_name` varchar(100) NOT NULL,
  `field_cashier` varchar(10) NOT NULL,
  PRIMARY KEY (`id`)
) ENGINE=InnoDB  DEFAULT CHARSET=latin1 AUTO_INCREMENT=13 ;

--
-- Dumping data for table `route`
--

INSERT INTO `route` (`id`, `route_code`, `route_name`, `field_cashier`) VALUES
(1, '1', 'Route One', '1'),
(2, '2', 'Route Two', '1'),
(3, '3', 'Route Three', '1'),
(4, '4', 'Route Four', '1'),
(5, '5', 'Route Five', '1'),
(6, '6', 'Route Six', '1'),
(7, '7', 'Route Seven', '1'),
(8, '8', 'Route Eight', '1'),
(9, '9', 'Route Nine', '1'),
(10, '10', 'Route Ten', '1'),
(11, '11', 'Route Eleven', '2'),
(12, '12', 'Route Twelve', '1');

-- --------------------------------------------------------

--
-- Table structure for table `route_depot`
--

CREATE TABLE IF NOT EXISTS `route_depot` (
  `id` int(10) NOT NULL AUTO_INCREMENT,
  `route` varchar(10) NOT NULL,
  `depot` varchar(100) NOT NULL,
  PRIMARY KEY (`id`)
) ENGINE=InnoDB  DEFAULT CHARSET=latin1 AUTO_INCREMENT=645 ;

--
-- Dumping data for table `route_depot`
--

INSERT INTO `route_depot` (`id`, `route`, `depot`) VALUES
(1, '11', '1'),
(2, '11', '2'),
(3, '11', '3'),
(4, '11', '4'),
(5, '11', '5'),
(6, '11', '6'),
(7, '11', '7'),
(8, '11', '8'),
(9, '11', '9'),
(10, '11', '10'),
(11, '11', '11'),
(12, '11', '12'),
(13, '11', '13'),
(14, '11', '14'),
(15, '11', '15'),
(16, '11', '16'),
(17, '11', '17'),
(18, '11', '18'),
(19, '11', '19'),
(20, '11', '20'),
(21, '11', '21'),
(22, '11', '22'),
(23, '11', '23'),
(24, '11', '24'),
(25, '11', '25'),
(26, '11', '26'),
(27, '11', '27'),
(28, '11', '28'),
(29, '11', '29'),
(30, '11', '30'),
(31, '11', '31'),
(32, '11', '32'),
(33, '11', '33'),
(34, '11', '34'),
(35, '11', '35'),
(36, '11', '36'),
(37, '11', '37'),
(38, '11', '38'),
(39, '11', '39'),
(40, '11', '40'),
(41, '11', '41'),
(42, '11', '42'),
(43, '11', '43'),
(44, '11', '44'),
(45, '11', '45'),
(46, '11', '46'),
(47, '11', '47'),
(48, '11', '48'),
(49, '11', '49'),
(50, '11', '50'),
(51, '11', '51'),
(52, '11', '52'),
(53, '11', '53'),
(54, '11', '54'),
(55, '11', '55'),
(56, '11', '56'),
(57, '11', '57'),
(58, '12', '58'),
(59, '12', '59'),
(60, '12', '60'),
(61, '12', '61'),
(62, '12', '62'),
(63, '12', '63'),
(64, '12', '64'),
(65, '12', '65'),
(66, '12', '66'),
(67, '12', '67'),
(68, '12', '68'),
(69, '12', '69'),
(70, '12', '70'),
(71, '12', '71'),
(72, '12', '72'),
(73, '12', '73'),
(74, '12', '74'),
(75, '12', '75'),
(76, '12', '76'),
(77, '12', '77'),
(78, '12', '78'),
(79, '12', '79'),
(80, '12', '80'),
(81, '12', '81'),
(82, '12', '82'),
(83, '12', '83'),
(84, '12', '84'),
(85, '12', '85'),
(86, '12', '86'),
(87, '12', '87'),
(88, '12', '88'),
(89, '12', '89'),
(90, '12', '90'),
(91, '12', '91'),
(92, '12', '92'),
(93, '12', '93'),
(94, '12', '94'),
(95, '12', '95'),
(96, '12', '96'),
(97, '12', '97'),
(98, '12', '98'),
(99, '12', '99'),
(100, '12', '100'),
(101, '12', '101'),
(102, '12', '102'),
(103, '12', '103'),
(104, '12', '104'),
(105, '12', '105'),
(106, '12', '106'),
(107, '12', '107'),
(108, '9', '108'),
(109, '9', '109'),
(110, '9', '110'),
(111, '9', '111'),
(112, '9', '112'),
(113, '9', '113'),
(114, '9', '114'),
(115, '9', '115'),
(116, '9', '116'),
(117, '9', '117'),
(118, '9', '118'),
(119, '9', '119'),
(120, '9', '120'),
(121, '9', '121'),
(122, '9', '122'),
(123, '9', '123'),
(124, '9', '124'),
(125, '9', '125'),
(126, '9', '126'),
(127, '9', '127'),
(128, '9', '128'),
(129, '9', '129'),
(130, '9', '130'),
(131, '9', '131'),
(132, '9', '132'),
(133, '9', '133'),
(134, '9', '134'),
(135, '9', '135'),
(136, '9', '136'),
(137, '9', '137'),
(138, '9', '138'),
(139, '9', '139'),
(140, '9', '140'),
(141, '9', '141'),
(142, '9', '142'),
(143, '9', '143'),
(144, '9', '144'),
(145, '9', '145'),
(146, '9', '146'),
(147, '9', '147'),
(148, '9', '148'),
(149, '9', '149'),
(150, '9', '150'),
(151, '9', '151'),
(152, '9', '152'),
(153, '9', '153'),
(154, '9', '154'),
(155, '9', '155'),
(156, '10', '156'),
(157, '10', '157'),
(158, '10', '158'),
(159, '10', '159'),
(160, '10', '160'),
(161, '10', '161'),
(162, '10', '162'),
(163, '10', '163'),
(164, '10', '164'),
(165, '10', '165'),
(166, '10', '166'),
(167, '10', '167'),
(168, '10', '168'),
(169, '10', '169'),
(170, '10', '170'),
(171, '10', '171'),
(172, '10', '172'),
(173, '10', '173'),
(174, '10', '174'),
(175, '10', '175'),
(176, '10', '176'),
(177, '10', '177'),
(178, '10', '178'),
(179, '10', '179'),
(180, '10', '180'),
(181, '10', '181'),
(182, '10', '182'),
(183, '10', '183'),
(184, '10', '184'),
(185, '10', '185'),
(186, '10', '186'),
(187, '10', '187'),
(188, '10', '188'),
(189, '10', '189'),
(190, '10', '190'),
(191, '10', '191'),
(192, '10', '192'),
(193, '10', '193'),
(194, '10', '194'),
(195, '10', '195'),
(196, '10', '196'),
(197, '10', '197'),
(198, '10', '198'),
(199, '10', '199'),
(200, '10', '200'),
(201, '10', '201'),
(202, '10', '202'),
(203, '10', '203'),
(204, '10', '204'),
(205, '10', '205'),
(206, '10', '206'),
(207, '10', '207'),
(208, '10', '208'),
(209, '10', '209'),
(210, '10', '210'),
(245, '4', '245'),
(246, '4', '246'),
(247, '4', '247'),
(248, '4', '248'),
(249, '4', '249'),
(250, '4', '250'),
(251, '4', '251'),
(252, '4', '252'),
(253, '4', '253'),
(254, '4', '254'),
(255, '4', '255'),
(256, '4', '256'),
(257, '4', '257'),
(258, '4', '258'),
(259, '4', '259'),
(260, '4', '260'),
(261, '4', '261'),
(262, '4', '262'),
(263, '4', '263'),
(264, '4', '264'),
(265, '4', '265'),
(266, '4', '266'),
(267, '4', '267'),
(268, '4', '268'),
(269, '4', '269'),
(270, '4', '270'),
(271, '4', '271'),
(272, '4', '272'),
(273, '4', '273'),
(274, '4', '274'),
(275, '4', '275'),
(276, '4', '276'),
(277, '4', '277'),
(278, '4', '278'),
(279, '4', '279'),
(280, '4', '280'),
(281, '4', '281'),
(282, '4', '282'),
(283, '4', '283'),
(284, '4', '284'),
(285, '4', '285'),
(286, '4', '286'),
(287, '4', '287'),
(288, '4', '288'),
(289, '5', '289'),
(290, '5', '290'),
(291, '5', '291'),
(292, '5', '292'),
(293, '5', '293'),
(294, '5', '294'),
(295, '5', '295'),
(296, '5', '296'),
(297, '5', '297'),
(298, '5', '298'),
(299, '5', '299'),
(300, '5', '300'),
(301, '5', '301'),
(302, '5', '302'),
(303, '5', '303'),
(304, '5', '304'),
(305, '5', '305'),
(306, '5', '306'),
(307, '5', '307'),
(308, '5', '308'),
(309, '5', '309'),
(310, '5', '310'),
(311, '5', '311'),
(312, '5', '312'),
(313, '5', '313'),
(314, '5', '314'),
(315, '5', '315'),
(316, '5', '316'),
(317, '5', '317'),
(318, '5', '318'),
(319, '5', '319'),
(320, '5', '320'),
(321, '5', '321'),
(322, '5', '322'),
(323, '5', '323'),
(324, '5', '324'),
(325, '5', '325'),
(326, '5', '326'),
(327, '5', '327'),
(328, '5', '328'),
(329, '5', '329'),
(330, '5', '330'),
(331, '5', '331'),
(332, '5', '332'),
(333, '5', '333'),
(334, '5', '334'),
(335, '5', '335'),
(336, '5', '336'),
(337, '5', '337'),
(338, '5', '338'),
(339, '5', '339'),
(340, '5', '340'),
(341, '5', '341'),
(342, '5', '342'),
(343, '5', '343'),
(344, '5', '344'),
(345, '5', '345'),
(346, '5', '346'),
(347, '5', '347'),
(348, '5', '348'),
(349, '5', '349'),
(350, '5', '350'),
(351, '5', '351'),
(352, '5', '352'),
(353, '5', '353'),
(354, '5', '354'),
(355, '5', '355'),
(356, '5', '356'),
(357, '5', '357'),
(358, '5', '358'),
(359, '5', '359'),
(360, '5', '360'),
(361, '5', '361'),
(362, '5', '362'),
(363, '5', '363'),
(364, '5', '364'),
(365, '5', '365'),
(366, '5', '366'),
(367, '5', '367'),
(368, '5', '368'),
(369, '5', '369'),
(370, '5', '370'),
(371, '3', '371'),
(372, '3', '372'),
(373, '3', '373'),
(374, '3', '374'),
(375, '3', '375'),
(376, '3', '376'),
(377, '3', '377'),
(378, '3', '378'),
(379, '3', '379'),
(380, '3', '380'),
(381, '3', '381'),
(382, '3', '382'),
(383, '3', '383'),
(384, '3', '384'),
(385, '3', '385'),
(386, '3', '386'),
(387, '3', '387'),
(388, '3', '388'),
(389, '3', '389'),
(390, '3', '390'),
(391, '3', '391'),
(392, '3', '392'),
(393, '3', '393'),
(394, '3', '394'),
(395, '3', '395'),
(396, '3', '396'),
(397, '3', '397'),
(398, '3', '398'),
(399, '3', '399'),
(400, '3', '400'),
(401, '3', '401'),
(402, '3', '402'),
(403, '3', '403'),
(404, '3', '404'),
(405, '3', '405'),
(406, '3', '406'),
(407, '3', '407'),
(408, '3', '408'),
(409, '3', '409'),
(410, '3', '410'),
(411, '3', '411'),
(412, '3', '412'),
(413, '3', '413'),
(414, '3', '414'),
(415, '3', '415'),
(416, '3', '416'),
(417, '3', '417'),
(418, '3', '418'),
(419, '3', '419'),
(420, '3', '420'),
(421, '3', '421'),
(422, '3', '422'),
(423, '3', '423'),
(424, '3', '424'),
(425, '3', '425'),
(426, '3', '426'),
(427, '3', '427'),
(428, '3', '428'),
(429, '3', '429'),
(430, '3', '430'),
(431, '3', '431'),
(432, '3', '432'),
(433, '3', '433'),
(434, '3', '434'),
(435, '3', '435'),
(436, '3', '436'),
(437, '3', '437'),
(438, '3', '438'),
(439, '3', '439'),
(440, '3', '440'),
(441, '3', '441'),
(442, '3', '442'),
(443, '3', '443'),
(444, '3', '444'),
(445, '3', '445'),
(446, '3', '446'),
(447, '3', '447'),
(448, '3', '448'),
(449, '3', '449'),
(450, '3', '450'),
(451, '3', '451'),
(452, '3', '452'),
(453, '3', '453'),
(454, '3', '454'),
(455, '3', '455'),
(456, '3', '456'),
(457, '3', '457'),
(458, '3', '458'),
(459, '3', '459'),
(460, '3', '460'),
(461, '3', '461'),
(462, '3', '462'),
(463, '2', '463'),
(464, '2', '464'),
(465, '2', '465'),
(466, '2', '466'),
(467, '2', '467'),
(468, '2', '468'),
(469, '2', '469'),
(470, '2', '470'),
(471, '2', '471'),
(472, '2', '472'),
(473, '2', '473'),
(474, '2', '474'),
(475, '2', '475'),
(476, '2', '476'),
(477, '2', '477'),
(478, '2', '478'),
(479, '2', '479'),
(480, '2', '480'),
(481, '2', '481'),
(482, '2', '482'),
(483, '2', '483'),
(484, '2', '484'),
(485, '2', '485'),
(486, '2', '486'),
(487, '2', '487'),
(488, '2', '488'),
(489, '2', '489'),
(490, '2', '490'),
(491, '2', '491'),
(492, '2', '492'),
(493, '2', '493'),
(494, '2', '494'),
(495, '2', '495'),
(496, '2', '496'),
(497, '2', '497'),
(498, '2', '498'),
(499, '2', '499'),
(500, '2', '500'),
(501, '2', '501'),
(502, '2', '502'),
(503, '2', '503'),
(504, '2', '504'),
(505, '2', '505'),
(506, '2', '506'),
(507, '2', '507'),
(508, '2', '508'),
(509, '2', '509'),
(510, '2', '510'),
(511, '7', '511'),
(512, '7', '512'),
(513, '7', '513'),
(514, '7', '514'),
(515, '7', '515'),
(516, '7', '516'),
(517, '7', '517'),
(518, '7', '518'),
(519, '7', '519'),
(520, '7', '520'),
(521, '7', '521'),
(522, '7', '522'),
(523, '7', '523'),
(524, '7', '524'),
(525, '7', '525'),
(526, '7', '526'),
(527, '7', '527'),
(528, '7', '528'),
(529, '7', '529'),
(530, '7', '530'),
(531, '7', '531'),
(532, '7', '532'),
(533, '7', '533'),
(534, '7', '534'),
(535, '7', '535'),
(536, '8', '536'),
(537, '8', '537'),
(538, '8', '538'),
(539, '8', '539'),
(540, '8', '540'),
(541, '8', '541'),
(542, '8', '542'),
(543, '8', '543'),
(544, '8', '544'),
(545, '8', '545'),
(546, '8', '546'),
(547, '8', '547'),
(548, '8', '548'),
(549, '8', '549'),
(550, '8', '550'),
(551, '8', '551'),
(552, '8', '552'),
(553, '8', '553'),
(554, '8', '554'),
(555, '8', '555'),
(556, '8', '556'),
(557, '8', '557'),
(558, '8', '558'),
(559, '8', '559'),
(560, '8', '560'),
(561, '8', '561'),
(562, '8', '562'),
(563, '8', '563'),
(564, '8', '564'),
(565, '8', '565'),
(566, '8', '566'),
(567, '8', '567'),
(568, '8', '568'),
(569, '8', '569'),
(570, '8', '570'),
(571, '8', '571'),
(572, '6', '572'),
(573, '6', '573'),
(574, '6', '574'),
(575, '6', '575'),
(576, '6', '576'),
(577, '6', '577'),
(578, '6', '578'),
(579, '6', '579'),
(580, '6', '580'),
(581, '6', '581'),
(582, '6', '582'),
(583, '6', '583'),
(584, '6', '584'),
(585, '6', '585'),
(586, '6', '586'),
(587, '6', '587'),
(588, '6', '588'),
(589, '6', '589'),
(590, '6', '590'),
(591, '6', '591'),
(592, '6', '592'),
(593, '6', '593'),
(594, '6', '594'),
(595, '6', '595'),
(596, '6', '596'),
(597, '6', '597'),
(598, '6', '598'),
(599, '6', '599'),
(600, '6', '600'),
(601, '6', '601'),
(602, '6', '602'),
(603, '6', '603'),
(604, '6', '604'),
(605, '6', '605'),
(606, '6', '606'),
(607, '6', '607'),
(608, '6', '608'),
(609, '6', '609'),
(610, '6', '610'),
(611, '6', '611'),
(612, '6', '612'),
(613, '6', '613'),
(614, '6', '614'),
(615, '6', '615'),
(616, '6', '616'),
(617, '6', '617'),
(618, '6', '618'),
(619, '6', '619'),
(620, '6', '620'),
(621, '6', '621'),
(622, '6', '622'),
(623, '6', '623'),
(624, '6', '624'),
(625, '6', '625'),
(626, '6', '626'),
(627, '6', '627'),
(628, '6', '628'),
(629, '6', '629'),
(630, '6', '630'),
(631, '6', '631'),
(632, '6', '632'),
(633, '6', '633'),
(634, '6', '634'),
(635, '6', '635'),
(636, '6', '636'),
(637, '6', '637'),
(638, '6', '638'),
(639, '6', '639'),
(640, '6', '640'),
(641, '6', '641'),
(642, '6', '642'),
(643, '6', '643'),
(644, '6', '644');

-- --------------------------------------------------------

--
-- Table structure for table `system_log`
--

CREATE TABLE IF NOT EXISTS `system_log` (
  `id` int(20) NOT NULL AUTO_INCREMENT,
  `log_type` varchar(10) NOT NULL,
  `log_message` text NOT NULL,
  `user` varchar(10) NOT NULL,
  `timestamp` varchar(32) NOT NULL,
  PRIMARY KEY (`id`)
) ENGINE=InnoDB DEFAULT CHARSET=latin1 AUTO_INCREMENT=1 ;

-- --------------------------------------------------------

--
-- Table structure for table `transaction_batch`
--

CREATE TABLE IF NOT EXISTS `transaction_batch` (
  `id` int(10) NOT NULL AUTO_INCREMENT,
  `transaction_type` varchar(10) NOT NULL,
  `user` varchar(10) NOT NULL,
  `timestamp` varchar(32) NOT NULL,
  `status` varchar(5) NOT NULL,
  `validated_by` varchar(10) NOT NULL,
  PRIMARY KEY (`id`)
) ENGINE=InnoDB DEFAULT CHARSET=latin1 AUTO_INCREMENT=1 ;

-- --------------------------------------------------------

--
-- Table structure for table `transaction_type`
--

CREATE TABLE IF NOT EXISTS `transaction_type` (
  `id` int(10) NOT NULL AUTO_INCREMENT,
  `name` varchar(30) NOT NULL,
  `indicator` varchar(30) NOT NULL,
  PRIMARY KEY (`id`)
) ENGINE=InnoDB  DEFAULT CHARSET=latin1 AUTO_INCREMENT=10 ;

--
-- Dumping data for table `transaction_type`
--

INSERT INTO `transaction_type` (`id`, `name`, `indicator`) VALUES
(1, 'Purchases', 'purchases'),
(2, 'Input Disbursements', 'input_disbursements'),
(3, 'CIH(C) Transactions', 'cihc'),
(4, 'CIH(B) Transactions', 'cihb'),
(5, 'Cash Receipts', 'cash_receipts'),
(6, 'Buying Center Cash Receipts', 'buying_center_receipts'),
(7, 'Agent Input Disbursements', 'agent_input_disbursements'),
(8, 'Input Transfers', 'input_transfers'),
(9, 'Buying Center Expenses', 'mopping_payments');

-- --------------------------------------------------------

--
-- Table structure for table `user`
--

CREATE TABLE IF NOT EXISTS `user` (
  `id` int(5) NOT NULL AUTO_INCREMENT,
  `Name` varchar(100) NOT NULL,
  `Username` varchar(12) NOT NULL,
  `Password` varchar(32) NOT NULL,
  `Access_Level` varchar(10) NOT NULL,
  `Created_By` varchar(5) NOT NULL,
  `Time_Created` varchar(32) NOT NULL,
  `Phone_Number` varchar(50) NOT NULL,
  `Email_Address` varchar(50) NOT NULL,
  `Active` varchar(2) NOT NULL,
  PRIMARY KEY (`id`)
) ENGINE=InnoDB  DEFAULT CHARSET=latin1 AUTO_INCREMENT=24 ;

--
-- Dumping data for table `user`
--

INSERT INTO `user` (`id`, `Name`, `Username`, `Password`, `Access_Level`, `Created_By`, `Time_Created`, `Phone_Number`, `Email_Address`, `Active`) VALUES
(4, 'George Ikua', 'george', 'e10adc3949ba59abbe56e057f20f883e', '7', '1', '', '', '', '1'),
(5, 'Data Clerk', 'data_clerk', 'e10adc3949ba59abbe56e057f20f883e', '2', '4', '1341124554', '', '', '1'),
(6, 'Mark Ekisa', 'mekisa', 'e10adc3949ba59abbe56e057f20f883e', '3', '1', '', '', '', '1'),
(7, 'David Mwathi', 'mwathi', 'e10adc3949ba59abbe56e057f20f883e', '4', '1', '', '', '', '1'),
(8, 'John Maina', 'jmaina', 'e10adc3949ba59abbe56e057f20f883e', '5', '1', '', '', '', '1'),
(9, 'Raymond Munene', 'munene', 'e10adc3949ba59abbe56e057f20f883e', '6', '1', '', '', '', '1'),
(10, 'General Supervisor', 'supervisor', 'e10adc3949ba59abbe56e057f20f883e', '11', '4', '1335721942', '', '', '1'),
(11, 'Data Entry Clerk 2', 'data_clerk', 'e10adc3949ba59abbe56e057f20f883e', '2', '4', '1335778397', '', '', '1'),
(12, 'Fredrick Macharia', 'macharia', 'e10adc3949ba59abbe56e057f20f883e', '2', '4', '1335359905', '', 'fredrick.alliance@gmail.com', '1'),
(13, 'James Mburu', 'Mburu', 'ba71c7ee0b6b5d3a3918b8f80560a900', '2', '4', '1335515071', '', 'james.mburu@alliance.co.zm', '1'),
(14, 'Jabir', 'jabir', 'e10adc3949ba59abbe56e057f20f883e', '2', '4', '1341126374', '', '', '1'),
(15, 'Hemed', 'hemed', 'e10adc3949ba59abbe56e057f20f883e', '2', '4', '1341126400', '', '', '1'),
(16, 'maryciana', 'maryciana', 'e10adc3949ba59abbe56e057f20f883e', '2', '4', '1341131013', '', '', '1'),
(17, 'eliza', 'eliza', 'e10adc3949ba59abbe56e057f20f883e', '2', '4', '1341131035', '', '', '1'),
(18, 'leah', 'leah', 'e10adc3949ba59abbe56e057f20f883e', '2', '4', '1341131053', '', '', '1'),
(19, 'mugara', 'mugara', 'e10adc3949ba59abbe56e057f20f883e', '2', '4', '1341131105', '', '', '1'),
(20, 'lucy', 'lucy', 'e10adc3949ba59abbe56e057f20f883e', '2', '4', '1341131139', '', '', '1'),
(21, 'joyce', 'joyce', 'e10adc3949ba59abbe56e057f20f883e', '2', '4', '1341131162', '', '', '1'),
(22, 'ge', 'georges', 'c96a097941faaedcac396e03a83895e6', '4', '4', '1341478237', '', '', '0'),
(23, 'James Mburu', 'james', '1e2eb3b32b691eddb02f08e45809228b', '12', '4', '1341479516', '', '', '1');

-- --------------------------------------------------------

--
-- Table structure for table `user_right`
--

CREATE TABLE IF NOT EXISTS `user_right` (
  `id` int(10) NOT NULL AUTO_INCREMENT,
  `access_level` varchar(10) NOT NULL,
  `menu` varchar(10) NOT NULL,
  `access_type` varchar(10) NOT NULL,
  PRIMARY KEY (`id`)
) ENGINE=InnoDB  DEFAULT CHARSET=latin1 AUTO_INCREMENT=64 ;

--
-- Dumping data for table `user_right`
--

INSERT INTO `user_right` (`id`, `access_level`, `menu`, `access_type`) VALUES
(4, '2', '1', ''),
(9, '3', '7', ''),
(34, '7', '12', ''),
(37, '7', '14', ''),
(39, '7', '15', ''),
(41, '7', '17', ''),
(44, '3', '10', ''),
(45, '7', '13', ''),
(46, '7', '21', ''),
(47, '7', '3', ''),
(48, '5', '22', ''),
(52, '6', '25', ''),
(53, '6', '11', ''),
(54, '2', '26', ''),
(55, '2', '13', ''),
(56, '8', '26', ''),
(57, '9', '26', ''),
(58, '10', '26', ''),
(59, '11', '26', ''),
(60, '7', '26', ''),
(61, '7', '11', ''),
(62, '7', '27', ''),
(63, '7', '28', '');

-- --------------------------------------------------------

--
-- Table structure for table `village`
--

CREATE TABLE IF NOT EXISTS `village` (
  `id` int(10) NOT NULL AUTO_INCREMENT,
  `name` varchar(100) NOT NULL,
  `ward` varchar(10) NOT NULL,
  `deleted` varchar(2) NOT NULL DEFAULT '0',
  PRIMARY KEY (`id`)
) ENGINE=InnoDB  DEFAULT CHARSET=latin1 AUTO_INCREMENT=539 ;

--
-- Dumping data for table `village`
--

INSERT INTO `village` (`id`, `name`, `ward`, `deleted`) VALUES
(1, ' Ng''wang''wali ', '1', '0'),
(2, 'B/mhala ', '86', '0'),
(3, 'Badugu ', '87', '0'),
(4, 'Balili ', '48', '0'),
(5, 'Banemhi ', '2', '0'),
(6, 'Bigegu', '49', '0'),
(7, 'Bipai ', '1', '0'),
(8, 'Bitaraguru ', '50', '0'),
(9, 'Bubale', '3', '0'),
(10, 'Bubinza ', '104', '0'),
(11, 'Budekwa ', '115', '0'),
(12, 'Bugarama ', '116', '0'),
(13, 'Bugatu', '88', '0'),
(14, 'Bugembe', '151', '0'),
(15, 'Bugoji', '51', '0'),
(16, 'Bugwema', '52', '0'),
(17, 'Buhumbi', '89', '0'),
(18, 'Buhumbi nyashoshi ', '89', '0'),
(19, 'Buhungukila ', '116', '0'),
(20, 'Bujingwa ', '152', '0'),
(21, 'Bukingwamize ', '25', '0'),
(22, 'Bukole', '53', '0'),
(23, 'Bulekela ', '105', '0'),
(24, 'Bulendanife ', '54', '0'),
(25, 'Bulolambeshi ', '26', '0'),
(26, 'Bulolambeshi ', '27', '0'),
(27, 'Bumera ', '27', '0'),
(28, 'Bunamhala ', '4', '0'),
(29, 'Bunamhala Mbugani', '28', '0'),
(30, 'Bupandagila ', '5', '0'),
(31, 'Busami ', '87', '0'),
(32, 'Bushashi ', '117', '0'),
(33, 'Bushitala ', '116', '0'),
(34, 'Buyubi', '118', '0'),
(35, 'Buzinza', '105', '0'),
(36, 'Byuna ', '2', '0'),
(37, 'Chabutwa', '90', '0'),
(38, 'Chamgasa', '86', '0'),
(39, 'Chandulu ', '88', '0'),
(40, 'Changuge ', '55', '0'),
(41, 'Chinamili ', '29', '0'),
(42, 'Chingurubila', '56', '0'),
(43, 'Chirorwe', '57', '0'),
(44, 'Chuingambuli ', '119', '0'),
(45, 'Chungu ', '3', '0'),
(46, 'Dasina ', '30', '0'),
(47, 'Ditima ', '6', '0'),
(48, 'Dodoma ', '118', '0'),
(49, 'Funika ', '120', '0'),
(50, 'Gambasingu', '30', '0'),
(51, 'Gambosi ', '7', '0'),
(52, 'Gasuma ', '8', '0'),
(53, 'Gaswa ', '31', '0'),
(54, 'Gibeshi ', '8', '0'),
(55, 'Gilya ', '9', '0'),
(56, 'Gimagi ', '106', '0'),
(57, 'Gininiga ', '91', '0'),
(58, 'Gininiga ', '92', '0'),
(59, 'Giriku ', '4', '0'),
(60, 'Guduwi ', '6', '0'),
(61, 'Gusuhi ', '58', '0'),
(62, 'Guta', '59', '0'),
(63, 'Habiya ', '27', '0'),
(64, 'Halawa ', '10', '0'),
(65, 'Hunyari ', '60', '0'),
(66, 'Huruzale ', '61', '0'),
(67, 'Iboja ', '107', '0'),
(68, 'Ibulyu ', '11', '0'),
(69, 'Igaga ''b''', '108', '0'),
(70, 'Igegu', '12', '0'),
(71, 'Igombe ', '137', '0'),
(72, 'Igombe ', '93', '0'),
(73, 'Igumagobo ', '121', '0'),
(74, 'Igundu ', '54', '0'),
(75, 'Iharara', '62', '0'),
(76, 'Ihusi', '13', '0'),
(77, 'Ikinabushu ', '9', '0'),
(78, 'Ikindilo', '32', '0'),
(79, 'Ikungu', '122', '0'),
(80, 'Ikungulyabashashi', '14', '0'),
(81, 'Ikungulyambeshi', '15', '0'),
(82, 'Ikungulyandili', '2', '0'),
(83, 'Ilamba mbasa', '123', '0'),
(84, 'Ilumya', '109', '0'),
(85, 'Imalamate ', '92', '0'),
(86, 'Imalilo ', '4', '0'),
(87, 'Inonelwa ', '137', '0'),
(88, 'Ipililo ', '117', '0'),
(89, 'Isagala ', '152', '0'),
(90, 'Isagenghe ', '124', '0'),
(91, 'Isagijo ', '138', '0'),
(92, 'Isakang''wale ', '28', '0'),
(93, 'Isanga ', '16', '0'),
(94, 'Iseng''wa ', '34', '0'),
(95, 'Isengwa ', '33', '0'),
(96, 'Isolo ', '94', '0'),
(97, 'Itiilima ', '28', '0'),
(98, 'Itije ', '139', '0'),
(99, 'Itubilo ', '35', '0'),
(100, 'Iwelimo', '125', '0'),
(101, 'Jija', '126', '0'),
(102, 'Jilago ', '123', '0'),
(103, 'Jinjimili', '95', '0'),
(104, 'Jisesa ', '92', '0'),
(105, 'Jojiro', '153', '0'),
(106, 'Kabale ', '94', '0'),
(107, 'Kabale ', '95', '0'),
(108, 'Kabale mlimani ', '25', '0'),
(109, 'Kabasa', '50', '0'),
(110, 'Kabila ', '93', '0'),
(111, 'Kabulabura', '51', '0'),
(112, 'Kadashi ', '154', '0'),
(113, 'Kalemela', '96', '0'),
(114, 'Kamkenga', '63', '0'),
(115, 'Kangetutya ', '63', '0'),
(116, 'Karukekere ', '56', '0'),
(117, 'Kashishi ', '25', '0'),
(118, 'Kasoli ', '17', '0'),
(119, 'Kasuguti ', '64', '0'),
(120, 'Kayeze ', '93', '0'),
(121, 'Kemgesi ', '65', '0'),
(122, 'Kibainja ', '64', '0'),
(123, 'Kibitilwa', '155', '0'),
(124, 'Kidabu', '127', '0'),
(125, 'Kidaganda ', '121', '0'),
(126, 'Kidalimanda', '4', '0'),
(127, 'Kidinda ', '18', '0'),
(128, 'Kihumbi ', '60', '0'),
(129, 'Kijereshi', '90', '0'),
(130, 'Kilalo ', '15', '0'),
(131, 'Kiloleli', '109', '0'),
(132, 'Kiloli ', '115', '0'),
(133, 'Kilugala ', '36', '0'),
(134, 'Kilulu', '4', '0'),
(135, 'Kimali ', '28', '0'),
(136, 'Kinampanda ', '110', '0'),
(137, 'Kinangweli', '33', '0'),
(138, 'Kinyambwinga', '66', '0'),
(139, 'Kiroreli', '67', '0'),
(140, 'Kisangwa ', '55', '0'),
(141, 'Kisesa', '111', '0'),
(142, 'Kitaramaka', '68', '0'),
(143, 'Kitembere ', '69', '0'),
(144, 'Kitongo ', '89', '0'),
(145, 'Kitunga ', '156', '0'),
(146, 'Kiwasi ', '63', '0'),
(147, 'Kizungu ', '128', '0'),
(148, 'Kono', '70', '0'),
(149, 'Kunanga', '66', '0'),
(150, 'Kung''ombe ', '50', '0'),
(151, 'Kunzugu', '53', '0'),
(152, 'Kurusanga ', '71', '0'),
(153, 'Kurwaki', '72', '0'),
(154, 'Kwiguti', '73', '0'),
(155, 'Kyandege ', '74', '0'),
(156, 'Lagana ', '112', '0'),
(157, 'Lagangabilili ', '34', '0'),
(158, 'Lalago ', '129', '0'),
(159, 'Lalang''ombe ', '33', '0'),
(160, 'Ligamba', '68', '0'),
(161, 'Lingeka', '140', '0'),
(162, 'Longalombogo', '37', '0'),
(163, 'lubaga', '113', '0'),
(164, 'Lubiga ', '138', '0'),
(165, 'Lubugu ', '97', '0'),
(166, 'Luguru ', '35', '0'),
(167, 'Luguya', '114', '0'),
(168, 'Luhala', '157', '0'),
(169, 'Lulayu ', '14', '0'),
(170, 'Lumeji ', '89', '0'),
(171, 'Lutubiga', '98', '0'),
(172, 'Lwangwe', '99', '0'),
(173, 'Mabui', '75', '0'),
(174, 'Maburi ', '58', '0'),
(175, 'Machimweru ', '76', '0'),
(176, 'Mahaha', '4', '0'),
(177, 'mahembe', '38', '0'),
(178, 'Majahida ', '16', '0'),
(179, 'Malita', '130', '0'),
(180, 'Malwilo (M)', '141', '0'),
(181, 'Malya ', '156', '0'),
(182, 'Manala ', '87', '0'),
(183, 'Mandela ', '131', '0'),
(184, 'Maneke', '77', '0'),
(185, 'Mangu ', '106', '0'),
(186, 'Marambeka ', '49', '0'),
(187, 'Marigisu', '158', '0'),
(188, 'Mariwanda ', '60', '0'),
(189, 'Masanga ', '105', '0'),
(190, 'Masela ', '132', '0'),
(191, 'Masewa ', '12', '0'),
(192, 'Masinono', '52', '0'),
(193, 'Matale', '1', '0'),
(194, 'Matongo ', '19', '0'),
(195, 'Mayani', '78', '0'),
(196, 'Mbalagane ', '138', '0'),
(197, 'Mbiti', '20', '0'),
(198, 'Mbiti ''B''', '20', '0'),
(199, 'Mbogo ', '39', '0'),
(200, 'Mbugani ', '6', '0'),
(201, 'Mcharo ', '55', '0'),
(202, 'Mhango ', '20', '0'),
(203, 'Mhulya', '159', '0'),
(204, 'Mhunze ', '40', '0'),
(205, 'Migato ', '37', '0'),
(206, 'Mihale', '55', '0'),
(207, 'Mihama ', '112', '0'),
(208, 'Mihingo', '76', '0'),
(209, 'Mingongwa ', '141', '0'),
(210, 'Misisi', '68', '0'),
(211, 'Miswaki', '7', '0'),
(212, 'Mitobo ', '34', '0'),
(213, 'Mitobo ', '41', '0'),
(214, 'Mizwale', '87', '0'),
(215, 'Mkula', '90', '0'),
(216, 'Mkuyuni ', '14', '0'),
(217, 'Mlimani ', '25', '0'),
(218, 'Monuna ', '58', '0'),
(219, 'Mosongo ', '79', '0'),
(220, 'Mpumla', '160', '0'),
(221, 'Msanja', '75', '0'),
(222, 'Mugeta', '74', '0'),
(223, 'Muhoji', '52', '0'),
(224, 'Muranda', '56', '0'),
(225, 'Mwabadimu ', '3', '0'),
(226, 'mwabagalu', '127', '0'),
(227, 'Mwabaraturu ', '158', '0'),
(228, 'Mwabayanda ', '133', '0'),
(229, 'Mwabayanda ', '134', '0'),
(230, 'Mwabijose ', '86', '0'),
(231, 'Mwabomba ', '131', '0'),
(232, 'Mwabomba', '161', '0'),
(233, 'Mwabujiku', '130', '0'),
(234, 'Mwabuki ', '32', '0'),
(235, 'Mwabulenga', '88', '0'),
(236, 'Mwabuyunge', '36', '0'),
(237, 'Mwafuguji ', '142', '0'),
(238, 'Mwafumbuka ', '121', '0'),
(239, 'Mwagayi ', '139', '0'),
(240, 'Mwagindi ', '100', '0'),
(241, 'Mwagwissu', '135', '0'),
(242, 'Mwahengele', '127', '0'),
(243, 'Mwainuzi ', '35', '0'),
(244, 'Mwajidalala ', '105', '0'),
(245, 'Mwajidalala ', '143', '0'),
(246, 'Mwakabeya ', '117', '0'),
(247, 'Mwakaluba ', '137', '0'),
(248, 'Mwakasumbi ', '144', '0'),
(249, 'Mwakatale', '41', '0'),
(250, 'Mwakibuga ', '1', '0'),
(251, 'Mwakibuga ', '5', '0'),
(252, 'Mwakidinga ', '119', '0'),
(253, 'Mwakidinga ', '129', '0'),
(254, 'Mwakiloba ', '98', '0'),
(255, 'Mwakipoya ', '107', '0'),
(256, 'Mwakipugila ', '139', '0'),
(257, 'Mwakisandu ', '145', '0'),
(258, 'Mwakuzuka ', '15', '0'),
(259, 'Mwalata', '106', '0'),
(260, 'Mwalushu ', '42', '0'),
(261, 'Mwamabanza', '101', '0'),
(262, 'Mwamagigisi', '102', '0'),
(263, 'Mwamajila ', '162', '0'),
(264, 'Mwamakili ', '39', '0'),
(265, 'Mwamalasa', '110', '0'),
(266, 'Mwamanenge ', '125', '0'),
(267, 'Mwamanyangu ', '42', '0'),
(268, 'Mwamapalala', '43', '0'),
(269, 'Mwamashele ', '104', '0'),
(270, 'Mwamashimba ', '110', '0'),
(271, 'Mwamashindike ', '115', '0'),
(272, 'Mwamgesha ', '32', '0'),
(273, 'Mwamigagani ', '42', '0'),
(274, 'Mwamigongwa', '91', '0'),
(275, 'Mwamishali', '146', '0'),
(276, 'Mwamishenu ', '36', '0'),
(277, 'Mwamlapa ', '17', '0'),
(278, 'Mwamoto', '3', '0'),
(279, 'Mwampula', '160', '0'),
(280, 'Mwamtani ', '39', '0'),
(281, 'Mwamunhu ', '43', '0'),
(282, 'Mwanasubi ', '39', '0'),
(283, 'Mwandama ', '12', '0'),
(284, 'Mwandoma', '110', '0'),
(285, 'Mwandu itije ', '138', '0'),
(286, 'Mwandu kisesa', '147', '0'),
(287, 'Mwandulu ', '27', '0'),
(288, 'Mwandulu ', '44', '0'),
(289, 'Mwanduru ', '112', '0'),
(290, 'Mwangholo ', '125', '0'),
(291, 'Mwangngo ', '107', '0'),
(292, 'Mwaniga', '87', '0'),
(293, 'Mwanindwa', '148', '0'),
(294, 'Mwanjulila', '102', '0'),
(295, 'Mwankuba', '163', '0'),
(296, 'Mwantimba ', '12', '0'),
(297, 'Mwantimba ', '19', '0'),
(298, 'Mwanulu ', '113', '0'),
(299, 'Mwanundi ', '131', '0'),
(300, 'Mwanunui ', '42', '0'),
(301, 'Mwanzoya ', '11', '0'),
(302, 'Mwanzugi ', '149', '0'),
(303, 'Mwasamba', '98', '0'),
(304, 'Mwasayi ', '132', '0'),
(305, 'Mwashata ', '144', '0'),
(306, 'Mwashegeshi ', '119', '0'),
(307, 'Mwashepi ', '93', '0'),
(308, 'Mwasinasi ', '13', '0'),
(309, 'Mwasubuya ', '7', '0'),
(310, 'Mwasungura ', '139', '0'),
(311, 'Mwaswale', '21', '0'),
(312, 'Mwauchumu', '9', '0'),
(313, 'Mwaukoli', '147', '0'),
(314, 'Mwazimbi', '27', '0'),
(315, 'Mwgului', '1', '0'),
(316, 'Mwibagi', '80', '0'),
(317, 'Mwiruruma ', '81', '0'),
(318, 'Namalebe', '82', '0'),
(319, 'Namhula ', '56', '0'),
(320, 'Nangale ', '45', '0'),
(321, 'Nangale ', '46', '0'),
(322, 'Ndololeji ', '106', '0'),
(323, 'Ndugalu ', '93', '0'),
(324, 'Nduha ', '17', '0'),
(325, 'Neruma ', '61', '0'),
(326, 'Ng''hami', '136', '0'),
(327, 'Ng''haya', '88', '0'),
(328, 'Ng''hesha ', '34', '0'),
(329, 'Ng''hoboko', '142', '0'),
(330, 'Ng''homango ', '42', '0'),
(331, 'Ng''wabomba', '164', '0'),
(332, 'Ng''wanghalanga ', '105', '0'),
(333, 'Ng''wanyitanga', '46', '0'),
(334, 'Ng''waswenghele ', '165', '0'),
(335, 'Ngalla ', '22', '0'),
(336, 'Ngeme ', '43', '0'),
(337, 'Nghalita ', '19', '0'),
(338, 'Ngongote ', '20', '0'),
(339, 'Ngulyati ', '22', '0'),
(340, 'Ngunga ', '91', '0'),
(341, 'Ngwalali ', '47', '0'),
(342, 'Ngwangwenge ', '92', '0'),
(343, 'Nhobola', '93', '0'),
(344, 'Nhobora ', '36', '0'),
(345, 'Nkindwabiye ', '10', '0'),
(346, 'Nkollo itilima ', '43', '0'),
(347, 'Nkololo', '3', '0'),
(348, 'Nkoma ', '30', '0'),
(349, 'Nkuli ', '6', '0'),
(350, 'Ntenga ', '32', '0'),
(351, 'Ntobo ', '147', '0'),
(352, 'Nyakabindi ', '5', '0'),
(353, 'Nyakiswa', '80', '0'),
(354, 'Nyamahanga ', '103', '0'),
(355, 'Nyamalapa', '28', '0'),
(356, 'Nyamatala', '166', '0'),
(357, 'Nyamatembe ', '99', '0'),
(358, 'Nyamatoke', '55', '0'),
(359, 'Nyamatoke ', '79', '0'),
(360, 'Nyambono', '51', '0'),
(361, 'Nyambureti ', '58', '0'),
(362, 'Nyamikoma ', '12', '0'),
(363, 'Nyamisagusa ', '15', '0'),
(364, 'Nyamuswa ', '7', '0'),
(365, 'Nyang''hanga', '89', '0'),
(366, 'Nyang''ombe', '32', '0'),
(367, 'Nyangaranga ', '74', '0'),
(368, 'Nyangere', '67', '0'),
(369, 'Nyanghanga ', '89', '0'),
(370, 'Nyangokolwa', '1', '0'),
(371, 'Nyanguge ', '22', '0'),
(372, 'Nyankomogo ', '69', '0'),
(373, 'Nyanza ', '137', '0'),
(374, 'Nyasana ', '50', '0'),
(375, 'Nyasato', '95', '0'),
(376, 'Nyashana', '165', '0'),
(377, 'Nyasura', '83', '0'),
(378, 'Nyaumata ', '23', '0'),
(379, 'Nyiberekera ', '62', '0'),
(380, 'Nzanza ', '150', '0'),
(381, 'Old maswa', '5', '0'),
(382, 'Pugu ', '11', '0'),
(383, 'Ragata', '64', '0'),
(384, 'Rakana ', '74', '0'),
(385, 'Rigisha ', '69', '0'),
(386, 'Rwabu ', '63', '0'),
(387, 'Sagata ', '31', '0'),
(388, 'Sakasaka ', '141', '0'),
(389, 'Sakwe ', '11', '0'),
(390, 'Salalia ', '19', '0'),
(391, 'Salama', '88', '0'),
(392, 'Salama ''A''', '71', '0'),
(393, 'Sanga ', '92', '0'),
(394, 'Sanungu', '18', '0'),
(395, 'Sanzate', '74', '0'),
(396, 'Sapiwi ', '12', '0'),
(397, 'Saragana', '51', '0'),
(398, 'Sarawe', '84', '0'),
(399, 'Sasago ', '25', '0'),
(400, 'Sayaka ', '97', '0'),
(401, 'Sazira', '68', '0'),
(402, 'Seka', '85', '0'),
(403, 'Semu ', '139', '0'),
(404, 'Senani', '123', '0'),
(405, 'Senani ', '29', '0'),
(406, 'Sengerema ', '24', '0'),
(407, 'Sengwa ', '131', '0'),
(408, 'Shagihilu ', '106', '0'),
(409, 'Shanwa ', '136', '0'),
(410, 'Shigala ', '99', '0'),
(411, 'Shimbale ', '20', '0'),
(412, 'Shishani ', '37', '0'),
(413, 'Shishani', '94', '0'),
(414, 'Singisi ', '62', '0'),
(415, 'Solong''we', '101', '0'),
(416, 'Solowe', '163', '0'),
(417, 'Songambele ', '10', '0'),
(418, 'Songambele ', '117', '0'),
(419, 'Sumaha', '152', '0'),
(420, 'Sunzura ', '44', '0'),
(421, 'Tagawi ', '36', '0'),
(422, 'Talaga ', '156', '0'),
(423, 'Tamanu ', '121', '0'),
(424, 'Tegeruka', '78', '0'),
(425, 'Wagete ', '69', '0'),
(426, 'Wala ', '5', '0'),
(427, 'Wanyale', '57', '0'),
(428, 'Wayi ', '165', '0'),
(429, 'Wigelekelo ', '132', '0'),
(430, 'Yeya ', '6', '0'),
(431, 'Zanzui ', '25', '0'),
(432, 'Zebeya ', '123', '0'),
(433, 'Wimate', '111', '0'),
(434, 'Somanda', '30', '0'),
(435, 'Sola', '132', '0'),
(436, 'Sima', '44', '0'),
(437, 'Sima', '46', '0'),
(438, 'Salunda', '31', '0'),
(439, 'Salanga', '55', '0'),
(440, 'Salanga', '81', '0'),
(441, 'Salalilya', '19', '0'),
(442, 'Sakasaka B', '149', '0'),
(443, 'Sagida', '30', '0'),
(444, 'Rebu', '70', '0'),
(445, 'Nyasosi', '22', '0'),
(446, 'Nyashimba M', '131', '0'),
(447, 'Nyaruhande', '97', '0'),
(448, 'Nyamswa', '40', '0'),
(449, 'Nyamswa', '174', '0'),
(450, 'Nyamakokoto', '58', '0'),
(451, 'Nyamagogota', '78', '0'),
(452, 'Nyatako', '163', '0'),
(453, 'Nkuzungu', '99', '0'),
(454, 'Nkuzuku', '171', '0'),
(455, 'Nkuzuku', '85', '0'),
(456, 'Nguno', '34', '0'),
(457, 'Ngulu Matare', '72', '0'),
(458, 'Nguliguli', '136', '0'),
(459, 'Nghoboko', '137', '0'),
(460, 'Ngasamo', '99', '0'),
(461, 'Ng''washepi', '89', '0'),
(462, 'Ng''wang''wali', '1', '0'),
(463, 'Ng''walali', '21', '0'),
(464, 'Ng''wabasabi', '41', '0'),
(465, 'Ng''hesha Itilima', '44', '0'),
(466, 'Ng''alita', '19', '0'),
(467, 'Nding''ho', '21', '0'),
(468, 'Nanga', '29', '0'),
(469, 'Mwang''holo', '123', '0'),
(470, 'Mwang''haranga', '105', '0'),
(471, 'Mwandamo', '31', '0'),
(472, 'Mwamwita', '30', '0'),
(473, 'Mwamungesha', '32', '0'),
(474, 'Mwamnemha', '44', '0'),
(475, 'Mwamjulila', '90', '0'),
(476, 'Mwamihanza', '129', '0'),
(477, 'Mwamadulu', '112', '0'),
(478, 'Mwakilalo', '1', '0'),
(479, 'Mwagimagi', '33', '0'),
(480, 'Mwadila', '130', '0'),
(481, 'Mwabasabi', '34', '0'),
(482, 'Mwabaga', '30', '0'),
(483, 'Micharo', '55', '0'),
(484, 'Mbisso', '70', '0'),
(485, 'Masingo', '167', '0'),
(486, 'Masanwa', '184', '0'),
(487, 'Masaniaka', '175', '0'),
(488, 'Mangangombe ', '132', '0'),
(489, 'Manchimeru', '74', '0'),
(490, 'Malili', '90', '0'),
(491, 'Maligisu', '154', '0'),
(492, 'Malambo', '9', '0'),
(493, 'Makundusi', '173', '0'),
(494, 'Majendo', '66', '0'),
(495, 'Majaida', '146', '0'),
(496, 'Lurugu', '104', '0'),
(497, 'Lungwa', '174', '0'),
(498, 'Lugulu', '46', '0'),
(499, 'Lugulu', '124', '0'),
(500, 'Liganga', '102', '0'),
(501, 'Ligamba', '150', '0'),
(502, 'Lamadi', '92', '0'),
(503, 'Lamadi', '40', '0'),
(504, 'Kwikerege', '187', '0'),
(505, 'Kitembele', '58', '0'),
(506, 'Kirimu', '54', '0'),
(507, 'Kilabela', '124', '0'),
(508, 'Kilabela', '137', '0'),
(509, 'Kenkombyo', '61', '0'),
(510, 'Kayenze B', '170', '0'),
(511, 'Kamyono', '178', '0'),
(512, 'Kabarimi', '70', '0'),
(513, 'Kabarimi', '106', '0'),
(514, 'Izunya', '23', '0'),
(515, 'Isulilo', '133', '0'),
(516, 'Inalo', '107', '0'),
(517, 'Inalo', '35', '0'),
(518, 'Inalo', '138', '0'),
(519, 'Ihayabuyaga', '94', '0'),
(520, 'Igunya', '126', '0'),
(521, 'Idoselo', '43', '0'),
(522, 'Chinyambigwe', '168', '0'),
(523, 'Busese', '17', '0'),
(524, 'Bunda Stool', '185', '0'),
(525, 'Bunda Stool', '179', '0'),
(526, 'Bunda Stool', '63', '0'),
(527, 'Bunda Stool', '58', '0'),
(528, 'Bunda Mjini', '79', '0'),
(529, 'Bunda Kati', '61', '0'),
(530, 'Bukingwaminzi', '25', '0'),
(531, 'Budalabujiga', '41', '0'),
(532, 'Belekela', '107', '0'),
(533, 'Bariadi Mjini', '10', '0'),
(534, 'Azimio', '62', '0'),
(535, 'Isagala', '38', '0'),
(536, 'Nyakato', '163', '0'),
(537, 'Senani', '126', '0'),
(538, 'Shishani', '88', '0');

-- --------------------------------------------------------

--
-- Table structure for table `ward`
--

CREATE TABLE IF NOT EXISTS `ward` (
  `id` int(10) NOT NULL AUTO_INCREMENT,
  `name` varchar(100) NOT NULL,
  `region` varchar(10) NOT NULL,
  `deleted` varchar(2) NOT NULL DEFAULT '0',
  PRIMARY KEY (`id`)
) ENGINE=InnoDB  DEFAULT CHARSET=latin1 AUTO_INCREMENT=191 ;

--
-- Dumping data for table `ward`
--

INSERT INTO `ward` (`id`, `name`, `region`, `deleted`) VALUES
(1, 'Nyangokolwa ', '1', '0'),
(2, 'Mwadobana ', '1', '0'),
(3, 'Nkololo', '1', '0'),
(4, 'Bunamhala ', '1', '0'),
(5, 'Nyakabindi ', '1', '0'),
(6, 'Guduwi', '1', '0'),
(7, 'Gambosi ', '1', '0'),
(8, 'Mwaubingi ', '1', '0'),
(9, 'Gilya ', '1', '0'),
(10, 'Nkindwabiye ', '1', '0'),
(11, 'Sakwe ', '1', '0'),
(12, 'Sapiwi', '1', '0'),
(13, 'Mwaumatondo ', '1', '0'),
(14, 'Ikungulyabashashi', '1', '0'),
(15, 'Kilalo', '1', '0'),
(16, 'Isanga ', '1', '0'),
(17, 'Kasoli ', '1', '0'),
(18, 'Bariadi ', '1', '0'),
(19, 'Matongo ', '1', '0'),
(20, 'Mhango', '1', '0'),
(21, 'Mwaswale', '1', '0'),
(22, 'Ngulyati ', '1', '0'),
(23, 'Somanda ', '1', '0'),
(24, 'Dutwa ', '1', '0'),
(25, 'Zagayu ', '2', '0'),
(26, 'Bumere ', '2', '0'),
(27, 'Bumera ', '2', '0'),
(28, 'Nyamalapa ', '2', '0'),
(29, 'Chinamili ', '2', '0'),
(30, 'Nkoma', '2', '0'),
(31, 'Sagata', '2', '0'),
(32, 'Ikindilo ', '2', '0'),
(33, 'Kinangweli ', '2', '0'),
(34, 'Lagangabilili ', '2', '0'),
(35, 'Luguru ', '2', '0'),
(36, 'Nhobora ', '2', '0'),
(37, 'Migato', '2', '0'),
(38, 'Sawida', '2', '0'),
(39, 'Mwamtani ', '2', '0'),
(40, 'Mhunze ', '2', '0'),
(41, 'Budalabujiga ', '2', '0'),
(42, 'Mwalushu ', '2', '0'),
(43, 'Mwamapalala', '2', '0'),
(44, 'Mbita ', '2', '0'),
(45, 'Kanadi ', '2', '0'),
(46, 'Ndololeji ', '2', '0'),
(47, 'Ngwaswale', '2', '0'),
(48, 'Balili ', '3', '0'),
(49, 'Ketare ', '3', '0'),
(50, 'Kabasa', '3', '0'),
(51, 'Nyambono', '3', '0'),
(52, 'Bugwema', '3', '0'),
(53, 'Kunzugu', '3', '0'),
(54, 'Igundu ', '3', '0'),
(55, 'Mcharo', '3', '0'),
(56, 'Namhula', '3', '0'),
(57, 'Suguti', '3', '0'),
(58, 'Nyambureti', '3', '0'),
(59, 'Guta ''b''', '3', '0'),
(60, 'Hunyari ', '3', '0'),
(61, 'Neruma ', '3', '0'),
(62, 'Issenye ', '3', '0'),
(63, 'Wariku', '3', '0'),
(64, 'Kasuguti ', '3', '0'),
(65, 'Inyentero ', '3', '0'),
(66, 'Guta', '3', '0'),
(67, 'Nyamaguta', '3', '0'),
(68, 'Sazira', '3', '0'),
(69, 'Rigisha ', '3', '0'),
(70, 'Natta', '3', '0'),
(71, 'Salama ', '3', '0'),
(72, 'Mugango ', '3', '0'),
(73, 'Masaba', '3', '0'),
(74, 'Mugeta', '3', '0'),
(75, 'Murangi', '3', '0'),
(76, 'Mihingo ', '3', '0'),
(77, 'Busambara ', '3', '0'),
(78, 'Tegeruka', '3', '0'),
(79, 'Mosongo ', '3', '0'),
(80, 'Kyanyari', '3', '0'),
(81, 'Iramba ', '3', '0'),
(82, 'Chitengule', '3', '0'),
(83, 'Bunda ', '3', '0'),
(84, 'Nyamanguta', '3', '0'),
(85, 'Nyamrandira', '3', '0'),
(86, 'Kalemela   ', '4', '0'),
(87, 'Badugu', '4', '0'),
(88, 'Ng''haya', '4', '0'),
(89, 'Sukuma ', '4', '0'),
(90, 'Mkula', '4', '0'),
(91, 'Malili ', '4', '0'),
(92, 'Ngasamo ', '4', '0'),
(93, 'Nkungulu ', '4', '0'),
(94, 'Shishani ', '4', '0'),
(95, 'Jinjimili', '4', '0'),
(96, 'Kalemela/kabita', '4', '0'),
(97, 'Lubugu ', '4', '0'),
(98, 'Lutubiga', '4', '0'),
(99, 'Shigala', '4', '0'),
(100, 'Nyaluhande ', '4', '0'),
(101, 'Mwamabanza', '4', '0'),
(102, 'Igalukilo', '4', '0'),
(103, 'Kahangala ', '4', '0'),
(104, 'Mwamashele', '5', '0'),
(105, 'Masanga ', '5', '0'),
(106, 'Shagihilu ', '5', '0'),
(107, 'Mwakipoya ', '5', '0'),
(108, 'Uchunga ', '5', '0'),
(109, 'Kiloleli', '5', '0'),
(110, 'Mwamalasa ', '5', '0'),
(111, 'Somagedi', '5', '0'),
(112, 'Lagana ', '5', '0'),
(113, 'Kishapu ', '5', '0'),
(114, 'Talaga', '5', '0'),
(115, 'Budekwa ', '6', '0'),
(116, 'Busilili ', '6', '0'),
(117, 'Ipililo ', '6', '0'),
(118, 'Mwamashimba ', '6', '0'),
(119, 'Nguliguli ', '6', '0'),
(120, 'Isanga ', '6', '0'),
(121, 'Mpindo ', '6', '0'),
(122, 'Badi', '6', '0'),
(123, 'Senani ', '6', '0'),
(124, 'Sukuma ', '6', '0'),
(125, 'Mwamanenge ', '6', '0'),
(126, 'Shishiyu', '6', '0'),
(127, 'Nyabunza', '6', '0'),
(128, 'Buchambi ', '6', '0'),
(129, 'Lalago', '6', '0'),
(130, 'Zanzui', '6', '0'),
(131, 'Sengwa ', '6', '0'),
(132, 'Masela ', '6', '0'),
(133, 'Kulimi ', '6', '0'),
(134, 'Ng''wing''wa', '6', '0'),
(135, 'Ilamata', '6', '0'),
(136, 'Nyalikungu ', '6', '0'),
(137, 'Mwandoya ', '7', '0'),
(138, 'Lubiga ', '7', '0'),
(139, 'Itinje', '7', '0'),
(140, 'Lingeka', '7', '0'),
(141, 'Sakasaka ', '7', '0'),
(142, 'Ng''hoboko', '7', '0'),
(143, 'Mwanyahina ', '7', '0'),
(144, 'Mwabuma ', '7', '0'),
(145, 'Mwakisandu ', '7', '0'),
(146, 'Mwamishali', '7', '0'),
(147, 'Kisesa ', '7', '0'),
(148, 'Mwakisadu', '7', '0'),
(149, 'Mwabuzo ', '7', '0'),
(150, 'Mwabusalu ', '7', '0'),
(151, 'Nyamilama', '8', '0'),
(152, 'Walla ', '8', '0'),
(153, 'Ng''hundi', '8', '0'),
(154, 'Maligisu', '8', '0'),
(155, 'Ilula', '8', '0'),
(156, 'Malya ', '8', '0'),
(157, 'Mwankulwe', '8', '0'),
(158, 'Marigisu', '8', '0'),
(159, 'Ng''ulla', '8', '0'),
(160, 'Mantare', '8', '0'),
(161, 'Mwabomba', '8', '0'),
(162, 'Mwagi ', '8', '0'),
(163, 'Nyambiti', '8', '0'),
(164, 'Ng''wabomba', '8', '0'),
(165, 'Iseni ', '8', '0'),
(166, 'Ngulla', '8', '0'),
(167, 'Uwanja wa Ndege', '3', '0'),
(168, 'Shigangama', '8', '0'),
(169, 'Rigicha', '3', '0'),
(170, 'Nyigogo', '4', '0'),
(171, 'Nyamuswa', '3', '0'),
(172, 'Nyamoko', '3', '0'),
(173, 'Nyakitono', '3', '0'),
(174, 'Nkuyu', '2', '0'),
(175, 'Ngudu', '8', '0'),
(176, 'Mwanhuzi', '7', '0'),
(177, 'Mwang''honoli', '6', '0'),
(178, 'Muriaza', '3', '0'),
(179, 'Mauchura', '3', '0'),
(180, 'Makojo', '3', '0'),
(181, 'Kyambahi', '3', '0'),
(182, 'Kiriba', '3', '0'),
(183, 'Ikoma', '3', '0'),
(184, 'Dakama', '6', '0'),
(185, 'Butimba', '3', '0'),
(186, 'Butambau', '3', '0'),
(187, 'Bukima', '3', '0'),
(188, 'Mpaka', '6', '0'),
(189, 'Kungulu', '4', '0'),
(190, 'Lumeji', '4', '0');

-- --------------------------------------------------------

--
-- Table structure for table `weighbridge`
--

CREATE TABLE IF NOT EXISTS `weighbridge` (
  `id` int(11) NOT NULL AUTO_INCREMENT,
  `vehicle_number` varchar(50) NOT NULL,
  `weighing_mode` varchar(5) NOT NULL,
  `weighing_type` varchar(5) NOT NULL,
  `charge_type` varchar(5) NOT NULL,
  `vehicle_type` varchar(5) NOT NULL,
  `buying_center_code` varchar(20) NOT NULL,
  `product_code` varchar(10) NOT NULL,
  `cell` text NOT NULL,
  `category` text NOT NULL,
  `containment` text NOT NULL,
  `transporter` varchar(50) NOT NULL,
  `destination` text NOT NULL,
  `udf_1` varchar(20) NOT NULL,
  `number_of_bags` varchar(10) NOT NULL,
  `conversion` text NOT NULL,
  `adjusted_first_weight` varchar(20) NOT NULL,
  `adjusted_second_weight` varchar(20) NOT NULL,
  `udf_6` varchar(20) NOT NULL,
  `udf_7` varchar(20) NOT NULL,
  `udf_8` varchar(20) NOT NULL,
  `station_id` text NOT NULL,
  `first_weight` varchar(20) NOT NULL,
  `first_weight_unit` varchar(10) NOT NULL,
  `first_weight_date` varchar(15) NOT NULL,
  `first_weight_time` varchar(10) NOT NULL,
  `first_weight_consec_no` varchar(10) NOT NULL,
  `first_weight_id` varchar(10) NOT NULL,
  `second_weight` varchar(20) NOT NULL,
  `second_weight_unit` varchar(10) NOT NULL,
  `second_weight_date` varchar(15) NOT NULL,
  `second_weight_time` varchar(10) NOT NULL,
  `second_weight_consec_no` varchar(10) NOT NULL,
  `second_weight_id` varchar(10) NOT NULL,
  `net_weight` varchar(20) NOT NULL,
  `adjusted_net_weight` varchar(20) NOT NULL,
  `transaction_date` varchar(15) NOT NULL,
  `transaction_time` varchar(10) NOT NULL,
  `ticket_number` varchar(20) NOT NULL,
  `transaction_number` varchar(20) NOT NULL,
  `total_charge` varchar(10) NOT NULL,
  `operator` varchar(10) NOT NULL,
  PRIMARY KEY (`id`),
  KEY `buying_center_code_index` (`buying_center_code`)
) ENGINE=InnoDB DEFAULT CHARSET=latin1 AUTO_INCREMENT=1 ;

/*!40101 SET CHARACTER_SET_CLIENT=@OLD_CHARACTER_SET_CLIENT */;
/*!40101 SET CHARACTER_SET_RESULTS=@OLD_CHARACTER_SET_RESULTS */;
/*!40101 SET COLLATION_CONNECTION=@OLD_COLLATION_CONNECTION */;
